Sample,Pred_b1,Pred_b2,Pred_b3,Pred_b4,GT_b1,GT_b2,GT_b3,GT_b4,Error_b1,Error_b2,Error_b3,Error_b4
0,0.42745038866996765,-0.4860503077507019,-0.40963757038116455,0.4613340497016907,0.3884918987751007,-0.47573259472846985,-0.4145776629447937,0.44964683055877686,0.0015177639348884497,0.00010645520200913694,2.440451453722403e-05,0.0001365910912944912
1,0.4274558126926422,-0.486055850982666,-0.4096294343471527,0.4613443613052368,0.39217689633369446,-0.47768211364746094,-0.41449224948883057,0.45536676049232483,0.0012446019394616314,7.011947695900744e-05,2.364697110213143e-05,3.573171147852605e-05
2,0.42748087644577026,-0.48610880970954895,-0.40960693359375,0.46140795946121216,0.39360660314559937,-0.4759593605995178,-0.4082110822200775,0.4613548815250397,0.001147466391614671,0.00010301131723711165,1.9484010573833643e-06,2.817267308330429e-09
3,0.4275260269641876,-0.48619571328163147,-0.40958136320114136,0.4615078568458557,0.3894612193107605,-0.48197081685066223,-0.40408238768577576,0.467349648475647,0.0014489295816924042,1.7849749852416608e-05,3.0238731718590373e-05,3.412652944589922e-05
4,0.4275287091732025,-0.48621344566345215,-0.40954917669296265,0.46154293417930603,0.3790361285209656,-0.4979943037033081,-0.4187696874141693,0.45826074481010437,0.0023515303783137043,0.00013878861615523874,8.501781795988705e-05,1.0772767055300392e-05
5,0.42753225564956665,-0.4862164855003357,-0.409518301486969,0.4615602493286133,0.38260966539382935,-0.49298521876335144,-0.41654783487319946,0.45904701948165894,0.0020180391152848642,4.58157499858558e-05,4.94143396281288e-05,6.316324263622164e-06
6,0.42754611372947693,-0.48622381687164307,-0.4095067083835602,0.461570143699646,0.3896397352218628,-0.4888189435005188,-0.40821194648742676,0.47024670243263245,0.0014368935315625109,6.7346822198999234e-06,1.6764083676790165e-06,7.528267144696343e-05
7,0.4275623857975006,-0.4862363040447235,-0.4094870686531067,0.4615907371044159,0.40392744541168213,-0.48054033517837524,-0.39755356311798096,0.4869142174720764,0.0005586104070411935,3.244406132640876e-05,0.0001424085543568765,0.0006412786579312879
8,0.4275660216808319,-0.4862411916255951,-0.409487247467041,0.46159619092941284,0.3997957408428192,-0.4886716306209564,-0.39346766471862793,0.4949997067451477,0.0007711884978220951,5.907033710172982e-06,0.00025662703143325416,0.0011157948688520491
9,0.42758655548095703,-0.48628002405166626,-0.4095003604888916,0.46162980794906616,0.391043484210968,-0.4974227845668793,-0.4001167416572571,0.4883495271205902,0.0013353960578434965,0.00012416111189939016,8.805230237740602e-05,0.0007139433926051098
10,0.427621066570282,-0.4863240122795105,-0.4095020294189453,0.46167176961898804,0.39149606227874756,-0.5036686062812805,-0.4025880694389343,0.49257659912109375,0.0013050159350633805,0.00030083494108623654,4.780284260519352e-05,0.0009551084865542236
11,0.4276446998119354,-0.48635879158973694,-0.40949979424476624,0.46170860528945923,0.38578638434410095,-0.5093379616737366,-0.41035905480384827,0.48476532101631165,0.0017521185738047507,0.0005280422577493837,7.383287083939649e-07,0.0005316121401088836
12,0.42771297693252563,-0.48649927973747253,-0.4094720184803009,0.46186259388923645,0.39261940121650696,-0.5060263872146606,-0.4056895971298218,0.4929561913013458,0.0012315590565359358,0.0003813079264256558,1.4306711272560335e-05,0.0009668118000263348
13,0.42773163318634033,-0.48651981353759766,-0.40945062041282654,0.46189388632774353,0.39929455518722534,-0.500450074672699,-0.39697402715682983,0.5027706027030945,0.0008086674051277498,0.00019405217529211427,0.00015566537927558244,0.0016709059416308847
14,0.4277595579624176,-0.4865584075450897,-0.4094274938106537,0.461944580078125,0.405491441488266,-0.4986039996147156,-0.3839685022830963,0.5201268792152405,0.0004958690113063824,0.00014509628830783328,0.0006481602496002381,0.0033851799328807886
15,0.42784157395362854,-0.4867350161075592,-0.4093793034553528,0.46214112639427185,0.4055417776107788,-0.5004057884216309,-0.3763343393802643,0.529613196849823,0.0004972809169325743,0.00018689001566318808,0.0010919696507238896,0.004552480291558858
16,0.42792367935180664,-0.4868822693824768,-0.4093173146247864,0.46232128143310547,0.3954066336154938,-0.5116272568702698,-0.3816142976284027,0.5254195928573608,0.0010573582634174628,0.0006123144057710306,0.0007674571507019223,0.003981396904592316
17,0.42796075344085693,-0.48692479729652405,-0.40926119685173035,0.4623910188674927,0.38819557428359985,-0.5208725333213806,-0.3936885893344879,0.5153795480728149,0.001581269473408753,0.0011524487812133444,0.0002425061048860755,0.0028077842273432907
18,0.4279988408088684,-0.4870162010192871,-0.4092199504375458,0.4625043570995331,0.3833830654621124,-0.5281417369842529,-0.3985358476638794,0.5129889249801636,0.001990567409792199,0.0016913097084056972,0.00011415005207826567,0.002548691594093988
19,0.42801785469055176,-0.48703083395957947,-0.4091489911079407,0.4625498354434967,0.38724133372306824,-0.5257023572921753,-0.39471355080604553,0.518230140209198,0.0016627246622116232,0.0014954867168635033,0.0002083819367095785,0.0031002963388013782
20,0.42803722620010376,-0.48703649640083313,-0.4090796411037445,0.4625858664512634,0.39145132899284363,-0.5246665477752686,-0.39126577973365784,0.5248520970344543,0.0013385278744602047,0.0014160207664426494,0.00031733365691266613,0.0038770834710391
21,0.42801913619041443,-0.4870024621486664,-0.4090645909309387,0.4625580310821533,0.3945065140724182,-0.5268576145172119,-0.39247235655784607,0.5288917422294617,0.0011230958412236092,0.0015884331703199805,0.0002753022414916373,0.00440016123457454
22,0.4280131161212921,-0.4869856834411621,-0.40906110405921936,0.462541788816452,0.39632850885391235,-0.5225400328636169,-0.3884827196598053,0.5303858518600464,0.0010039143376880943,0.0012641117628540144,0.00042346990449004807,0.004602816890263206
23,0.428047776222229,-0.48702266812324524,-0.40904197096824646,0.4625862240791321,0.399992972612381,-0.5237629413604736,-0.3883683979511261,0.5353875160217285,0.0007870720055871416,0.001349847677546201,0.0004273966212942071,0.005300028108511157
24,0.4280374348163605,-0.4870149791240692,-0.40903547406196594,0.46258339285850525,0.3959942162036896,-0.5288669466972351,-0.3882312476634979,0.5366299152374268,0.0010267678590594187,0.0017515871897453295,0.00043281583603871354,0.005482887476412124
25,0.4280639588832855,-0.48706066608428955,-0.40901684761047363,0.46263793110847473,0.38779211044311523,-0.5399177074432373,-0.391613632440567,0.5360962152481079,0.001621821776788046,0.0027938668212215134,0.00030287189825006777,0.005396119508739083
26,0.42808184027671814,-0.4870893657207489,-0.40900883078575134,0.46266990900039673,0.38134583830833435,-0.5483483076095581,-0.4063763916492462,0.5233176946640015,0.0021842538799887734,0.003752657961336503,6.929735807403858e-06,0.00367815390589854
27,0.428142786026001,-0.4871548116207123,-0.4090311527252197,0.462721586227417,0.3797290623188019,-0.5540902018547058,-0.41637349128723145,0.5174458026885986,0.002343888643197012,0.0044803464657769965,5.3909935559204314e-05,0.0029947398672902636
28,0.42817527055740356,-0.48721209168434143,-0.40904462337493896,0.4627743363380432,0.3941201865673065,-0.5399541258811951,-0.4096027910709381,0.5244715213775635,0.0011597487455725641,0.0027817221712220785,3.115511768569945e-07,0.003806542641800803
29,0.4282069206237793,-0.4872615337371826,-0.40905025601387024,0.4628196954727173,0.4068165421485901,-0.532889723777771,-0.40120700001716614,0.5384992361068726,0.00045754829131183783,0.0020819317263800485,6.151666462983485e-05,0.005727392870596759
30,0.42829304933547974,-0.4873861074447632,-0.4090583324432373,0.4629392623901367,0.4114072024822235,-0.5280289053916931,-0.3903895318508148,0.5490465760231018,0.0002851318239516232,0.0016518370249549719,0.00034852411555963414,0.007414469461085815
31,0.42832934856414795,-0.4874471127986908,-0.40906086564064026,0.4630025029182434,0.40292617678642273,-0.5361699461936951,-0.39537549018859863,0.5437206029891968,0.0006453211363686151,0.0023739144940373436,0.00018728950126334354,0.006515411679064442
32,0.4283706247806549,-0.48750728368759155,-0.40905240178108215,0.4630669951438904,0.400106817483902,-0.5420999526977539,-0.40029868483543396,0.5419080853462219,0.0007988428029079842,0.002980359509653141,7.662756036452834e-05,0.006215917504292179
33,0.4283727705478668,-0.48750337958335876,-0.4090389013290405,0.46306827664375305,0.40018388628959656,-0.5441064238548279,-0.40233272314071655,0.5419576168060303,0.0007946131957261571,0.0032039046207978927,4.4972825893552226e-05,0.006223527991239486
34,0.4284207820892334,-0.4875757396221161,-0.4090282618999481,0.46314671635627747,0.4048974812030792,-0.5446334481239319,-0.4032745957374573,0.5462563037872314,0.0005533456845805418,0.0032555820994781826,3.3104674309392124e-05,0.006907203522943384
35,0.42844173312187195,-0.48761284351348877,-0.40901854634284973,0.463188111782074,0.4017523229122162,-0.5533958077430725,-0.4079054594039917,0.5472426414489746,0.0007123246173392772,0.004327398382830694,1.2389625334563448e-06,0.007065163957523879
36,0.4284355640411377,-0.48760947585105896,-0.4090184271335602,0.46318596601486206,0.39736470580101013,-0.5602112412452698,-0.4151008725166321,0.5424750447273254,0.0009653982317781029,0.005271016338356027,3.6996141838052665e-05,0.006286758003071213
37,0.4284493327140808,-0.48762428760528564,-0.40901121497154236,0.46320271492004395,0.3932678699493408,-0.5604764223098755,-0.41286975145339966,0.5408745408058167,0.0012377353222667864,0.005307433531015704,1.4888303781823709e-05,0.006032912536429791
38,0.4284575879573822,-0.48763251304626465,-0.40900588035583496,0.46321263909339905,0.39963799715042114,-0.5491618514060974,-0.4057001769542694,0.5430996417999268,0.0008305688142806744,0.0037858594789987876,1.092767497912206e-05,0.006381933201432766
39,0.4284675717353821,-0.48764291405677795,-0.4090009331703186,0.46322619915008545,0.41540348529815674,-0.5358880162239075,-0.3907083570957184,0.5605831146240234,0.00017067035443929512,0.002327589883116765,0.0003346183394450364,0.009478368990599506
40,0.42848801612854004,-0.4876987040042877,-0.4089902639389038,0.46328625082969666,0.416311651468277,-0.5389052629470825,-0.387818843126297,0.5673980712890625,0.00014826385633970318,0.002622111678761918,0.00044822905922448086,0.010839271159363228
41,0.42849209904670715,-0.48770585656166077,-0.4089813828468323,0.4632994532585144,0.4098595380783081,-0.5489088892936707,-0.39296072721481323,0.5658077001571655,0.00034717232824110766,0.0037458112155954737,0.0002566614068797435,0.010507940682234818
42,0.4284990727901459,-0.487715482711792,-0.40897104144096375,0.4633137285709381,0.3886069059371948,-0.5733287334442139,-0.412163645029068,0.5497719645500183,0.0015913849762236865,0.007329628700972535,1.0192717670776119e-05,0.007475026568614318
43,0.4284627437591553,-0.48766446113586426,-0.4089553654193878,0.4632708728313446,0.38472893834114075,-0.5820617079734802,-0.4237558841705322,0.5430347919464111,0.0019126457363407567,0.008910840210521798,0.00021905535530297726,0.0063622827925948755
44,0.42845475673675537,-0.4876495599746704,-0.40894871950149536,0.46325773000717163,0.39530622959136963,-0.5774344205856323,-0.4209508001804352,0.5517898797988892,0.0010988248519083754,0.00806132119492986,0.00014404994062378051,0.00783794154674311
45,0.4284449517726898,-0.48762592673301697,-0.4089416563510895,0.4632360339164734,0.41385963559150696,-0.5543355941772461,-0.40095072984695435,0.5672445297241211,0.0002127314481050746,0.004450179730519643,6.385490639448932e-05,0.01081776720016947
46,0.42846745252609253,-0.4876368045806885,-0.4089837372303009,0.4632260501384735,0.42254799604415894,-0.538686215877533,-0.384517639875412,0.5767165422439575,3.503996504150564e-05,0.002606042393754393,0.0005985899197789024,0.012880091798344928
47,0.4284783899784088,-0.4876517355442047,-0.40899452567100525,0.4632357358932495,0.42150554060935974,-0.5386906266212463,-0.38345885276794434,0.5767372846603394,4.8620628323448045e-05,0.0026049684023741193,0.0006520705906121194,0.012882601572528074
48,0.42850834131240845,-0.48770788311958313,-0.40901055932044983,0.4632869362831116,0.41088828444480896,-0.5541583895683289,-0.401783287525177,0.5632633566856384,0.00031046640401743986,0.0044156698072947975,5.2233457602746114e-05,0.009995284636502788
49,0.4286072552204132,-0.48785215616226196,-0.40902382135391235,0.4634241759777069,0.4013500213623047,-0.5770253539085388,-0.42130449414253235,0.5570709109306335,0.0007429567975956175,0.007951859196296596,0.0001508149241411516,0.008769710967343691
50,0.42865610122680664,-0.48794451355934143,-0.4090335965156555,0.4635152816772461,0.3925683796405792,-0.5874963402748108,-0.4356457591056824,0.54441899061203,0.0013023236492850643,0.009910566202386839,0.0007082071977180249,0.006545410119404238
51,0.4287189841270447,-0.4880492389202118,-0.40902021527290344,0.4636261761188507,0.4072190821170807,-0.5732795000076294,-0.4175821840763092,0.5629163980484009,0.0004622457864380536,0.007264197405029371,7.330730979049349e-05,0.009858548170819326
52,0.42874112725257874,-0.4880733788013458,-0.4090133011341095,0.4636504650115967,0.4338257610797882,-0.5421354174613953,-0.39023834466934204,0.585722804069519,2.585350115680285e-05,0.00292270402408068,0.0003524989902539133,0.014901655963072358
53,0.4287271201610565,-0.4881003499031067,-0.40893545746803284,0.463718056678772,0.43805280327796936,-0.5330507755279541,-0.378993958234787,0.5921096205711365,8.696836559707322e-05,0.002020540763854939,0.0008964933763344618,0.016484393678727116
54,0.42875587940216064,-0.48809218406677246,-0.4088996946811676,0.4637225270271301,0.43236100673675537,-0.5411884784698486,-0.38680922985076904,0.586740255355835,1.2996943098642078e-05,0.002819216479338138,0.00048798863642307566,0.015133361483155028
55,0.42874088883399963,-0.48806530237197876,-0.4088810384273529,0.4637058675289154,0.4118555784225464,-0.5693508386611938,-0.41645851731300354,0.5647478699684143,0.0002851137076911314,0.006607338409825303,5.7418186262481186e-05,0.010209486256983702
56,0.42869994044303894,-0.487992525100708,-0.4088568091392517,0.46364638209342957,0.4042425751686096,-0.5801188945770264,-0.42621123790740967,0.5581502914428711,0.0005981627161668612,0.008487267952887123,0.0003011761978690686,0.008930988882327462
57,0.4287557601928711,-0.48806214332580566,-0.40887773036956787,0.4637024700641632,0.41038456559181213,-0.5764714479446411,-0.42084094882011414,0.5660150647163391,0.0003375007910699779,0.007816205143186039,0.00014311859569549057,0.010467867024460453
58,0.4287918210029602,-0.48810842633247375,-0.4089043438434601,0.4637340307235718,0.42048999667167664,-0.5661048889160156,-0.40591734647750854,0.5806775093078613,6.892028722749188e-05,0.006083448175545847,8.922153264201427e-06,0.013675777183394189
59,0.4288479685783386,-0.4881937503814697,-0.4089243710041046,0.46381258964538574,0.4267221689224243,-0.5553513765335083,-0.3947584927082062,0.5873150825500488,4.5190241770853845e-06,0.004510146750376975,0.00020067210789420642,0.015252865753666356
60,0.428892582654953,-0.48828837275505066,-0.40893298387527466,0.46390146017074585,0.4254426956176758,-0.5517861843109131,-0.38763073086738586,0.5895981788635254,1.1901720569973406e-05,0.004031972072383816,0.00045378598321210717,0.015799665090131754
61,0.42890655994415283,-0.4883144795894623,-0.408931702375412,0.463930606842041,0.4185290038585663,-0.5636104941368103,-0.3981100618839264,0.584029495716095,0.0001076936703094944,0.005669489806714445,0.0001171079029269606,0.014423743108782361
62,0.4289785623550415,-0.48841848969459534,-0.40890082716941833,0.4640504717826843,0.4207131862640381,-0.5680879354476929,-0.4023161232471466,0.5864850282669067,6.831644192573094e-05,0.006347220586605751,4.3358325743980686e-05,0.014990220621488248
63,0.4289793074131012,-0.4884319007396698,-0.4088885486125946,0.4640696048736572,0.4125245213508606,-0.5770509839057922,-0.40567994117736816,0.5838955640792847,0.00027075998435410753,0.007853341901204125,1.0295161673390396e-05,0.014358260499548692
64,0.42898979783058167,-0.48844435811042786,-0.4088738262653351,0.4640894830226898,0.41292551159858704,-0.5734202861785889,-0.4079661965370178,0.5783796310424805,0.0002580612921434522,0.007220908351045274,8.237917237252645e-07,0.013062237934385657
65,0.42899587750434875,-0.4884425401687622,-0.4088480472564697,0.4640990197658539,0.41827192902565,-0.5645820498466492,-0.3997868001461029,0.5830671787261963,0.00011500307097378482,0.0057972249339890425,8.210619919513107e-05,0.0141534228464133
66,0.4289969801902771,-0.4884308874607086,-0.4088563024997711,0.464081346988678,0.42376288771629333,-0.5650165677070618,-0.4034435451030731,0.585335910320282,2.7395724026213486e-05,0.005865366418796647,2.929794263550889e-05,0.014702669128737966
67,0.4290221929550171,-0.4884451627731323,-0.40885815024375916,0.46409302949905396,0.42893072962760925,-0.5609118342399597,-0.39900219440460205,0.5908403992652893,8.365540260513171e-09,0.005251418473481095,9.713986550341502e-05,0.01606489574265879
68,0.4290269613265991,-0.48844996094703674,-0.40886449813842773,0.4640965461730957,0.43753546476364136,-0.5541225671768188,-0.38838258385658264,0.6032754182815552,7.239463073815955e-05,0.004312891209012015,0.00041950881264885,0.019370758441382918
69,0.4289886951446533,-0.48840123414993286,-0.4088536202907562,0.4640544056892395,0.4322868585586548,-0.5565654635429382,-0.3907908499240875,0.5980615019798279,1.0877881905457798e-05,0.004646362168742257,0.00032626367331900497,0.017957901856235026
70,0.4289783537387848,-0.48838937282562256,-0.4088273346424103,0.4640531837940216,0.42364397644996643,-0.5610354542732239,-0.3917074501514435,0.5929719805717468,2.845558105946111e-05,0.0052774531496915245,0.00029309044498404546,0.016620056162616414
71,0.4289889335632324,-0.48840925097465515,-0.4088084399700165,0.4640822410583496,0.426517516374588,-0.5648019313812256,-0.3966040313243866,0.5947154760360718,6.107902920327035e-06,0.00583584161970041,0.00014894759038952543,0.017065042080744774
72,0.42897313833236694,-0.4883916676044464,-0.4087925851345062,0.46407485008239746,0.42273572087287903,-0.5681942105293274,-0.4024434983730316,0.5884864330291748,3.8905376563924676e-05,0.006368445857277472,4.031090270473214e-05,0.01547824197132286
73,0.42896968126296997,-0.488387793302536,-0.40877923369407654,0.46407657861709595,0.4181424081325531,-0.5734018087387085,-0.4132629930973053,0.5782812237739563,0.00011722984344064713,0.007227382820581774,2.0104098386042324e-05,0.013042700975404387
74,0.4289602041244507,-0.48836392164230347,-0.4087762236595154,0.4640525281429291,0.4268713891506195,-0.571651816368103,-0.41439932584762573,0.5841239094734192,4.36314799490134e-06,0.00693687340785587,3.1619278217931424e-05,0.01441713661461197
75,0.428988516330719,-0.4883902668952942,-0.4087725877761841,0.4640794098377228,0.4309304654598236,-0.5592370629310608,-0.39908403158187866,0.5910834670066833,3.7711664200301698e-06,0.005019268508533514,9.386812113021392e-05,0.016130030537376605
76,0.4289968013763428,-0.4883996844291687,-0.40877705812454224,0.4640862047672272,0.44725608825683594,-0.5435420870780945,-0.3904058337211609,0.6003922820091248,0.0003334015573841498,0.003040684569896257,0.00033750188607939435,0.01857934669307415
77,0.4290104806423187,-0.48842886090278625,-0.40877723693847656,0.4641154408454895,0.43584731221199036,-0.5501422882080078,-0.38854020833969116,0.5974494218826294,4.6742265912058656e-05,0.0038085471097568657,0.0004095373265080582,0.01777795049921238
78,0.4290168881416321,-0.48843684792518616,-0.40877464413642883,0.46412575244903564,0.42210549116134644,-0.5680848360061646,-0.40373027324676514,0.5864600539207458,4.7767408219101526e-05,0.006343802005347676,2.544567767248651e-05,0.014965681316571278
79,0.4290180206298828,-0.4884432256221771,-0.40877461433410645,0.46413230895996094,0.40012428164482117,-0.5865151882171631,-0.4221172034740448,0.5645222663879395,0.0008348481525368712,0.009618109847232326,0.00017802468495720092,0.010078143552391339
80,0.42901411652565,-0.48847728967666626,-0.40873661637306213,0.4641878604888916,0.3980337381362915,-0.5963405966758728,-0.4278337359428406,0.5665405988693237,0.0009597838451478324,0.01163449299680508,0.00036469997586241476,0.010476083053973184
81,0.4290047883987427,-0.4884701073169708,-0.4087250530719757,0.4641854763031006,0.4100062847137451,-0.5843383073806763,-0.41863739490509033,0.575707197189331,0.0003609431422688658,0.009190711783454653,9.825452061651418e-05,0.012437094229426293
82,0.4289778172969818,-0.488419771194458,-0.40870949625968933,0.46414098143577576,0.42802882194519043,-0.5652595162391663,-0.40200215578079224,0.5912861824035645,9.005921777216486e-07,0.005904346418535766,4.498841629985151e-05,0.016165902129139376
83,0.4289592504501343,-0.48839902877807617,-0.4087010622024536,0.4641234576702118,0.43223556876182556,-0.5529978275299072,-0.3906957805156708,0.594537615776062,1.0734261679523627e-05,0.004173004800179569,0.0003241901686203974,0.0170078526344577
84,0.4289328157901764,-0.48835527896881104,-0.4086865782737732,0.46408483386039734,0.4364049434661865,-0.5456051230430603,-0.38712388277053833,0.5948861837387085,5.5832692006596574e-05,0.003277544646525854,0.000464949837365225,0.01710899312998837
85,0.42887941002845764,-0.48825234174728394,-0.4086853563785553,0.4639825224876404,0.4291936457157135,-0.5548444986343384,-0.399192214012146,0.5848459601402283,9.874406714516226e-08,0.0044345153588700725,9.01197519889152e-05,0.014607970561201
86,0.428861528635025,-0.4882180988788605,-0.40870577096939087,0.4639386832714081,0.4213291108608246,-0.5627244710922241,-0.4028724133968353,0.5811811685562134,5.67373175250907e-05,0.005551199500396287,3.4028060569291085e-05,0.013745800355757787
87,0.42883020639419556,-0.488176554441452,-0.4087096154689789,0.46389341354370117,0.40970203280448914,-0.5775202512741089,-0.41245585680007935,0.5747664570808411,0.0003658870248779422,0.0079822961637257,1.4034324110845375e-05,0.012292831783188518
88,0.4289025366306305,-0.4882611036300659,-0.4087583124637604,0.46395280957221985,0.4053744673728943,-0.5852651596069336,-0.4216514527797699,0.5689882040023804,0.0005535700429968315,0.009409786875963277,0.0001662330672083101,0.011032434083099396
89,0.4289100170135498,-0.4882930815219879,-0.40880388021469116,0.46396932005882263,0.4119888246059418,-0.5796318054199219,-0.4205870032310486,0.5710336565971375,0.0002863267524952917,0.008342762483303012,0.00013884198801861203,0.011462772158389534
90,0.4289190173149109,-0.48829853534698486,-0.4088400602340698,0.46395447850227356,0.4228912889957428,-0.5623505115509033,-0.4102374017238617,0.5750043988227844,3.633350868970098e-05,0.005483695179705705,1.952563239093763e-06,0.012332084803191812
91,0.42900046706199646,-0.4883912205696106,-0.40888163447380066,0.46402445435523987,0.4378294050693512,-0.5477214455604553,-0.40016818046569824,0.5853826999664307,7.795014633771302e-05,0.003520075597464256,7.592428075131608e-05,0.01472782377782611
92,0.42900195717811584,-0.4883878231048584,-0.4088999032974243,0.4640122652053833,0.4385651648044586,-0.543724000453949,-0.40278947353363037,0.5794997215270996,9.145494010454058e-05,0.003062092523610005,3.733735189825893e-05,0.013337352567660332
93,0.4290335476398468,-0.4884335398674011,-0.4089154005050659,0.46405500173568726,0.4274563193321228,-0.553773820400238,-0.4089796841144562,0.5722504258155823,2.4876491346859098e-06,0.004269352260109827,4.132382436239368e-09,0.011706249791828327
94,0.42900481820106506,-0.48839113116264343,-0.40893736481666565,0.46400001645088196,0.4308512806892395,-0.5545545220375061,-0.4105140268802643,0.5748918056488037,3.4094237202353384e-06,0.004377594292059861,2.4858632627910993e-06,0.012296988911516316
95,0.42902711033821106,-0.4884260892868042,-0.4089435338973999,0.4640342891216278,0.4329618513584137,-0.5510613322257996,-0.4049059748649597,0.5791172385215759,1.5482186896065286e-05,0.003923173658026968,1.6301882940439327e-05,0.01324408524259102
96,0.42903587222099304,-0.48843851685523987,-0.4089401662349701,0.46405020356178284,0.43520066142082214,-0.5431391000747681,-0.40322089195251465,0.575118899345398,3.8004625878329534e-05,0.00299215380455653,3.271009831795624e-05,0.012336255183073241
97,0.42900514602661133,-0.48838287591934204,-0.40895330905914307,0.4639844298362732,0.441007137298584,-0.5386286377906799,-0.40713071823120117,0.5725050568580627,0.00014404779449250782,0.0025246365860311926,3.3218373260979206e-06,0.01177672648920236
98,0.42902466654777527,-0.48840391635894775,-0.4089544713497162,0.464006632566452,0.4298952519893646,-0.5509599447250366,-0.43068206310272217,0.5501731634140015,7.579190111073331e-07,0.003913256684938915,0.00047208824338529354,0.007424671038301689
99,0.42900675535202026,-0.48841601610183716,-0.40893086791038513,0.4640335142612457,0.4083322286605835,-0.5715471506118774,-0.4418019652366638,0.5380774736404419,0.00042743605391493134,0.0069107855249264105,0.0010805090394336858,0.005482507920548052
100,0.42899394035339355,-0.48840397596359253,-0.40892449021339417,0.464024156332016,0.4108682870864868,-0.5679581761360168,-0.43855127692222595,0.5402751564979553,0.0003285393063521269,0.006328870765074157,0.0008777464906906118,0.00581421502630608
101,0.4289553165435791,-0.48832857608795166,-0.40892791748046875,0.46394798159599304,0.42525219917297363,-0.5554094910621643,-0.42217352986335754,0.558488130569458,1.371307826047996e-05,0.0044998491537775465,0.00017544624739773695,0.008937839767924949
102,0.4289173483848572,-0.48827123641967773,-0.40893399715423584,0.46388253569602966,0.4433422386646271,-0.5355387330055237,-0.4075357913970947,0.5713451504707336,0.00020807745958340007,0.0022342162334929583,1.954979339302554e-06,0.011548213574216426
103,0.42882686853408813,-0.48814043402671814,-0.40890389680862427,0.46376609802246094,0.46118053793907166,-0.5085732936859131,-0.3867642283439636,0.5829895734786987,0.0010467599239669667,0.0004175017538523562,0.000490164919725089,0.014214237099864135
104,0.42872941493988037,-0.48795372247695923,-0.408899188041687,0.4635786712169647,0.459349125623703,-0.5084890723228455,-0.40031132102012634,0.5675268769264221,0.0009375666823610018,0.00042170059329293963,7.375145998000932e-05,0.010805229470215671
105,0.4286831021308899,-0.48789629340171814,-0.40891245007514954,0.4635152220726013,0.42818620800971985,-0.5374965071678162,-0.4306873381137848,0.5349953770637512,2.469037676533503e-07,0.0024601812056426198,0.00047414574909510065,0.005109412557558812
106,0.42873403429985046,-0.4879382848739624,-0.4090000092983246,0.4635099768638611,0.4044925570487976,-0.5671744346618652,-0.4551791846752167,0.5164877772331238,0.0005876492193133132,0.006278367433210974,0.0021325162384897567,0.0028066473319654506
107,0.428829550743103,-0.4881511926651001,-0.4090415835380554,0.463718444108963,0.39519423246383667,-0.5772988796234131,-0.45550522208213806,0.5169879198074341,0.0011313346357475496,0.007947310090017368,0.002158869706755162,0.00283763704119
108,0.42887750267982483,-0.48822832107543945,-0.40906816720962524,0.46377822756767273,0.41336315870285034,-0.561714231967926,-0.4332979917526245,0.5417793989181519,0.00024069486903588455,0.005400179099698477,0.0005870843973845297,0.006084182732046806
109,0.42894086241722107,-0.4883648753166199,-0.4090588390827179,0.4639247953891754,0.4347810745239258,-0.5308008790016174,-0.4103270471096039,0.5552549362182617,3.410807745130029e-05,0.0018008144087531264,1.6083515994580466e-06,0.008341194623860737
110,0.429025799036026,-0.4884342849254608,-0.4090694785118103,0.4639837443828583,0.45156487822532654,-0.5101385116577148,-0.396270751953125,0.565432608127594,0.0005080100907015606,0.0004710734580450904,0.00016380740152399653,0.010291871955097953
111,0.42908114194869995,-0.4885019063949585,-0.40905842185020447,0.4640558063983917,0.45236849784851074,-0.5014771223068237,-0.40082207322120667,0.5530235767364502,0.0005423009448044525,0.00016835622795952077,6.783743873839398e-05,0.007915264158925517
112,0.4290679693222046,-0.4884558618068695,-0.40905335545539856,0.4640141725540161,0.44533053040504456,-0.5115941762924194,-0.4169258177280426,0.5399988293647766,0.000264470892973101,0.0005353815972322096,6.197566223420381e-05,0.005773668070649052
113,0.4290168583393097,-0.48840394616127014,-0.40905219316482544,0.4639618694782257,0.4231979250907898,-0.5368821620941162,-0.439096063375473,0.5209840536117554,3.385998415073033e-05,0.0023501374200316505,0.0009026341372342372,0.003251529483358162
114,0.42897921800613403,-0.48826268315315247,-0.4091184437274933,0.46378523111343384,0.4135882556438446,-0.5402036905288696,-0.44093966484069824,0.5128523111343384,0.0002368817224374098,0.0026978682472043047,0.0010125901131354809,0.0024075783417778496
115,0.42902088165283203,-0.48833420872688293,-0.409172922372818,0.4638296067714691,0.41337814927101135,-0.5419216156005859,-0.43497005105018616,0.5203297138214111,0.00024469507636926124,0.002871610175447792,0.0006654918479966909,0.0031922620966549076
116,0.4289894998073578,-0.48830264806747437,-0.409207284450531,0.4637840986251831,0.42388176918029785,-0.5275707244873047,-0.4223250150680542,0.5291274785995483,2.6088912158606092e-05,0.0015419818257136342,0.00017207485655390542,0.0042697573064742755
117,0.42897993326187134,-0.4882940649986267,-0.409248948097229,0.4637565016746521,0.4318341016769409,-0.5146915316581726,-0.41289007663726807,0.5336355566978455,8.146277341580799e-06,0.0006968262460418373,1.3257817045086995e-05,0.004883082330934485
118,0.4289616346359253,-0.4882985055446625,-0.40926870703697205,0.46375447511672974,0.4330922067165375,-0.5133262276649475,-0.4199289381504059,0.5264894962310791,1.7061625713132855e-05,0.0006263868745302048,0.00011364052739182284,0.003935682874217861
119,0.42891865968704224,-0.48823052644729614,-0.4092865288257599,0.46368178725242615,0.4239841401576996,-0.5182022452354431,-0.4261544346809387,0.5160319209098816,2.434948298546402e-05,0.0008983039271157622,0.00028452624793917636,0.0027405364939534493
120,0.42888373136520386,-0.48815008997917175,-0.4092710316181183,0.4636044502258301,0.4259127378463745,-0.5180363059043884,-0.42425990104675293,0.51968914270401,8.826802488925978e-06,0.0008931859023286748,0.00022466620674865823,0.0031454927303720126
121,0.4288049340248108,-0.4880182445049286,-0.40929222106933594,0.4634600281715393,0.4291604459285736,-0.5074418783187866,-0.41392865777015686,0.5226736664772034,1.2638871371706273e-07,0.0003772775505348491,2.1496545280719204e-05,0.0035062549613940064
122,0.4287489652633667,-0.48794084787368774,-0.4092922806739807,0.4633856415748596,0.43245720863342285,-0.5026857852935791,-0.4133594036102295,0.5217835903167725,1.375106889156541e-05,0.0002174131795165124,1.6541488978560892e-05,0.0034103204172630797
123,0.42867302894592285,-0.4878118634223938,-0.40930095314979553,0.4632473587989807,0.42453283071517944,-0.5066492557525635,-0.42462968826293945,0.5065523982048035,1.7141241389850848e-05,0.0003548473498007354,0.00023497012016893137,0.0018753264379398615
124,0.4285934567451477,-0.4876892566680908,-0.40933388471603394,0.46311432123184204,0.4169021546840668,-0.5145899653434753,-0.4343240559101105,0.49716809391975403,0.00013668654388343526,0.0007236481272379081,0.0006245086563092528,0.0011596594342799804
125,0.42856377363204956,-0.4876475930213928,-0.40934282541275024,0.46306684613227844,0.4114587903022766,-0.5182380080223083,-0.4404020607471466,0.48929476737976074,0.0002925804547118105,0.0009357734899282377,0.0009646760995574155,0.0006879038529641335
126,0.4285162687301636,-0.487569659948349,-0.4093778133392334,0.4629703164100647,0.41592419147491455,-0.5134308338165283,-0.4352414309978485,0.49411359429359436,0.00015856040960215978,0.000668800313840201,0.0006689267183910275,0.0009699037573307479
127,0.428487628698349,-0.4875320792198181,-0.409406840801239,0.4629213511943817,0.4224895238876343,-0.5016123056411743,-0.4244121313095093,0.49968966841697693,3.597726132031909e-05,0.00019825277607665726,0.00022515874323758567,0.001351909151381392
128,0.428486168384552,-0.48752450942993164,-0.4094426929950714,0.4628950357437134,0.434848427772522,-0.4864955544471741,-0.40786340832710266,0.513480544090271,4.0478344519812026e-05,1.0587483565416278e-06,2.494140062481165e-06,0.0025588936546796504
129,0.42842209339141846,-0.48743292689323425,-0.4094463288784027,0.46280360221862793,0.4379902184009552,-0.47948139905929565,-0.40325480699539185,0.5142167806625366,9.15490161981225e-05,6.322679489390026e-05,3.83349432278024e-05,0.0026433149177051973
130,0.42839735746383667,-0.4873785078525543,-0.40943703055381775,0.4627518951892853,0.43215444684028625,-0.4837897717952728,-0.41664937138557434,0.49929484724998474,1.4115720582630331e-05,1.2879026488832324e-05,5.2017860273423366e-05,0.0013353873453105791
131,0.4283563792705536,-0.4873132109642029,-0.40946611762046814,0.46267277002334595,0.43097826838493347,-0.48172929883003235,-0.4212043285369873,0.4915032386779785,6.874302528103726e-06,3.118007472213691e-05,0.0001377855955206897,0.0008311959228457511
132,0.4283543527126312,-0.48729491233825684,-0.4094870388507843,0.46264442801475525,0.42326483130455017,-0.4880078136920929,-0.4288654625415802,0.48240718245506287,2.590322816331536e-05,5.082283403012866e-07,0.00037552330473999973,0.00039056646306789844
133,0.4283583462238312,-0.48730745911598206,-0.4095037579536438,0.46265077590942383,0.413830041885376,-0.49746817350387573,-0.4348233938217163,0.4764748513698578,0.0002110716269507762,0.00010324011687234957,0.000641083960491784,0.0001911050623357724
134,0.42833301424980164,-0.4872819185256958,-0.4095248878002167,0.4626142680644989,0.41034993529319763,-0.49642467498779297,-0.43127432465553284,0.47550028562545776,0.00032339112875945375,8.358999572521952e-05,0.000473038003523385,0.0001660494485813402
135,0.42834147810935974,-0.4873177409172058,-0.40951627492904663,0.46265697479248047,0.41723817586898804,-0.48370158672332764,-0.41112804412841797,0.4898117184638977,0.0001232833206410433,1.3076571153902705e-05,2.5977999520421236e-06,0.0007373801038603744
136,0.42833587527275085,-0.4873194396495819,-0.4095239043235779,0.4626556634902954,0.4325653314590454,-0.4663087725639343,-0.39371204376220703,0.5051620602607727,1.7888299631785287e-05,0.0004414481313839147,0.0002500149344122349,0.0018067937664092426
137,0.428302139043808,-0.48724836111068726,-0.40951669216156006,0.46258583664894104,0.4336949288845062,-0.46358659863471985,-0.4063796103000641,0.4909018874168396,2.9082182265938172e-05,0.0005598790034690992,9.84128260572703e-06,0.0008017987310902086
138,0.428266704082489,-0.4871949851512909,-0.40951865911483765,0.4625312089920044,0.4208175539970398,-0.4732705354690552,-0.41847464442253113,0.47561341524124146,5.54898369955481e-05,0.00019389029895311438,8.02096728316215e-05,0.0001711441203475772
139,0.42822346091270447,-0.48713675141334534,-0.409511536359787,0.46247708797454834,0.414639949798584,-0.47355005145072937,-0.41413021087646484,0.4740597903728485,0.0001845117741874347,0.00018459841587414871,2.133215429100943e-05,0.00013415899484758853
140,0.4281598925590515,-0.4870162010192871,-0.4095200300216675,0.4623526930809021,0.42019224166870117,-0.4710627794265747,-0.41973406076431274,0.47152096033096313,6.34834607105006e-05,0.0002545116605148223,0.00010432642401170256,8.405712436854174e-05
141,0.42810875177383423,-0.4869344234466553,-0.4095379412174225,0.46226340532302856,0.41764867305755615,-0.46306782960891724,-0.41511502861976624,0.46560147404670715,0.0001094132467507336,0.0005696143014155552,3.110390389338136e-05,1.1142702804001203e-05
142,0.4280388653278351,-0.48685792088508606,-0.409538209438324,0.4621862769126892,0.4087008535861969,-0.47021234035491943,-0.4253891110420227,0.45352408289909363,0.00037395869811973625,0.00027707535118626225,0.000251251081650139,7.503360512917112e-05
143,0.42798689007759094,-0.48679032921791077,-0.4095318913459778,0.46212297677993774,0.40666118264198303,-0.4736017882823944,-0.4329961836338043,0.4472667872905731,0.0004547857976291425,0.00017393761200779068,0.000550573012568556,0.00022070636614390793
144,0.4278947114944458,-0.4866238236427307,-0.40956130623817444,0.4619426131248474,0.3945229947566986,-0.4826239049434662,-0.43812689185142517,0.439020037651062,0.0011136714780244361,1.599934960072602e-05,0.0008159926814279572,0.000525444466351388
145,0.42785558104515076,-0.486558198928833,-0.4096071124076843,0.46185192465782166,0.40005922317504883,-0.47257763147354126,-0.42627641558647156,0.44636043906211853,0.0007726375108427774,0.00019545626637196278,0.0002778656684663261,0.0002399861259618774
146,0.42778047919273376,-0.48647940158843994,-0.40959563851356506,0.4617839753627777,0.44009289145469666,-0.4272180497646332,-0.3931155502796173,0.4741954207420349,0.00015159549570853414,0.003511907819985005,0.0002715933081987032,0.00015404397640228495
147,0.4276265799999237,-0.48621779680252075,-0.40957677364349365,0.4615258276462555,0.45383310317993164,-0.4147190749645233,-0.3953423798084259,0.47320976853370667,0.0006867818571842932,0.0051120672244673315,0.00020261796785181474,0.00013651447466145328
148,0.42760494351387024,-0.4861249327659607,-0.4096454083919525,0.4613945484161377,0.42319902777671814,-0.438480943441391,-0.431976854801178,0.42970311641693115,1.941209348288453e-05,0.0022699497187597117,0.0004986934987281089,0.0010043468621603324
149,0.427568256855011,-0.48609936237335205,-0.4096905291080475,0.46135270595550537,0.38359108567237854,-0.4739207625389099,-0.45965731143951416,0.3978545367717743,0.0019339915852265577,0.0001483182939274741,0.0024966793365601703,0.004032017489685735
150,0.4275299608707428,-0.48603472113609314,-0.4096972346305847,0.46128740906715393,0.3788699209690094,-0.47776833176612854,-0.4491347372531891,0.40750354528427124,0.0023677994832382865,6.833319321586373e-05,0.0015553166131079266,0.0028927040034156803
151,0.4274975657463074,-0.4860115051269531,-0.40971803665161133,0.4612537920475006,0.40279531478881836,-0.4521741271018982,-0.42107143998146057,0.433898001909256,0.0006102012023667669,0.0011449681516104704,0.00012889976717023188,0.0007483392540876821
152,0.4274749159812927,-0.48601335287094116,-0.40974530577659607,0.46124371886253357,0.42474302649497986,-0.428451806306839,-0.402584046125412,0.45061078667640686,7.463220165426776e-06,0.0033133316428513027,5.128363979167716e-05,0.00011305924687476931
153,0.4275076389312744,-0.4860124886035919,-0.4097555875778198,0.4612371027469635,0.4337157905101776,-0.4113337993621826,-0.39412593841552734,0.4509236216545105,3.854114602663827e-05,0.005576906626814981,0.00024428593293635004,0.00010636789224438559
154,0.42746761441230774,-0.4859413206577301,-0.4097585082054138,0.46116164326667786,0.4197338819503784,-0.4206106662750244,-0.41280150413513184,0.427543044090271,5.981061779269936e-05,0.004268094402072542,9.259824228280422e-06,0.001130210210583904
155,0.42739561200141907,-0.48579421639442444,-0.4098055064678192,0.46099454164505005,0.38322678208351135,-0.45179837942123413,-0.4435717463493347,0.39145341515541077,0.0019508855363170596,0.0011557169315077331,0.001140158955736048,0.00483596827344801
156,0.4273894131183624,-0.48578399419784546,-0.40983352065086365,0.46097007393836975,0.3819592297077179,-0.451750785112381,-0.4365040063858032,0.39720597863197327,0.0020639015647248016,0.0011582593206549419,0.0007113148093376154,0.004065859850243214
157,0.4273572266101837,-0.485771507024765,-0.409839391708374,0.46095818281173706,0.4076480269432068,-0.42231670022010803,-0.4024752974510193,0.42748939990997314,0.0003884525515127635,0.004026512506616342,5.4229884231205006e-05,0.0011201594289254047
158,0.42734500765800476,-0.48575714230537415,-0.4098437428474426,0.4609391391277313,0.42928415536880493,-0.4012666940689087,-0.39334240555763245,0.43720847368240356,3.7602938443015432e-06,0.007138635843198848,0.00027229413235208,0.0005631444824780729
159,0.42732301354408264,-0.48572486639022827,-0.40984398126602173,0.46090924739837646,0.4148782193660736,-0.40958887338638306,-0.40964582562446594,0.4148212671279907,0.00015487290213300753,0.0057966894306815675,3.9265658280385196e-08,0.0021241019254034654
160,0.4272550642490387,-0.48558834195137024,-0.4098847508430481,0.46075761318206787,0.37608641386032104,-0.4398839473724365,-0.44193634390830994,0.37403404712677,0.002618230782602815,0.0020888916838268656,0.001027304618021141,0.00752097690934761
161,0.4271079897880554,-0.48547980189323425,-0.4097709059715271,0.46070459485054016,0.3129918873310089,-0.47450917959213257,-0.4495989680290222,0.33790212869644165,0.013022484839987136,0.00012035455367342962,0.0015862745272556822,0.01508044569352851
162,0.4269005358219147,-0.4852747619152069,-0.4096909761428833,0.46054548025131226,0.30885204672813416,-0.4689149260520935,-0.2218516618013382,0.5559152960777283,0.013935445777324418,0.0002676442294680115,0.03528360801230179,0.00909540177076451
163,0.4268283247947693,-0.48518308997154236,-0.4096589982509613,0.4604668617248535,0.2457370162010193,-0.48368749022483826,-0.1502390205860138,0.5791854858398438,0.03279406204819679,2.2368186023413728e-06,0.06729872481168186,0.01409411171175634
164,0.42659857869148254,-0.48496973514556885,-0.4095550775527954,0.4603058695793152,0.24085068702697754,-0.4547457993030548,-0.16607144474983215,0.5295250415802002,0.03450227925780869,0.0009134862978124048,0.059284279442928245,0.004791293772488103
165,0.42643776535987854,-0.48478811979293823,-0.4095277190208435,0.4601426422595978,0.24371550977230072,-0.4323716163635254,-0.19179484248161316,0.48429229855537415,0.033387422687012114,0.002747489831765648,0.047407605526047725,0.0005832058992041311
166,0.4258885681629181,-0.48413634300231934,-0.4091779291629791,0.4596802890300751,0.24867267906665802,-0.4259571135044098,-0.2179325371980667,0.4566972851753235,0.03140547134817795,0.0033848227449704282,0.036574799947812986,8.898311997462827e-06
167,0.42564770579338074,-0.483660489320755,-0.4089986979961395,0.4592556357383728,0.25884848833084106,-0.42092612385749817,-0.22242026031017303,0.4573543667793274,0.0278219789461156,0.003935600610077472,0.03481151340933608,3.6148236546296175e-06
168,0.425365149974823,-0.48345547914505005,-0.4086994528770447,0.45921874046325684,0.28362998366355896,-0.40777501463890076,-0.2069571316242218,0.4844478666782379,0.020088857369281676,0.005727532707866523,0.04069996418447719,0.0006365088095714455
169,0.4249502420425415,-0.4827311336994171,-0.4085041582584381,0.4585791528224945,0.30150917172431946,-0.4085580110549927,-0.20200799405574799,0.5080592036247253,0.01523769784130824,0.005501652122824829,0.04264066583042436,0.0024482754273913443
170,0.42470115423202515,-0.4823499619960785,-0.408333420753479,0.4582710266113281,0.2886146903038025,-0.43577075004577637,-0.22973856329917908,0.4946468770503998,0.018519525664487446,0.002169622985911168,0.03189612310912171,0.0013232024951657095
171,0.4245688319206238,-0.4821150302886963,-0.40822723507881165,0.4580732583999634,0.31224191188812256,-0.42479124665260315,-0.2189103215932846,0.5181228518486023,0.012617336963987924,0.0032860161703576196,0.03584089373168653,0.003605953673346818
172,0.42486798763275146,-0.48252442479133606,-0.4081515967845917,0.4585151970386505,0.37311041355133057,-0.39652034640312195,-0.22255517542362213,0.5470755696296692,0.0026788464747937724,0.007396701499406078,0.03444603162199855,0.007842939593460052
173,0.4248432219028473,-0.4824236333370209,-0.40806877613067627,0.45845115184783936,0.48520538210868835,-0.32381540536880493,-0.3951432406902313,0.41387754678726196,0.0036435903847156226,0.025156569979217558,0.00016706946642219833,0.0019868062680963305
174,0.42459836602211,-0.4817905128002167,-0.40823179483413696,0.45775043964385986,0.4812174141407013,-0.2910536825656891,-0.5255032181739807,0.24676784873008728,0.003205716609855358,0.036380538407915,0.01375258673215285,0.04451365366868831
175,0.4248692989349365,-0.4819944202899933,-0.40840157866477966,0.4578331708908081,0.4661453664302826,-0.299949049949646,-0.6586599349975586,0.10743448138237,0.0017037137478803643,0.0331405168623542,0.06262924491438415,0.12277924160923082
176,0.42451611161231995,-0.48081105947494507,-0.4088342487812042,0.4564281105995178,0.5305257439613342,-0.20380674302577972,-0.6476083993911743,0.08672407269477844,0.011238042150773175,0.07673138307609761,0.05701309499951268,0.13668107564306897
177,0.42471107840538025,-0.4804442822933197,-0.40985360741615295,0.45549291372299194,0.5487964749336243,-0.15304970741271973,-0.6230913400650024,0.07875484973192215,0.015397185631571553,0.10718720766124878,0.04547033062522221,0.14193157447357407
178,0.4248940944671631,-0.48094597458839417,-0.41066622734069824,0.45566579699516296,0.5128290057182312,-0.15214869379997253,-0.627004861831665,0.03797286003828049,0.007732548616733226,0.10810765185386018,0.04680240477341613,0.17446738335955647
179,0.4248500466346741,-0.48086053133010864,-0.41120198369026184,0.4553523659706116,0.4763420820236206,-0.1607227772474289,-0.6247439980506897,0.012320874258875847,0.002651429708496522,0.102488172048254,0.04560019189710918,0.19627690099790485
180,0.42511335015296936,-0.4814551770687103,-0.4115159511566162,0.4558072090148926,0.4324367642402649,-0.18131546676158905,-0.6285937428474426,-0.014841526746749878,5.363239389399865e-05,0.09008385464810331,0.047122767645365826,0.22151023247403234
181,0.42484989762306213,-0.4814645051956177,-0.4118960499763489,0.4556947648525238,0.43108296394348145,-0.18766304850578308,-0.5463871359825134,0.0723588615655899,3.8851115754745535e-05,0.08631929595306875,0.01808785221511755,0.1469464033245096
182,0.42506858706474304,-0.4817904233932495,-0.41182443499565125,0.4560548663139343,0.4218095541000366,-0.24814987182617188,-0.46072518825531006,0.20923423767089844,1.0621295865043123e-05,0.054587907336568264,0.002391283669362032,0.06092042272374343
183,0.42512109875679016,-0.48198041319847107,-0.41162484884262085,0.45631691813468933,0.42738375067710876,-0.31497716903686523,-0.4499569237232208,0.2924039959907532,5.119593712521464e-06,0.027890083560500933,0.0014693479646519236,0.026867446045764076
184,0.42542189359664917,-0.4827705919742584,-0.4115336537361145,0.4571878910064697,0.4170109033584595,-0.3747253715991974,-0.47876933217048645,0.3129669427871704,7.074475678692238e-05,0.011673769645895504,0.004520636454530269,0.020799681905273815
185,0.42555418610572815,-0.48298943042755127,-0.4113670885562897,0.4574863314628601,0.4106864035129547,-0.3850342035293579,-0.47826728224754333,0.3174533247947693,0.00022105095922597684,0.009595226476676544,0.004475635915927256,0.019609242956505568
186,0.4258248507976532,-0.48342785239219666,-0.41123998165130615,0.45797842741012573,0.4241463243961334,-0.36593157052993774,-0.4647034704685211,0.32537442445755005,2.8174508805989262e-06,0.013805376251455392,0.0028583446365084697,0.0175838215990467
187,0.42623215913772583,-0.48407554626464844,-0.41102784872055054,0.4587175250053406,0.45158910751342773,-0.34369492530822754,-0.44988754391670227,0.345396488904953,0.0006429748309280114,0.01970671874011032,0.001510075910737818,0.012841657222865344
188,0.426442950963974,-0.4842287600040436,-0.4108681082725525,0.45893463492393494,0.4560401141643524,-0.3353630006313324,-0.4446623921394348,0.34674072265625,0.0008759920695098344,0.022161014313613947,0.001142053622075423,0.012587473949928984
189,0.4266611635684967,-0.48454394936561584,-0.4108293652534485,0.4592630863189697,0.4434635043144226,-0.3416670262813568,-0.4473879635334015,0.33774256706237793,0.00028231865454220184,0.020413815150025272,0.0013365311081949827,0.014767236600391698
190,0.4267215132713318,-0.48472586274147034,-0.41082507371902466,0.4594516456127167,0.44884857535362244,-0.33111372590065,-0.4315202534198761,0.34844204783439636,0.0004896068763935446,0.023596688584802905,0.0004282904628505335,0.012323130798904458
191,0.4267478287220001,-0.4847078323364258,-0.4106833338737488,0.45950615406036377,0.46706047654151917,-0.30977174639701843,-0.41119349002838135,0.36563876271247864,0.0016251095742205734,0.030602634163799713,2.60259302109489e-07,0.00881108715845702
192,0.4267394542694092,-0.4846722185611725,-0.4106096923351288,0.45949360728263855,0.46106743812561035,-0.31216710805892944,-0.42055103182792664,0.35268351435661316,0.0011784104756316083,0.029758013149391083,9.883023091106224e-05,0.01140839595086618
193,0.42669835686683655,-0.484658807516098,-0.410586953163147,0.4594970643520355,0.4300270080566406,-0.3351750373840332,-0.43750470876693726,0.3276973068714142,1.1079918743384098e-05,0.022345397532895994,0.0007245655667453832,0.0173711760719506
194,0.42665740847587585,-0.48456767201423645,-0.41052526235580444,0.45943552255630493,0.42500540614128113,-0.33398550748825073,-0.4285348653793335,0.33045604825019836,2.729111713506427e-06,0.02267498827333103,0.0003243458010651068,0.016635704792279604
195,0.42656809091567993,-0.4844493567943573,-0.4104817807674408,0.4593368172645569,0.4448843002319336,-0.31309106945991516,-0.40798088908195496,0.3499944806098938,0.00033548352371681744,0.029363662638193233,6.254459222532205e-06,0.011955746585101679
196,0.42649784684181213,-0.484345018863678,-0.41047248244285583,0.45923352241516113,0.4643807113170624,-0.29496991634368896,-0.39478230476379395,0.3645683526992798,0.001435111420850177,0.03586292945445635,0.00024618167560053195,0.008961494357336619
197,0.4265144169330597,-0.48436224460601807,-0.41044217348098755,0.4592653214931488,0.45706066489219666,-0.2965608537197113,-0.40470942854881287,0.3489120900630951,0.0009330732643810791,0.035269362418831385,3.2864364457374506e-05,0.012177835687054994
198,0.42646345496177673,-0.484290212392807,-0.4104401767253876,0.4591960608959198,0.43476831912994385,-0.31081733107566833,-0.41501545906066895,0.33057019114494324,6.897076885170605e-05,0.03009284055247008,2.0933208447537766e-05,0.016544614369195187
199,0.42645230889320374,-0.48427054286003113,-0.41043373942375183,0.45917803049087524,0.4108295440673828,-0.3292069733142853,-0.4256300926208496,0.3144064247608185,0.00024407078080290745,0.02404471060026836,0.00023092915049094387,0.020958817825659004
200,0.4263664186000824,-0.4840816855430603,-0.41046425700187683,0.45897412300109863,0.41426897048950195,-0.3174050748348236,-0.43859735131263733,0.29307669401168823,0.00014634825078818636,0.027781092557185083,0.0007914709954981447,0.027521956945296466
201,0.42607685923576355,-0.48340144753456116,-0.41062402725219727,0.45820868015289307,0.47232586145401,-0.2150881141424179,-0.5192917585372925,0.16812223196029663,0.002138970206183366,0.0719920528723641,0.011808675822649661,0.08415014742499594
202,0.4260562062263489,-0.48301029205322266,-0.41105765104293823,0.4575777053833008,0.4745011329650879,-0.17991752922534943,-0.5730401873588562,0.08137846738100052,0.0023469109267217902,0.09186523191150187,0.026238342071337684,0.1415258722793169
203,0.4260930120944977,-0.4830312728881836,-0.41149774193763733,0.45738527178764343,0.5054690837860107,-0.1540335863828659,-0.5097388625144958,0.1497637778520584,0.006300560757176221,0.1082394679209564,0.009651317772196855,0.09463097436332646
204,0.42606768012046814,-0.4829907715320587,-0.41181984543800354,0.45721033215522766,0.43831345438957214,-0.2268677055835724,-0.5388495326042175,0.126331627368927,0.0001499589874498497,0.06559902491085268,0.01613654142154619,0.1094807172810599
205,0.42614611983299255,-0.483254611492157,-0.4121455252170563,0.45733121037483215,0.41208702325820923,-0.2778620719909668,-0.5379502773284912,0.1519988477230072,0.00019765819649908423,0.04218609528274797,0.015826835653819593,0.09322785168254555
206,0.42618510127067566,-0.48349931836128235,-0.41234490275382996,0.45750123262405396,0.4278544485569,-0.2980954051017761,-0.509931206703186,0.2160186618566513,2.7867203620246528e-06,0.03437461105193851,0.00952308671849611,0.05831383198443363
207,0.4264230728149414,-0.4841216504573822,-0.41219261288642883,0.45822322368621826,0.45484864711761475,-0.3048780858516693,-0.479642778635025,0.2800839841365814,0.0008080132744368029,0.03212825545256237,0.004549524859513099,0.0317335886673229
208,0.4265384078025818,-0.48439186811447144,-0.4119650423526764,0.4585837125778198,0.46848300099372864,-0.2864765524864197,-0.42581045627593994,0.32914912700653076,0.0017593488979708027,0.03917047216015135,0.00019169548670650016,0.01675331194201135
209,0.4267503619194031,-0.4848381280899048,-0.4117516875267029,0.4591481685638428,0.4398541748523712,-0.2994438409805298,-0.40076106786727905,0.33853697776794434,0.00017170991338222308,0.03437104169279337,0.00012079372049811354,0.014547059345204616
210,0.4269799590110779,-0.4852423667907715,-0.41151976585388184,0.4596697986125946,0.4086959958076477,-0.3275870084762573,-0.386834979057312,0.34944799542427063,0.00033430331042438866,0.02485521200527785,0.0006093386991921079,0.012148845898085625
211,0.4267648160457611,-0.48511913418769836,-0.4110485911369324,0.4597877562046051,0.38810133934020996,-0.3486321270465851,-0.37005615234375,0.36667728424072266,0.0014948644309606962,0.018628703118338308,0.0016803800382128031,0.008669559989336939
212,0.42674002051353455,-0.48490360379219055,-0.41072946786880493,0.45968806743621826,0.37399765849113464,-0.36234456300735474,-0.3578440248966217,0.3784981966018677,0.0027817567517018915,0.015020718478099049,0.0027968700783640443,0.006591795126098532
213,0.4267321527004242,-0.48495325446128845,-0.4105226695537567,0.4598381221294403,0.363158255815506,-0.37407851219177246,-0.3527754545211792,0.38446131348609924,0.004041640365134214,0.012293208473331596,0.0033347408440187465,0.005681663281254856
214,0.4264299273490906,-0.4845297336578369,-0.4102924168109894,0.4595385491847992,0.35057884454727173,-0.38511359691619873,-0.3459281325340271,0.38976430892944336,0.005753386762208379,0.009883568244632102,0.004142761090485614,0.004868444603212119
215,0.4262423813343048,-0.48413974046707153,-0.41016051173210144,0.45918652415275574,0.3477023243904114,-0.3850257694721222,-0.3314440846443176,0.40128400921821594,0.006168540544750023,0.00982357924638766,0.006196275893466385,0.003352701235744604
216,0.4259747862815857,-0.48388969898223877,-0.4099839925765991,0.459026038646698,0.35239747166633606,-0.3755355775356293,-0.3148919939994812,0.41304105520248413,0.005413621225991427,0.0117406156344666,0.009042488193390597,0.0021146187023646235
217,0.42592236399650574,-0.4837360978126526,-0.4098520874977112,0.4589326083660126,0.35109665989875793,-0.37826287746429443,-0.315534383058548,0.413825124502182,0.005598885993723712,0.011124600210653313,0.008895829370673347,0.002034685100525735
218,0.42587020993232727,-0.48363760113716125,-0.4097672700881958,0.4588712751865387,0.3249695599079132,-0.3998870551586151,-0.30277666449546814,0.4220799505710602,0.01018094117534929,0.0070141539517045715,0.011446989685098607,0.0013536015669615153
219,0.4258175492286682,-0.4836881160736084,-0.4096226990222931,0.4590005576610565,0.3042530119419098,-0.4216878116130829,-0.2916639447212219,0.43427687883377075,0.014777936725743679,0.00384403775319786,0.013914267716260476,0.0006112602947547785
220,0.4257643222808838,-0.48368024826049805,-0.4094139635562897,0.45909541845321655,0.28893399238586426,-0.4306701123714447,-0.27429983019828796,0.4453043043613434,0.018722539179179876,0.0028100745069759014,0.01825582903308387,0.0001901948278950627
221,0.4255425035953522,-0.483532577753067,-0.4091265797615051,0.45908963680267334,0.28650951385498047,-0.43717890977859497,-0.2622932195663452,0.4613952040672302,0.019330172236146304,0.0021486625346875954,0.02156003566620157,5.315640411396316e-06
222,0.42544761300086975,-0.4833379089832306,-0.40896180272102356,0.4589632749557495,0.2840232253074646,-0.4418696463108063,-0.2579052150249481,0.46798765659332275,0.020000857434454566,0.00171961680906918,0.02281809268638213,8.143946394056911e-05
223,0.42540961503982544,-0.48327842354774475,-0.4087817072868347,0.4589788615703583,0.27750861644744873,-0.45444145798683167,-0.26109206676483154,0.47085800766944885,0.021874705384622217,0.0008315705827612874,0.021812229917518522,0.00014111411204353885
224,0.4252820611000061,-0.48308953642845154,-0.40865883231163025,0.4588467478752136,0.2766744792461395,-0.4567587971687317,-0.25642332434654236,0.47700995206832886,0.022084213384453655,0.0006933078299633522,0.02317564988538834,0.00032990198656079883
225,0.42520269751548767,-0.4830029010772705,-0.4085851311683655,0.45879533886909485,0.28418034315109253,-0.4488668441772461,-0.2523805499076843,0.4806666374206543,0.019887304430477037,0.0011652703806817044,0.02439987120682474,0.0004783537003314464
226,0.4251929521560669,-0.4829624593257904,-0.4085160791873932,0.45878028869628906,0.29830801486968994,-0.4350008964538574,-0.24727623164653778,0.4860326945781708,0.016099787310167812,0.0023003115131183804,0.025998288434998296,0.000742693626350821
227,0.42530524730682373,-0.48313307762145996,-0.4085027575492859,0.4589582681655884,0.319579541683197,-0.4198955297470093,-0.2455562800168991,0.493918776512146,0.011177924829613772,0.003998987461173442,0.02655155454021263,0.0012222371438497248
228,0.42529982328414917,-0.48311156034469604,-0.40842342376708984,0.45897623896598816,0.3331458270549774,-0.41353639960289,-0.25154510140419006,0.49513715505599976,0.008492359021006202,0.004840702992248147,0.0246108080273979,0.0013076118524688596
229,0.4252813160419464,-0.48304152488708496,-0.4083963930606842,0.4589127004146576,0.3380926251411438,-0.4107908010482788,-0.26809147000312805,0.48079195618629456,0.0076018678209957,0.005220167095231432,0.019685471434186752,0.00047870183312070935
230,0.42530301213264465,-0.4830787479877472,-0.40838947892189026,0.45895442366600037,0.3401823937892914,-0.40675386786460876,-0.27979177236557007,0.4671444892883301,0.0072455196671548094,0.0058254873258114515,0.016537370131545437,6.707717489806697e-05
231,0.4253435730934143,-0.4830952286720276,-0.40839433670043945,0.4589686393737793,0.3458356559276581,-0.4064752757549286,-0.29709118604660034,0.45521971583366394,0.0063215088920367535,0.005870617185018467,0.012388391345471206,1.4054427709631057e-05
232,0.42530733346939087,-0.4829467535018921,-0.40842679142951965,0.4588012993335724,0.33951643109321594,-0.4087196886539459,-0.31574803590774536,0.4324880838394165,0.007360078930518377,0.0055096571559412055,0.008589351725064809,0.0006923853096418853
233,0.4252356290817261,-0.4827783703804016,-0.4085061848163605,0.458591103553772,0.3409864902496338,-0.404586523771286,-0.3287440836429596,0.4168289303779602,0.00709791739394916,0.006113964876143463,0.006361992783595838,0.001744079108366492
234,0.4253450632095337,-0.48290377855300903,-0.4086379408836365,0.4586447477340698,0.3616500496864319,-0.3823809027671814,-0.3205321729183197,0.4234987795352936,0.004057054747708122,0.010104848556252932,0.007762626348758239,0.0012352390806293911
235,0.42546820640563965,-0.48306527733802795,-0.40876609086990356,0.4587517976760864,0.39282435178756714,-0.35705703496932983,-0.30753976106643677,0.4423416554927826,0.001065621244325854,0.015878077144848568,0.01024676984548023,0.0002692927664762479
236,0.4256323575973511,-0.4832231104373932,-0.40893039107322693,0.4588244557380676,0.40281790494918823,-0.35061779618263245,-0.32531076669692993,0.42812493443489075,0.0005204992496352645,0.017584169368603852,0.006992241580833003,0.0009424606082442111
237,0.42584726214408875,-0.4835686981678009,-0.40911155939102173,0.459083616733551,0.37678062915802,-0.36584556102752686,-0.36072033643722534,0.38190582394599915,0.0024075344725895675,0.013858737018147771,0.0023417104589640303,0.005956411699558295
238,0.42590129375457764,-0.48359352350234985,-0.4092414379119873,0.4590616226196289,0.3585072159767151,-0.37484297156333923,-0.3808126747608185,0.35253751277923584,0.004541961719528587,0.011826682547039447,0.0008081945743052543,0.011347385977288127
239,0.42596590518951416,-0.48365241289138794,-0.40928417444229126,0.45908793807029724,0.37639638781547546,-0.36353182792663574,-0.3776372969150543,0.3622909188270569,0.002457137052695124,0.014428954932274252,0.0010015248572239344,0.009369662934376244
240,0.4259892404079437,-0.4837017059326172,-0.40935075283050537,0.4591084420681,0.39647746086120605,-0.3486349582672119,-0.370859831571579,0.3742525577545166,0.0008709451320152439,0.01824302632491026,0.0014815510193608716,0.007200521102640245
241,0.42586666345596313,-0.4834831655025482,-0.40943193435668945,0.4588562846183777,0.38581356406211853,-0.3556337058544159,-0.38902151584625244,0.352425754070282,0.001604250771053195,0.016345484332319415,0.0004165851837711898,0.011327457832749133
242,0.4258142113685608,-0.48332396149635315,-0.40958622097969055,0.45861586928367615,0.36862677335739136,-0.3636176288127899,-0.40249764919281006,0.3297467827796936,0.0032704030662813466,0.014329606084547919,5.024784997775811e-05,0.016607241456370936
243,0.4257383644580841,-0.48328059911727905,-0.40973594784736633,0.45851269364356995,0.39742860198020935,-0.3357354402542114,-0.3889889717102051,0.3441750705242157,0.0008014426515536854,0.021769573903927864,0.00043043701883593855,0.013073092060583491
244,0.4257548749446869,-0.4832744896411896,-0.40980809926986694,0.4584665298461914,0.4188942015171051,-0.31942325830459595,-0.38359853625297546,0.3547188937664032,4.706883987992683e-05,0.02684722601051792,0.0006869411935364056,0.010763571992144172
245,0.42579782009124756,-0.48337677121162415,-0.4099004864692688,0.45853033661842346,0.39309826493263245,-0.3422597348690033,-0.4155038893222809,0.31985411047935486,0.0010692609075713122,0.019914017946124574,3.1398123533143973e-05,0.019231095696174094
246,0.4258299767971039,-0.48336565494537354,-0.41011014580726624,0.45841455459594727,0.3639090359210968,-0.3667740225791931,-0.44591379165649414,0.2847692668437958,0.0038342029189699645,0.01359360873781057,0.0012819010560969346,0.030152685958527492
247,0.4258559048175812,-0.48342543840408325,-0.41020724177360535,0.45844006538391113,0.3595260679721832,-0.3634214401245117,-0.44527116417884827,0.2776763439178467,0.004399647255937111,0.014400959603083408,0.0012294786544408964,0.03267552299826093
248,0.4258495569229126,-0.4833907186985016,-0.41026705503463745,0.4583699703216553,0.39638420939445496,-0.3325803577899933,-0.41485655307769775,0.3141079843044281,0.0008682067049727848,0.02274376495735453,2.106349228725435e-05,0.02081152060963465
249,0.42599281668663025,-0.4836410582065582,-0.41032925248146057,0.45859065651893616,0.4296199083328247,-0.3066959083080292,-0.3943176567554474,0.3419981300830841,1.3155793809893623e-05,0.031309586072612916,0.00025637119769328365,0.01359381722069486
250,0.42599108815193176,-0.4835960268974304,-0.41039228439331055,0.4585183262825012,0.4226778447628021,-0.3132251799106598,-0.404694139957428,0.33120888471603394,1.0977581755611254e-05,0.02902622550298961,3.246885001217947e-05,0.016207693911965748
251,0.4259985685348511,-0.48363175988197327,-0.4104248285293579,0.45854470133781433,0.4060511589050293,-0.32422950863838196,-0.4149291217327118,0.3153515160083771,0.0003978991509399066,0.025409077701525007,2.0288657261779974e-05,0.020504288324790565
252,0.4260106086730957,-0.4835478961467743,-0.41048380732536316,0.4584220051765442,0.39085590839385986,-0.3375500440597534,-0.43628233671188354,0.2921236455440521,0.0012358529517229044,0.021315372814023625,0.0006655641185071559,0.027655144416457667
253,0.4260194003582001,-0.4835808575153351,-0.4104807376861572,0.4584651589393616,0.3825012743473053,-0.34388765692710876,-0.43559062480926514,0.2907983064651489,0.0018938272915001164,0.019514190290582434,0.0006305064313352204,0.028112173418609387
254,0.4260188639163971,-0.48358824849128723,-0.41049933433532715,0.4584640562534332,0.3983248472213745,-0.3299667537212372,-0.41293907165527344,0.31535255908966064,0.0007669585607041896,0.023599563655384515,5.952318190338701e-06,0.020480900620456488
255,0.42591696977615356,-0.4834657311439514,-0.410538911819458,0.45832428336143494,0.4288754165172577,-0.3068160116672516,-0.3916328251361847,0.3440586030483246,8.752407119949623e-06,0.031205123391196743,0.0003574401136754446,0.013056645697417935
256,0.42592817544937134,-0.4834369421005249,-0.4105527698993683,0.4582849144935608,0.4306076467037201,-0.3046973943710327,-0.39336341619491577,0.34194162487983704,2.189745122027631e-05,0.031947825922543416,0.0002954738807767754,0.013535761038142802
257,0.42593279480934143,-0.4834621548652649,-0.41057226061820984,0.458304762840271,0.39702340960502625,-0.3295325040817261,-0.41353777050971985,0.31301814317703247,0.0008357525528914778,0.023694337390342213,8.79424891664371e-06,0.021108201853170527
258,0.4259139895439148,-0.4834073781967163,-0.41060227155685425,0.45823389291763306,0.38357189297676086,-0.33881741762161255,-0.41927024722099304,0.30311909317970276,0.0017928531417021887,0.02090625669911006,7.513380211410237e-05,0.02406060109773822
259,0.42596688866615295,-0.48348575830459595,-0.4106140732765198,0.45830869674682617,0.40067407488822937,-0.32776108384132385,-0.40373411774635315,0.3247010409832001,0.0006397264288047211,0.024250174236692068,4.733378809707034e-05,0.01785100567865161
260,0.42593589425086975,-0.48345690965652466,-0.4106045663356781,0.45828571915626526,0.42435401678085327,-0.3120913505554199,-0.3948182761669159,0.3416270613670349,2.502336330145738e-06,0.02936615484603422,0.0002492069572923583,0.013609242437184754
261,0.4259539246559143,-0.4834724962711334,-0.4105934202671051,0.4583042562007904,0.40843045711517334,-0.32450586557388306,-0.4057886004447937,0.3271477222442627,0.00030707191465140227,0.025270389675235982,2.3086293524876567e-05,0.017202036399489806
262,0.4259165823459625,-0.48347145318984985,-0.4105586111545563,0.4583252966403961,0.3898892402648926,-0.3385002017021179,-0.4179764986038208,0.3104129433631897,0.0012979693774264334,0.02101666375791922,5.502505420995618e-05,0.021878064252001117
263,0.4258939027786255,-0.4834466278553009,-0.410542756319046,0.4583088457584381,0.3893221616744995,-0.33740079402923584,-0.41160404682159424,0.3151189088821411,0.0013374922473872175,0.02132938557795061,1.1263375307990486e-06,0.02050335802263792
264,0.42583951354026794,-0.4833770990371704,-0.41050592064857483,0.45825672149658203,0.3959222435951233,-0.33017203211784363,-0.40086692571640015,0.3252273499965668,0.0008950430409706556,0.023471792529755398,9.291022330248921e-05,0.017696813681689072
265,0.42579931020736694,-0.48331087827682495,-0.41049724817276,0.4581912159919739,0.41146475076675415,-0.3191264867782593,-0.39723435044288635,0.3333568871021271,0.00020547959435646135,0.026956514411754284,0.0001759044561930878,0.01558360966937844
266,0.42578914761543274,-0.48328375816345215,-0.410483717918396,0.45816925168037415,0.4171331822872162,-0.3162273168563843,-0.3971709907054901,0.33618950843811035,7.49257357632871e-05,0.027907854582181812,0.00017722870584524486,0.0148790577614486
267,0.4257546365261078,-0.48323142528533936,-0.4104746878147125,0.45812171697616577,0.3979751169681549,-0.33223623037338257,-0.41068825125694275,0.3195231258869171,0.0007717017068706866,0.02279954888649982,4.5609343857222484e-08,0.019209569451924757
268,0.4257444739341736,-0.48322129249572754,-0.41047537326812744,0.45811158418655396,0.37417176365852356,-0.34831318259239197,-0.4252695143222809,0.29721543192863464,0.0026597444451761376,0.01820019811769047,0.00021886660953018833,0.025887571811403554
269,0.4257316589355469,-0.4831973910331726,-0.4104732275009155,0.45808833837509155,0.3907548189163208,-0.3325224816799164,-0.40528666973114014,0.31799063086509705,0.0012233793377305346,0.02270292830861198,2.6900381499217474e-05,0.01962736764955597
270,0.42582032084465027,-0.4833710193634033,-0.4104577600955963,0.45826584100723267,0.4228225648403168,-0.308956503868103,-0.37972491979599,0.3520541489124298,8.986541061517528e-06,0.030420423215460346,0.0009445074728811065,0.011280923537641208
271,0.4258086085319519,-0.483355849981308,-0.4104207456111908,0.45827555656433105,0.4134013056755066,-0.3187847435474396,-0.3857053816318512,0.34648066759109497,0.000153941164171556,0.027083649072867644,0.0006108492166312374,0.012498097200538183
272,0.42581576108932495,-0.48335590958595276,-0.4103942811489105,0.45828449726104736,0.3882671892642975,-0.34072136878967285,-0.4086531102657318,0.3203354775905609,0.0014098952460992464,0.020344612228165637,3.0316760444293323e-06,0.019029932028048258
273,0.42586731910705566,-0.4834623634815216,-0.4103645384311676,0.4584053158760071,0.38736692070961,-0.3380594253540039,-0.4115554690361023,0.313870906829834,0.0014822806767620378,0.02114201441611474,1.4183157057701123e-06,0.020890195398326483
274,0.4258878827095032,-0.48350000381469727,-0.4103468954563141,0.45845597982406616,0.3942701816558838,-0.33254101872444153,-0.4088575541973114,0.31795361638069153,0.0009996790199160444,0.022788615179480054,2.2181373857677045e-06,0.019740914133174137
275,0.42587894201278687,-0.48347383737564087,-0.4103125035762787,0.4584408402442932,0.378328412771225,-0.3465207517147064,-0.410199910402298,0.31464922428131104,0.0022610528311526323,0.01875614767205125,1.2677222827051082e-08,0.02067602882124575
276,0.42585963010787964,-0.48347434401512146,-0.4103396534919739,0.4584289789199829,0.37756577134132385,-0.34698233008384705,-0.407505065202713,0.3170430660247803,0.002332296794564037,0.01863006986701521,8.034890769614833e-06,0.019989976365209827
277,0.42586275935173035,-0.48349136114120483,-0.41031065583229065,0.45846056938171387,0.3994095027446747,-0.32436615228652954,-0.394693523645401,0.32908210158348083,0.0006997747851187341,0.025320832093044032,0.00024389481774278465,0.01673878792981842
278,0.42582055926322937,-0.4834309220314026,-0.4102717638015747,0.45842060446739197,0.41681116819381714,-0.3132549226284027,-0.3871632516384125,0.3429028391838074,8.116912744160487e-05,0.028959870772809815,0.0005340033343950168,0.013344354096113342
279,0.4257972836494446,-0.48339390754699707,-0.41027146577835083,0.45838049054145813,0.3997569680213928,-0.33313778042793274,-0.4028739631175995,0.3300207853317261,0.0006780980380085566,0.02257690373682042,5.4723045615823196e-05,0.016476213921529315
280,0.42580723762512207,-0.4834231734275818,-0.4102623164653778,0.4584173262119293,0.3727869689464569,-0.351655513048172,-0.42198944091796875,0.30245301127433777,0.002811148890757842,0.01736271632186348,0.0001375254479265564,0.024324867533952244
281,0.4257892370223999,-0.48340076208114624,-0.4102330207824707,0.4584088921546936,0.3733060657978058,-0.3462097942829132,-0.4185875654220581,0.3009282946586609,0.002754483261790064,0.018821361645415813,6.97984161348586e-05,0.024800138587707465
282,0.4257795214653015,-0.48336154222488403,-0.410240113735199,0.4583621323108673,0.39887142181396484,-0.3238222002983093,-0.39799264073371887,0.3247010111808777,0.0007240458268462646,0.025452801622364518,0.00015000059492198403,0.01786529530172576
283,0.4257814586162567,-0.48335906863212585,-0.4102451503276825,0.45835673809051514,0.41069263219833374,-0.31797969341278076,-0.39257392287254333,0.33609843254089355,0.00022767268267021024,0.027350337747940934,0.00031227227977126404,0.014947093275864631
284,0.42578116059303284,-0.4833526313304901,-0.41024327278137207,0.45835036039352417,0.4038001298904419,-0.3221043348312378,-0.3952655792236328,0.3306388854980469,0.00048316571074824566,0.026001013123910788,0.00022433130430954407,0.016310220819978127
285,0.4257854223251343,-0.48333391547203064,-0.4102639853954315,0.4583210349082947,0.3942521810531616,-0.33268919587135315,-0.40691477060317993,0.32002660632133484,0.0009943453051164397,0.022693831543566745,1.121723972463684e-05,0.019125348978193735
286,0.4257615804672241,-0.4832994341850281,-0.41029301285743713,0.45827534794807434,0.3872899115085602,-0.33534273505210876,-0.4172254502773285,0.30540719628334045,0.0014800693124650266,0.021891184818309206,4.805868858070994e-05,0.023368671793392082
287,0.42578572034835815,-0.4833303689956665,-0.41032078862190247,0.45829063653945923,0.3949946165084839,-0.32658982276916504,-0.40951234102249146,0.31207209825515747,0.0009480920756779199,0.024567598831382043,6.535875209934261e-07,0.02137986093799782
288,0.42580559849739075,-0.48337289690971375,-0.4103374481201172,0.4583272933959961,0.38963279128074646,-0.3362923264503479,-0.40805327892303467,0.3178718090057373,0.001308471981932513,0.02163269420665248,5.217428920900602e-06,0.01972774309530223
289,0.42580828070640564,-0.4833846092224121,-0.4103546142578125,0.45833173394203186,0.37396660447120667,-0.34564080834388733,-0.4173261225223541,0.30228129029273987,0.002687559394875194,0.018973354680462684,4.8601927482572194e-05,0.024351740963140855
290,0.42583438754081726,-0.4834252595901489,-0.41036441922187805,0.4583674669265747,0.3890064060688019,-0.33302927017211914,-0.4093009829521179,0.3127346634864807,0.0013563002193031082,0.022618953633028127,1.1308966998413439e-06,0.021208913437821053
291,0.425805926322937,-0.48341605067253113,-0.4103389382362366,0.4583720564842224,0.4197128713130951,-0.30895906686782837,-0.39197292923927307,0.3366990089416504,3.712531935295971e-05,0.03043523919823432,0.00033731028647654426,0.014804330498296991
292,0.425795316696167,-0.4833824038505554,-0.41031208634376526,0.45835068821907043,0.4066246449947357,-0.3228297829627991,-0.398142546415329,0.3313118815422058,0.0003675146534840579,0.025777144073927616,0.00014809770206980488,0.016138858401881784
293,0.42580103874206543,-0.4833865761756897,-0.41031426191329956,0.45834946632385254,0.3716091811656952,-0.35151955485343933,-0.4246518909931183,0.29847684502601624,0.0029367574275775965,0.017388911312402833,0.00020556760763046356,0.025559255040641382
294,0.4257904291152954,-0.4833987355232239,-0.4103184938430786,0.4583660662174225,0.35592347383499146,-0.35804253816604614,-0.4338682293891907,0.28009775280952454,0.004881391440139993,0.015714176215851694,0.0005545900442918139,0.03177959156529653
295,0.42578500509262085,-0.4833798110485077,-0.4103100001811981,0.4583494961261749,0.38674232363700867,-0.3328554928302765,-0.41085389256477356,0.3087439239025116,0.0015243309752444034,0.02265757037506333,2.9581892491137296e-07,0.022381827240369745
296,0.42576858401298523,-0.4833589792251587,-0.41031184792518616,0.45832356810569763,0.41467776894569397,-0.3105609118938446,-0.3907335102558136,0.334505170583725,0.00012300617885685483,0.029859172073437357,0.0003833113058959725,0.015330995564909244
297,0.42579737305641174,-0.48339349031448364,-0.4103303849697113,0.45835310220718384,0.4050504267215729,-0.3226485848426819,-0.4003960192203522,0.3273029923439026,0.0004304357822206839,0.025838924635138483,9.86916228420398e-05,0.017174131295178086
298,0.42580169439315796,-0.4833868443965912,-0.4103259742259979,0.4583466053009033,0.3855726718902588,-0.3413352072238922,-0.42327648401260376,0.30363139510154724,0.0016183742515387678,0.020178667623444113,0.0001677157037329735,0.023936796267030935
299,0.42585134506225586,-0.4834429621696472,-0.41036930680274963,0.45837804675102234,0.36735910177230835,-0.3539183437824249,-0.43579116463661194,0.28548628091812134,0.0034213425250904095,0.016776626768355563,0.0006462708557251062,0.029891562692818674
300,0.4258852005004883,-0.48350995779037476,-0.4103952646255493,0.45843905210494995,0.3760235607624054,-0.3424423933029175,-0.42708736658096313,0.29137858748435974,0.0024861831173703663,0.019900057750422917,0.0002786262676899298,0.027909198839247473
301,0.4259078800678253,-0.48353511095046997,-0.4104037582874298,0.4584580063819885,0.38680925965309143,-0.33625560998916626,-0.42060837149620056,0.30245649814605713,0.0015287021183354454,0.02169125140341066,0.0001041341307406185,0.02433647057188537
302,0.42596670985221863,-0.48363715410232544,-0.41040825843811035,0.45855841040611267,0.3854961693286896,-0.336867094039917,-0.4212113916873932,0.30115190148353577,0.0016378646502666072,0.021541450530722983,0.00011670768800176035,0.024776809051193283
303,0.42598602175712585,-0.48367950320243835,-0.41041305661201477,0.45860058069229126,0.37422284483909607,-0.3429112136363983,-0.42333629727363586,0.2937977612018585,0.0026794264846472515,0.019815711347348497,0.0001670101491981768,0.027159969311996157
304,0.42601242661476135,-0.48372334241867065,-0.41040536761283875,0.4586496651172638,0.391275018453598,-0.32968565821647644,-0.41541656851768494,0.3055441081523895,0.0012066875257552567,0.023727608154374913,2.5112134508731287e-05,0.02344131157352436
305,0.42600587010383606,-0.48370417952537537,-0.41040241718292236,0.4586290419101715,0.41348397731781006,-0.3098805844783783,-0.4030030369758606,0.32036152482032776,0.00015679779894473,0.030214642195062424,5.4750827448657446e-05,0.019117906282190233
306,0.42599496245384216,-0.4836726188659668,-0.4104025661945343,0.45859840512275696,0.3926067352294922,-0.331900954246521,-0.4148709774017334,0.3096366822719574,0.0011147737171848249,0.023034638181357536,1.996669871662249e-05,0.02218959487467842
307,0.42595040798187256,-0.48363569378852844,-0.4103699326515198,0.45857831835746765,0.35715872049331665,-0.3613932728767395,-0.43903103470802307,0.2795209586620331,0.0047322962675231395,0.014943209470374974,0.0008214587710932975,0.032061538061100237
308,0.4259714186191559,-0.4836723804473877,-0.4103925824165344,0.4586026966571808,0.3629997670650482,-0.351992130279541,-0.4351957142353058,0.27979621291160583,0.00396542889945195,0.017339688284266686,0.0006151953480193484,0.03197175862945656
309,0.4259379208087921,-0.4836341440677643,-0.4103854298591614,0.45857173204421997,0.3973958194255829,-0.32214707136154175,-0.4099642336368561,0.30957865715026855,0.0008146515513693942,0.026078074651224803,1.774062576842539e-07,0.022198936366354616
310,0.42592135071754456,-0.48360830545425415,-0.4103783667087555,0.4585466980934143,0.4128505289554596,-0.3127555251121521,-0.3946889042854309,0.3309171199798584,0.0001708463815361938,0.029190672550626573,0.00024615923113291416,0.01628930920944427
311,0.4259142279624939,-0.4836045205593109,-0.4103873372077942,0.458537220954895,0.3936082720756531,-0.3288705348968506,-0.40620869398117065,0.3162700831890106,0.001043674785762505,0.023942606318990478,1.746105921540675e-05,0.02023993848809713
312,0.4259214699268341,-0.48360130190849304,-0.4103904366493225,0.45853203535079956,0.37859439849853516,-0.34203991293907166,-0.4239098131656647,0.29672449827194214,0.002239851689979311,0.02003962684695182,0.00018277354139062396,0.02618167905552582
313,0.4259639382362366,-0.48365718126296997,-0.4103959798812866,0.45858654379844666,0.3800719082355499,-0.34370094537734985,-0.4273616075515747,0.29641127586364746,0.002106078417583923,0.01958774796327134,0.00028783252224684475,0.026300817529723908
314,0.42591285705566406,-0.48358529806137085,-0.41039976477622986,0.45851314067840576,0.3862433433532715,-0.33621177077293396,-0.41424959897994995,0.3082055151462555,0.0015736703173843125,0.021718956545435653,1.482122339613312e-05,0.02259238229311311
315,0.4259500503540039,-0.4836236834526062,-0.4104047417640686,0.4585462808609009,0.38950657844543457,-0.3382633924484253,-0.4118087589740753,0.31596118211746216,0.0013281266447506823,0.021129614200820157,1.971264325995037e-06,0.02033051038367617
316,0.4259570240974426,-0.4836345613002777,-0.4104052782058716,0.458558589220047,0.38501137495040894,-0.33848538994789124,-0.4168860614299774,0.30661070346832275,0.0016765461840719809,0.02106828194428445,4.200055119785162e-05,0.023088159984419043
317,0.42595282196998596,-0.4836263060569763,-0.41040682792663574,0.4585501551628113,0.3765926957130432,-0.3437139391899109,-0.4238278269767761,0.2964787781238556,0.002436422064101329,0.019575470402344308,0.000180123215503869,0.026267131255303333
318,0.4259558916091919,-0.48362720012664795,-0.41040682792663574,0.45855024456977844,0.3797523081302643,-0.34057071805000305,-0.41928255558013916,0.3010404706001282,0.0021347711262942326,0.020465157064145423,7.877854137916529e-05,0.024809328895970317
319,0.42595770955085754,-0.48363935947418213,-0.4103940725326538,0.4585704207420349,0.3980811536312103,-0.3261699080467224,-0.40107497572898865,0.3231760859489441,0.0007771023699412183,0.024796628132865095,8.684556523608222e-05,0.018331625894063563
320,0.42596036195755005,-0.4836284816265106,-0.41037601232528687,0.45856595039367676,0.3915504813194275,-0.33663320541381836,-0.40422430634498596,0.3239593803882599,0.0011840398855298417,0.02160761122884569,3.78434864680699e-05,0.018118928688623193
321,0.42593908309936523,-0.4835839867591858,-0.41038402915000916,0.4585191309452057,0.37181586027145386,-0.34891706705093384,-0.4209733009338379,0.2997596561908722,0.002929323249279747,0.01813517926370878,0.00011213267691179141,0.025204570824271855
322,0.4259417653083801,-0.48358187079429626,-0.41038408875465393,0.458515465259552,0.3806382417678833,-0.3400581479072571,-0.4163205027580261,0.30437588691711426,0.00205240924518435,0.020599059031355615,3.524101121943346e-05,0.023759009611584503
323,0.42591914534568787,-0.4835425019264221,-0.41037625074386597,0.4584800601005554,0.3918766677379608,-0.3323972225189209,-0.4044979214668274,0.3197759687900543,0.0011588902816725977,0.022844895487171613,3.455475508928885e-05,0.019238824946271826
324,0.4258926808834076,-0.4835001826286316,-0.41037291288375854,0.45843809843063354,0.3830413520336151,-0.33948859572410583,-0.40911346673965454,0.313416451215744,0.0018362363841930573,0.020739337162759774,1.5862045898984434e-06,0.021031278160919875
325,0.4258776903152466,-0.4834868609905243,-0.4103827178478241,0.45842042565345764,0.38407912850379944,-0.3384256362915039,-0.4101531207561493,0.31235167384147644,0.0017471197695053675,0.021042758911179682,5.271482450552867e-08,0.02133608025591016
326,0.42591729760169983,-0.48355358839035034,-0.4103831946849823,0.45848703384399414,0.40335479378700256,-0.31918463110923767,-0.39091476798057556,0.33162468671798706,0.0005090665783882287,0.027017154117680242,0.0003790196383448574,0.016094055118319517
327,0.4259188771247864,-0.48355579376220703,-0.4103708863258362,0.45849624276161194,0.4052278995513916,-0.3219456672668457,-0.3870716094970703,0.340101957321167,0.00042811655294272555,0.02611783298584669,0.0005428563007434661,0.014017206824953554
328,0.4259169101715088,-0.48356059193611145,-0.4103672504425049,0.45850300788879395,0.383851557970047,-0.338723361492157,-0.4041426479816437,0.3184322416782379,0.0017694938558330264,0.02097782332267517,3.874567579575938e-05,0.019619819546812245
329,0.42590034008026123,-0.4835372269153595,-0.41034477949142456,0.4584914445877075,0.37577980756759644,-0.34465259313583374,-0.41144636273384094,0.30898603796958923,0.0025120677793530888,0.019288941500072987,1.213485639972589e-06,0.022351866608048887
330,0.4259006381034851,-0.4835369288921356,-0.4103347361087799,0.45849475264549255,0.3788605034351349,-0.3402014970779419,-0.40487655997276306,0.3141854405403137,0.0022127742696165242,0.02054504601336138,2.9791686731783784e-05,0.020825177560269914
331,0.4258922040462494,-0.4835173785686493,-0.4103224575519562,0.4584800899028778,0.3850230872631073,-0.340778648853302,-0.399577260017395,0.3262244462966919,0.0016702847066341064,0.020374344960750967,0.00011545927005673917,0.017491555265686465
332,0.4258745610713959,-0.4835200905799866,-0.4103150963783264,0.45848771929740906,0.38922375440597534,-0.33727967739105225,-0.3960864543914795,0.3304169774055481,0.0013432816292260341,0.021386258449670237,0.00020245425278986318,0.01640211492873167
333,0.42585983872413635,-0.4834907054901123,-0.41030246019363403,0.4584634006023407,0.39387449622154236,-0.3291415870189667,-0.38720622658729553,0.3358098566532135,0.0010230621350082458,0.02382365037281975,0.00053343600679856,0.015043891843280477
334,0.42585548758506775,-0.4834873080253601,-0.41029787063598633,0.45846298336982727,0.38766855001449585,-0.33536556363105774,-0.3906257748603821,0.3324083387851715,0.0014582422010187557,0.021940051162411045,0.0003869913522045465,0.015889773421363884
335,0.42584434151649475,-0.48348042368888855,-0.4102720618247986,0.4584689140319824,0.3730601668357849,-0.3499920666217804,-0.40104493498802185,0.32200729846954346,0.0027861690967236896,0.017819141472475764,8.51398696619654e-05,0.018621772521910884
336,0.4258801341056824,-0.48352476954460144,-0.41027894616127014,0.4585079550743103,0.36356860399246216,-0.35940784215927124,-0.4146638810634613,0.3083125352859497,0.0038827267850507496,0.01540501166357533,1.9227654096454216e-05,0.02255866412540186
337,0.42587873339653015,-0.4835268259048462,-0.41027945280075073,0.4585103988647461,0.3730102777481079,-0.35064491629600525,-0.40871304273605347,0.3149421513080597,0.0027950736026491896,0.017657601901292175,2.453640490784892e-06,0.02061184170649799
338,0.4259026050567627,-0.4835609197616577,-0.41030222177505493,0.45853403210639954,0.3899219036102295,-0.33131372928619385,-0.3890044391155243,0.33223119378089905,0.0012946108765845565,0.023179207007672176,0.000453595546212604,0.015952406969077515
339,0.4259338676929474,-0.4836091101169586,-0.41030260920524597,0.45857754349708557,0.38804173469543457,-0.3329337537288666,-0.3832617998123169,0.33771368861198425,0.0014358137431011997,0.02270306302267855,0.0007312053726247214,0.01460807141768683
340,0.4259587526321411,-0.4836612045764923,-0.4102930426597595,0.45863643288612366,0.38771307468414307,-0.33681541681289673,-0.3829808831214905,0.3415476083755493,0.001462731881701984,0.021563685383910958,0.0007459540586438607,0.013709792825268075
341,0.4259520173072815,-0.48365816473960876,-0.4102591872215271,0.4586542546749115,0.38506630063056946,-0.34433531761169434,-0.3919597566127777,0.3374418616294861,0.0016716418281683687,0.019410855731828214,0.00033486916060443406,0.014692444227798696
342,0.42595070600509644,-0.48365721106529236,-0.4102368950843811,0.4586615562438965,0.366075724363327,-0.35595911741256714,-0.40174180269241333,0.32029303908348083,0.0035850134266022238,0.01630680312254018,7.216659474806875e-05,0.01914584654117224
343,0.42591866850852966,-0.483579158782959,-0.4102364182472229,0.4585856795310974,0.3514218330383301,-0.36106184124946594,-0.41198500990867615,0.3004986643791199,0.005549778495073987,0.015010493095602762,3.057572798503827e-06,0.024991504359661576
344,0.4258999824523926,-0.4835471212863922,-0.41023045778274536,0.4585530459880829,0.379619300365448,-0.33850815892219543,-0.3902026116847992,0.32792484760284424,0.002141901534432833,0.02103630060368289,0.0004011146193230175,0.017063726213373265
345,0.4258740246295929,-0.4835704565048218,-0.41016218066215515,0.458612322807312,0.41266196966171265,-0.3160856068134308,-0.3637051284313202,0.36504244804382324,0.00017455839647428917,0.028051174876147833,0.0021582577019785276,0.008755321463254973
346,0.4258425831794739,-0.4834747314453125,-0.4101492166519165,0.45851877331733704,0.40248480439186096,-0.33200621604919434,-0.3670780062675476,0.3674129843711853,0.0005455858298910599,0.022942711156304085,0.001855129163974567,0.008300264779500743
347,0.4258737564086914,-0.48354148864746094,-0.41012898087501526,0.45859843492507935,0.36151495575904846,-0.36348316073417664,-0.39528340101242065,0.32971471548080444,0.004142055221060481,0.0144140021013337,0.00022039124145667444,0.016611013137790565
348,0.4258847236633301,-0.48351579904556274,-0.41018012166023254,0.45854759216308594,0.3399614095687866,-0.3741116523742676,-0.4082320034503937,0.3058410584926605,0.00738281590498957,0.011969267308874265,3.7951645595057926e-06,0.02331928542563677
349,0.42586562037467957,-0.4835076630115509,-0.41014933586120605,0.45855462551116943,0.35542336106300354,-0.3620995581150055,-0.4025703966617584,0.314952552318573,0.004962111896933408,0.014739927934570574,5.744031938892391e-05,0.020621555425211824
350,0.4258630871772766,-0.483486533164978,-0.41015347838401794,0.4585275948047638,0.38263362646102905,-0.34610217809677124,-0.3895128667354584,0.3392229378223419,0.0018687862738175909,0.018874461017507116,0.000426034849226653,0.014233601177693345
351,0.4258769452571869,-0.48351505398750305,-0.41018593311309814,0.4585398733615875,0.39667749404907227,-0.3335399925708771,-0.37276509404182434,0.357452392578125,0.0008526079508550666,0.022492519046920734,0.001400319196798172,0.010218678771146905
352,0.42585885524749756,-0.48349729180336,-0.41018855571746826,0.45852258801460266,0.385357141494751,-0.3446268141269684,-0.3729844391345978,0.3569995164871216,0.0016403888169094216,0.019285009570069178,0.0013841462907118185,0.01030693405237404
353,0.42583802342414856,-0.4834814667701721,-0.41020336747169495,0.4585028886795044,0.34566929936408997,-0.3738791346549988,-0.39089497923851013,0.3286534547805786,0.006427024317417818,0.012012671205084757,0.0003728138561633898,0.016860875483871496
354,0.4257955551147461,-0.4834013283252716,-0.41020211577415466,0.45842039585113525,0.3364085853099823,-0.38440465927124023,-0.4105449914932251,0.31026825308799744,0.007990030370877754,0.009800340483793413,1.1756375872806757e-07,0.02194905740530917
355,0.4258236587047577,-0.4834592342376709,-0.41020068526268005,0.4584789276123047,0.35167500376701355,-0.3736025393009186,-0.40855810046195984,0.3167194724082947,0.0054980230290766485,0.012068493422426663,2.698084827557068e-06,0.02009574313973772
356,0.42584502696990967,-0.4835391342639923,-0.4101926386356354,0.4585641622543335,0.3723192811012268,-0.3548614978790283,-0.381082147359848,0.3460986316204071,0.0028650054707988204,0.01655793410562101,0.0008474207023176916,0.012648495580770636
357,0.42582088708877563,-0.48353078961372375,-0.41014084219932556,0.45858442783355713,0.35888344049453735,-0.3694377839565277,-0.38691017031669617,0.3414110541343689,0.004480621756556502,0.013017213939892969,0.0005396641161183879,0.013729599504049617
358,0.42581379413604736,-0.48351985216140747,-0.4101104438304901,0.4585849642753601,0.33062171936035156,-0.39455872774124146,-0.4067338705062866,0.3184465765953064,0.00906153110010166,0.007914081658100258,1.1401247413722615e-05,0.01963876770156503
359,0.42584267258644104,-0.4835943877696991,-0.41008976101875305,0.45867010951042175,0.33760881423950195,-0.3863137364387512,-0.4156450629234314,0.30827751755714417,0.007785213758787712,0.00946352512337345,3.0861379252122845e-05,0.022617931714425055
360,0.4258071184158325,-0.48356178402900696,-0.4100492298603058,0.4586624503135681,0.3627817630767822,-0.35984179377555847,-0.3849557042121887,0.337667852640152,0.003972195415613555,0.015306635988313388,0.000629685029452709,0.014639692666151838
361,0.42579397559165955,-0.48353368043899536,-0.4099799394607544,0.4586631655693054,0.3696042001247406,-0.35880035161972046,-0.3706681728363037,0.35773637890815735,0.003157290867022766,0.015558403318337355,0.0015454149951352747,0.010186216265744896
362,0.4257606863975525,-0.4834706783294678,-0.4099518954753876,0.4586089253425598,0.3414798974990845,-0.38634103536605835,-0.38488292694091797,0.34293800592422485,0.00710325137734813,0.00943416754219939,0.0006284531833822271,0.01337976159908294
363,0.42574793100357056,-0.4834615886211395,-0.4099343419075012,0.4586116671562195,0.31964343786239624,-0.40458253026008606,-0.40728428959846497,0.31694167852401733,0.011258163464745508,0.006221905847926479,7.022777240628386e-06,0.020070385679048286
364,0.42573511600494385,-0.48336607217788696,-0.40995997190475464,0.4585004448890686,0.33410245180130005,-0.3857700824737549,-0.40243786573410034,0.3174346685409546,0.008396545149057744,0.009524977206329055,5.658208124259545e-05,0.019899553256696123
365,0.42572829127311707,-0.4833596348762512,-0.4099908173084259,0.4584769904613495,0.3618868291378021,-0.36508554220199585,-0.37833669781684875,0.3486357033252716,0.004075732287574851,0.013988760997918348,0.0010019832807870444,0.012065108359710308
366,0.4257931411266327,-0.4834691882133484,-0.4099888503551483,0.45858535170555115,0.3639848530292511,-0.3635060489177704,-0.36309802532196045,0.3643929064273834,0.003820264477528923,0.014391154789650251,0.002198749472293038,0.008872216747480621
367,0.4258310794830322,-0.48356056213378906,-0.4099985361099243,0.45867621898651123,0.3506363332271576,-0.3807997405529022,-0.37097635865211487,0.36045968532562256,0.005654249864485372,0.010559786451978859,0.0015227303335487719,0.009646487484360478
368,0.4258138835430145,-0.4835750460624695,-0.40996822714805603,0.45870935916900635,0.3366225063800812,-0.3990086317062378,-0.3878316283226013,0.34779950976371765,0.007955101760220629,0.007151478437069869,0.0004900290075591229,0.012300994695103817
369,0.42582690715789795,-0.4836096167564392,-0.40994662046432495,0.4587552845478058,0.33930450677871704,-0.393806517124176,-0.38855651021003723,0.34455451369285583,0.007486125767375285,0.008064596703562188,0.00045753681669058466,0.013041816063864786
370,0.4258415997028351,-0.4836050868034363,-0.4099111258983612,0.4587635397911072,0.36124905943870544,-0.3774295449256897,-0.37785518169403076,0.3608234226703644,0.004172196257773209,0.011273245693033118,0.0010275835588311466,0.009592266541624817
371,0.4258110821247101,-0.4836132526397705,-0.40982508659362793,0.45881763100624084,0.37375345826148987,-0.365779846906662,-0.3557049632072449,0.383828341960907,0.0027099962022845148,0.013884711506663372,0.0029289877553573263,0.005623393471524629
372,0.4257822632789612,-0.48358696699142456,-0.4097566604614258,0.4588237702846527,0.36103636026382446,-0.385639488697052,-0.36233311891555786,0.3843427300453186,0.00419203195724549,0.009593708504226583,0.0022489922927526607,0.005547425355133306
373,0.4257087707519531,-0.4834806025028229,-0.40970778465270996,0.4587405323982239,0.33800429105758667,-0.4139076769351959,-0.3875078558921814,0.3644041121006012,0.007692075758459538,0.00484039197203856,0.0004928368369725433,0.008899360194569716
374,0.42574968934059143,-0.4835561215877533,-0.40965980291366577,0.4588421583175659,0.3383945822715759,-0.41798803210258484,-0.39759817719459534,0.35878443717956543,0.007630914731039162,0.004299174358735058,0.00014548281498694138,0.01001154755932987
375,0.4257829487323761,-0.48355478048324585,-0.4096642732620239,0.4588288962841034,0.35334262251853943,-0.403352826833725,-0.3875238597393036,0.3691715896129608,0.005247600861967072,0.006432353369199895,0.0004901979109570576,0.008038432639523307
376,0.4257896840572357,-0.4835643470287323,-0.40966472029685974,0.45883938670158386,0.36661872267723083,-0.39195317029953003,-0.36808931827545166,0.3904826045036316,0.0035012026706340293,0.008392607701709132,0.0017285140532417032,0.0046726496724582844
377,0.42588338255882263,-0.483709454536438,-0.4096725583076477,0.45897775888442993,0.3572443723678589,-0.4042903184890747,-0.36644548177719116,0.39508920907974243,0.004711313719995225,0.006307399170509598,0.0018685801453699469,0.004081746796146035
378,0.42590808868408203,-0.4837423264980316,-0.409683495759964,0.4590054750442505,0.3365651071071625,-0.4301849901676178,-0.39204928278923035,0.3747008442878723,0.007982168357053787,0.002868388274809064,0.00031096546709719064,0.007107270766969265
379,0.4259635806083679,-0.48381516337394714,-0.4096681475639343,0.4590878486633301,0.3315269649028778,-0.4414427578449249,-0.4082864820957184,0.36468321084976196,0.008918274385906422,0.0017954207503159125,1.9089994660603793e-06,0.008912235640710975
380,0.42596563696861267,-0.48384180665016174,-0.4096623659133911,0.45911797881126404,0.3467240631580353,-0.4317987859249115,-0.4043165147304535,0.3742063045501709,0.006279227019977185,0.0027084760062088264,2.8578124870115573e-05,0.007209992425821987
381,0.42601460218429565,-0.4839062988758087,-0.40965402126312256,0.4591844081878662,0.36547863483428955,-0.40958505868911743,-0.38066285848617554,0.39440083503723145,0.003664603343001005,0.0055236467428878555,0.0008404875191594385,0.004196911350163646
382,0.4260632395744324,-0.4839754104614258,-0.4096362292766571,0.4592639207839966,0.3607741892337799,-0.41731396317481995,-0.3702082633972168,0.40787988901138306,0.004262660094384252,0.0044437485543449284,0.0015545644933903091,0.0026403187212089563
383,0.42607197165489197,-0.48400232195854187,-0.40964069962501526,0.45928919315338135,0.3283691704273224,-0.457215279340744,-0.39372724294662476,0.39185723662376404,0.009545837367713972,0.0007175456522077184,0.0002532381034550113,0.0045470687614121985
384,0.42601802945137024,-0.48397698998451233,-0.409574419260025,0.4592987596988678,0.3037029504776001,-0.4855957627296448,-0.4288065731525421,0.36049214005470276,0.014960978544359627,2.620425200383636e-06,0.00036987574334546025,0.0097627480855067
385,0.4261923134326935,-0.48420092463493347,-0.40963014960289,0.45948776602745056,0.314197301864624,-0.47455933690071106,-0.4335322678089142,0.3552243709564209,0.012542882616132012,9.296021403670807e-05,0.0005713112547347521,0.010870855551737613
386,0.4262654781341553,-0.4843476414680481,-0.4096461534500122,0.45963340997695923,0.35578444600105286,-0.43441030383110046,-0.3962087333202362,0.3939860165119171,0.0049675758905474154,0.0024937376902665065,0.00018056425974410928,0.004309580268754054
387,0.4262137711048126,-0.4843140244483948,-0.4095994830131531,0.45963022112846375,0.3795316815376282,-0.41686373949050903,-0.3622719645500183,0.4341234564781189,0.002179217486358631,0.004549540940899988,0.002239894003878362,0.0006505950429280816
388,0.42628204822540283,-0.48444291949272156,-0.40953218936920166,0.4597790539264679,0.3611905574798584,-0.4389621913433075,-0.36128973960876465,0.43886300921440125,0.004236902167477297,0.0020684966330009047,0.002327333958888289,0.0004374809263971713
389,0.42634373903274536,-0.48448607325553894,-0.40952202677726746,0.45982345938682556,0.319784551858902,-0.4863086938858032,-0.4027464985847473,0.4033467471599579,0.011354860371150188,3.3219459618649694e-06,4.590778228763526e-05,0.003189619023956425
390,0.4265088737010956,-0.4847669005393982,-0.4094867408275604,0.4601379334926605,0.3022674322128296,-0.5050233602523804,-0.4333871304988861,0.37390366196632385,0.015435935783082222,0.00041032416010367,0.0005712286264412114,0.007436349585677959
391,0.42653554677963257,-0.4847283959388733,-0.4095458388328552,0.46005502343177795,0.33062630891799927,-0.48141568899154663,-0.42525506019592285,0.38678693771362305,0.009198581907199355,1.097402731886632e-05,0.0002467796358338603,0.005368212384802895
392,0.4266926944255829,-0.4850021302700043,-0.4095537066459656,0.4603293240070343,0.36710286140441895,-0.447888046503067,-0.3847610354423523,0.4302298426628113,0.0035509481994902004,0.0013774552138592355,0.0006146765454104752,0.0009059787771912298
393,0.42691856622695923,-0.4853178560733795,-0.4095350205898285,0.4606480002403259,0.3772621750831604,-0.43897250294685364,-0.3621982932090759,0.4540363848209381,0.0024657571814259427,0.002147891756422382,0.0022407657591196894,4.3713458453886744e-05
394,0.42701220512390137,-0.48548993468284607,-0.40953266620635986,0.46082204580307007,0.36095041036605835,-0.4599493145942688,-0.37096816301345825,0.4499315619468689,0.004364160726627375,0.0006523232745090368,0.0014872209065153186,0.00011860263862217835
