{
  "learning_rate": 0.001,
  "learning_rate_2": 0.001,
  "dropout_rate": 0.0,
  "hidden_neurons": 100,
  "num_layers": 2,
  "regularization": 0.1,
  "beam_fill_window": 3,
  "lipschitz_constant": 0.0,
  "num_past_beam_instances": 3,
  "num_imu_instances": 1,
  "partial_rmse": false,
  "missing_beam_probability": {
    "b1": 0.2,
    "b2": 0.15,
    "b3": 0.1,
    "b4": 0.05
  },
  "training_trajectories": [
    ["Trajectory13", 100],
    ["Trajectory14", 100]
  ],
  "testing_trajectories": [
    "Trajectory15"
  ]
}
