{
  "learning_rate": 0.001,
  "dropout_rate": 0.2,
  "hidden_neurons": 64,
  "num_layers": 3,
  "kernel_size": 3,
  "regularization": 0.01,
  "dilation_base": 2,
  "beam_fill_window": 40,
  "num_past_beam_instances": 3,
  "num_imu_instances": 1,
  "partial_rmse": true,
  "missing_beam_probability": {
    "b1": 0.2,
    "b2": 0.15,
    "b3": 0.1,
    "b4": 0.05
  },
  "training_trajectories": [
    ["Trajectory1", 30],
    ["Trajectory2", 40]
  ],
  "testing_trajectories": [
    "Trajectory3"
  ]
}
