Time,V_X,V Y,V_Z,SWITCH VALUE
11:21:10.912,1.3343510627746582,0.05375346541404724,0.055890440940856934,1
11:21:10.982,0.7568886876106262,0.01900874823331833,0.02381395734846592,1
11:21:11.052,0.955445408821106,0.03995171934366226,0.03354502096772194,0
11:21:11.122,0.8523852825164795,0.02001190558075905,0.023065270856022835,1
11:21:11.192,0.8593863248825073,0.03322889283299446,0.028565168380737305,1
11:21:11.262,0.8039880394935608,0.009361300617456436,0.021419789642095566,1
11:21:11.332,0.8380231261253357,0.018989786505699158,0.015010353177785873,1
11:21:11.402,0.8125601410865784,0.01125955581665039,-0.0021357033401727676,1
11:21:11.472,0.7940790057182312,-0.00781212979927659,0.000134533504024148,1
11:21:11.542,0.8824199438095093,0.00510295620188117,-0.01091750618070364,1
11:21:11.612,0.9570142030715942,0.016158686950802803,0.003277163952589035,1
11:21:11.682,0.9074770212173462,0.011009580455720425,0.010602166876196861,1
11:21:11.752,0.9917948842048645,0.014432132244110107,0.031027410179376602,1
11:21:11.822,1.0106382369995117,0.01410394161939621,0.029383433982729912,1
11:21:11.892,1.106844425201416,0.011852207593619823,0.046091414988040924,1
11:21:11.962,1.0367828607559204,-0.0017266874201595783,0.03518081456422806,1
11:21:12.032,1.1276217699050903,0.0032960004173219204,0.04711214452981949,1
11:21:12.102,1.049815058708191,0.0018322793766856194,0.040440820157527924,1
11:21:12.172,1.117412805557251,5.73903089389205e-05,0.044903334230184555,1
11:21:12.242,1.0516200065612793,-0.007120258640497923,0.029791254550218582,1
11:21:12.312,1.1403388977050781,-0.004998037591576576,0.029329903423786163,1
11:21:12.382,1.0799884796142578,-0.023882102221250534,0.020775940269231796,1
11:21:12.452,1.1960680484771729,-0.015775205567479134,0.013894982635974884,1
11:21:12.522,1.0798159837722778,-0.021541129797697067,-0.0023908191360533237,1
11:21:12.592,1.3587287664413452,-0.03906504809856415,0.0022894558496773243,1
11:21:12.662,1.1019060611724854,-0.033768430352211,0.006844669114798307,1
11:21:12.732,1.3154592514038086,-0.020485028624534607,-0.007292689755558968,1
11:21:12.872,1.2163327932357788,0.0074207717552781105,-0.009540678933262825,1
11:21:13.012,1.3235846757888794,0.0037561985664069653,-0.00043470924720168114,1
11:21:13.152,1.4662871360778809,-0.0038196437526494265,7.977992936503142e-05,1
11:21:13.222,1.2267298698425293,0.0009047405328601599,-0.009260948747396469,1
11:21:13.292,1.3381003141403198,-0.00040396483382210135,-0.012200216762721539,1
11:21:13.362,1.3413889408111572,0.0005064858123660088,-0.00953606516122818,1
11:21:13.432,1.4466116428375244,-0.0021610071416944265,-0.011882206425070763,1
11:21:13.502,1.2815220355987549,0.006827004253864288,-0.016286883503198624,1
11:21:13.572,1.3520935773849487,0.0032758614979684353,-0.020668085664510727,1
11:21:13.642,1.0790742635726929,0.019844094291329384,-0.003639508970081806,1
11:21:13.712,1.4478018283843994,0.008350076153874397,-0.012655353173613548,1
11:21:13.782,1.2500004768371582,0.02035515010356903,0.005776635371148586,1
11:21:13.852,1.4113314151763916,0.009418217465281487,-0.0004293988458812237,1
11:21:13.922,1.3707926273345947,0.014501795172691345,0.00828250776976347,1
11:21:13.992,1.3013845682144165,0.002833077684044838,-0.009405244141817093,1
11:21:14.062,1.3274266719818115,0.008070976473391056,-0.00837666168808937,1
11:21:14.132,1.3364558219909668,0.008674679324030876,-0.009892784990370274,1
11:21:14.202,1.3573873043060303,0.009941895492374897,-0.0004630940966308117,1
11:21:14.272,1.3838423490524292,-0.012436222285032272,-0.012807697057723999,1
11:21:14.342,1.4416019916534424,-0.016688501462340355,-0.0073976051062345505,1
11:21:14.412,1.4672560691833496,-0.011601588688790798,0.004210480023175478,1
11:21:14.482,1.4628663063049316,-0.017372844740748405,0.01438085362315178,1
11:21:14.552,1.4831299781799316,-0.017186127603054047,0.010742269456386566,1
11:21:14.622,1.4737799167633057,-0.021130884066224098,0.012471919879317284,1
11:21:14.692,1.4639461040496826,-0.014196188189089298,0.010060671716928482,1
11:21:14.762,1.4065227508544922,-0.009722579270601273,-0.0003874734975397587,1
11:21:14.832,1.4128894805908203,-0.0120336152613163,-0.002280656946823001,1
11:21:14.902,1.4175310134887695,-0.015642842277884483,-0.010317322798073292,1
11:21:14.972,1.4855128526687622,-0.019392872229218483,-0.009191486984491348,1
11:21:15.042,1.492785930633545,-0.01737338677048683,-0.007228950969874859,0
11:21:15.112,1.4549949169158936,-0.020862938836216927,0.00021738861687481403,1
11:21:15.182,1.4144835472106934,-0.012350601144134998,-0.005877035669982433,1
11:21:15.252,1.4316372871398926,-0.02407918870449066,-0.01477588526904583,0
11:21:15.322,1.4622321128845215,-0.0032320013269782066,-0.0031313286162912846,1
11:21:15.392,1.4755398035049438,-0.003862712997943163,-0.0019331935327500105,1
11:21:15.462,1.47154700756073,0.005805575754493475,-0.005148580763489008,1
11:21:15.532,1.4353346824645996,-0.002288068877533078,-0.01726866513490677,1
11:21:15.602,1.4818813800811768,0.00015765719581395388,-0.0259237177670002,1
11:21:15.672,1.4068963527679443,0.0008802105439826846,-0.025670133531093597,1
11:21:15.742,1.5589417219161987,-0.003985157702118158,-0.027247779071331024,1
11:21:15.812,1.5606666803359985,-0.0039388276636600494,-0.026656851172447205,1
11:21:15.882,1.5737494230270386,0.000685741426423192,-0.025299876928329468,1
11:21:15.952,1.4791150093078613,0.0007503285887651145,-0.024782255291938782,1
11:21:16.022,1.553283929824829,-0.0006509097293019295,-0.01753341779112816,1
11:21:16.092,1.5243772268295288,-0.0007060639909468591,-0.014435861259698868,1
11:21:16.162,1.5202488899230957,-0.0013821027241647243,-0.013771709986031055,0
11:21:16.232,1.562760829925537,-0.007711535785347223,-0.0061000012792646885,1
11:21:16.302,1.5341134071350098,-0.010492878034710884,-0.003996432758867741,1
11:21:16.372,1.4879443645477295,-0.015514928847551346,-0.008325181901454926,1
11:21:16.442,1.4909682273864746,-0.01628691330552101,-0.0109388567507267,1
11:21:16.512,1.463794231414795,-0.022031759843230247,-0.011724390089511871,0
11:21:16.582,1.4774961471557617,-0.018964312970638275,-0.01188000850379467,1
11:21:16.652,1.508036732673645,-0.013776436448097229,-0.007385523524135351,1
11:21:16.722,1.5071479082107544,-0.00213019922375679,-0.00017633591778576374,1
11:21:16.792,1.556131362915039,-0.010335789062082767,0.009504170157015324,1
11:21:16.862,1.5346951484680176,-0.007928532548248768,0.014415888115763664,1
11:21:16.932,1.5026514530181885,-0.009214913472533226,0.014927979558706284,1
11:21:17.002,1.471039056777954,-0.0027555222623050213,0.004082397557795048,1
11:21:17.072,1.398468255996704,-0.005600155796855688,-0.0032204613089561462,1
11:21:17.142,1.4138975143432617,-0.013016950339078903,-0.01669629104435444,1
11:21:17.212,1.4064197540283203,-0.022623252123594284,-0.01293391827493906,1
11:21:17.282,1.461134672164917,-0.022041480988264084,-0.023227378726005554,1
11:21:17.352,1.4341946840286255,-0.022288847714662552,-0.003538893535733223,1
11:21:17.422,1.5774495601654053,-0.018963275477290154,-0.006242969539016485,1
11:21:17.492,1.5352060794830322,-0.010371205396950245,0.012273808009922504,1
11:21:17.562,1.4814622402191162,-0.0029793991707265377,0.0013496302999556065,1
11:21:17.632,1.4743220806121826,-0.004836379550397396,0.007533540949225426,1
11:21:17.702,1.426344871520996,-0.004379447549581528,-0.0006150701083242893,1
11:21:17.772,1.4670675992965698,-0.0072670686058700085,-0.0027708904817700386,1
11:21:17.842,1.5013573169708252,-0.008957317098975182,-0.020210860297083855,1
11:21:17.912,1.5336482524871826,-0.006097577046602964,-0.010459442622959614,1
11:21:17.982,1.482558250427246,-0.01978006586432457,-0.006370797287672758,1
11:21:18.052,1.4899406433105469,-0.009633384644985199,-0.010155199095606804,1
11:21:18.122,1.502023696899414,-0.0029588532634079456,-0.009542712941765785,1
11:21:18.192,1.502825140953064,-1.0132207535207272e-05,-0.005148228257894516,1
11:21:18.262,1.5106794834136963,-0.008642167784273624,0.0007476964965462685,1
11:21:18.332,1.4674421548843384,-0.0022778287529945374,-0.0006675353506579995,1
11:21:18.402,1.4301201105117798,-0.0076774712651968,-0.008543129079043865,1
11:21:18.472,1.4139565229415894,0.0007214327342808247,-0.011993754655122757,1
11:21:18.542,1.463972568511963,-0.009807243011891842,-0.007329798303544521,1
11:21:18.612,1.4843543767929077,-0.006919786334037781,0.00011985236778855324,1
11:21:18.682,1.5001193284988403,-0.01520814374089241,0.0050222864374518394,1
11:21:18.752,1.476388931274414,-0.0031325174495577812,0.011680377647280693,1
11:21:18.822,1.4710469245910645,-0.005995900370180607,0.009977785870432854,1
11:21:18.892,1.4624593257904053,0.0061898184940218925,0.006233825348317623,1
11:21:18.962,1.4365609884262085,-0.006547644268721342,0.012780707329511642,1
11:21:19.032,1.423843502998352,-0.018575869500637054,0.019984804093837738,1
11:21:19.102,1.414252519607544,-0.026853617280721664,0.02044018730521202,1
11:21:19.172,1.4842982292175293,-0.025933964177966118,0.020079508423805237,1
11:21:19.242,1.4244928359985352,-0.029006049036979675,0.018167391419410706,1
11:21:19.312,1.452282190322876,-0.027899786829948425,0.016518928110599518,1
11:21:19.382,1.438357949256897,-0.021393604576587677,0.01164297852665186,1
11:21:19.452,1.4323277473449707,-0.01672615110874176,0.0058334385976195335,1
11:21:19.522,1.4809396266937256,-0.01693621650338173,0.008568736724555492,1
11:21:19.592,1.459092378616333,-0.01713995635509491,0.009761268272995949,1
11:21:19.662,1.5266146659851074,-0.016070205718278885,0.010365772992372513,1
11:21:19.732,1.4599394798278809,-0.01031471323221922,-0.0030234307050704956,1
11:21:19.872,1.5053398609161377,0.0031178337521851063,-0.016732346266508102,1
11:21:19.942,1.3910335302352905,0.0015785200521349907,-0.005569973960518837,1
11:21:20.012,1.591503620147705,-0.004891230724751949,-0.011805124580860138,1
11:21:20.082,1.4579646587371826,0.0032915915362536907,-0.014359239488840103,1
11:21:20.152,1.508646011352539,0.0024014522787183523,-0.019884759560227394,1
11:21:20.222,1.497614860534668,-0.0018990742973983288,-0.009491857141256332,1
11:21:20.292,1.5972177982330322,-0.010540135204792023,-0.006402318365871906,1
11:21:20.362,1.5540982484817505,-0.0179356150329113,-0.0006832282524555922,1
11:21:20.432,1.5433448553085327,-0.021264495328068733,0.002076037460938096,1
11:21:20.502,1.5174729824066162,-0.02800964191555977,0.003950661979615688,1
11:21:20.572,1.5037918090820312,-0.0244145467877388,-0.003405514871701598,1
11:21:20.642,1.5004048347473145,-0.019110314548015594,0.0015176817541942,1
11:21:20.712,1.5422255992889404,-0.01963646337389946,0.003189845709130168,1
11:21:20.782,1.5890252590179443,-0.022024216130375862,0.004884396679699421,0
11:21:20.852,1.5302741527557373,-0.019596390426158905,0.009848061949014664,0
11:21:20.922,1.6436309814453125,-0.0161399245262146,0.007332546636462212,1
11:21:20.992,1.5921308994293213,-0.013490011915564537,-0.0017469015438109636,1
11:21:21.062,1.542932391166687,-0.011937957257032394,-0.004803335759788752,1
11:21:21.132,1.607746958732605,-0.01861679181456566,0.00300602032802999,1
11:21:21.202,1.5787036418914795,-0.021049724891781807,0.0052675288170576096,1
11:21:21.272,1.5519136190414429,-0.030510451644659042,0.008775300346314907,1
11:21:21.342,1.5769941806793213,-0.033993326127529144,0.014076324179768562,1
11:21:21.412,1.5837868452072144,-0.03822539746761322,0.020764579996466637,1
11:21:21.482,1.6009621620178223,-0.03319473937153816,0.029657650738954544,1
11:21:21.552,1.5719352960586548,-0.014113044366240501,0.012483343482017517,1
11:21:21.622,1.557276964187622,-0.028824787586927414,0.01114239264279604,1
11:21:21.692,1.5056748390197754,-0.00890471413731575,0.00833055842667818,1
11:21:21.762,1.4428436756134033,-0.02029995620250702,0.0016917833127081394,1
11:21:21.832,1.4562338590621948,-0.011425784789025784,-0.001276790862902999,1
11:21:21.902,1.450688362121582,-0.018870774656534195,-0.01679726131260395,1
11:21:21.972,1.4614923000335693,-0.012545195408165455,-0.012370910495519638,1
11:21:22.042,1.51353120803833,-0.018248476088047028,-0.017364300787448883,1
11:21:22.112,1.483982801437378,-0.010210723616182804,-0.009537331759929657,1
11:21:22.182,1.5514304637908936,-0.011691812425851822,-0.012859351933002472,1
11:21:22.252,1.5194872617721558,-0.007145976647734642,0.001539081335067749,1
11:21:22.322,1.4959774017333984,-0.007758693303912878,-0.0012974676210433245,1
11:21:22.392,1.4958229064941406,-0.0019013131968677044,-0.0004835760919377208,1
11:21:22.462,1.499613642692566,-0.0015960291493684053,-0.006337404251098633,1
11:21:22.532,1.5227676630020142,-0.007149611599743366,0.0032361820340156555,1
11:21:22.602,1.5756025314331055,-0.020369410514831543,0.0023255939595401287,1
11:21:22.672,1.5123488903045654,-0.01964624971151352,0.007681355811655521,1
11:21:22.742,1.691303014755249,-0.0312055516988039,0.0026276730932295322,1
11:21:22.812,1.605444073677063,-0.02212415263056755,0.005792858079075813,1
11:21:22.882,1.6066995859146118,-0.03187477961182594,0.000990100670605898,1
11:21:22.952,1.5628122091293335,-0.033239156007766724,0.010110953822731972,1
11:21:23.022,1.6866899728775024,-0.03968460112810135,0.009267641231417656,1
11:21:23.092,1.6476058959960938,-0.038877807557582855,0.019484572112560272,1
11:21:23.162,1.6652170419692993,-0.03709106892347336,0.01413965318351984,1
11:21:23.232,1.6184545755386353,-0.02853083424270153,0.008883337490260601,1
11:21:23.302,1.6061897277832031,-0.02549573965370655,0.0018631936982274055,1
11:21:23.372,1.642181396484375,-0.023160627111792564,0.005216248333454132,1
11:21:23.442,1.6907432079315186,-0.032888904213905334,0.006321936845779419,0
11:21:23.512,1.6500229835510254,-0.035020068287849426,0.013550873845815659,1
11:21:23.582,1.7169725894927979,-0.0382620133459568,0.010908029973506927,1
11:21:23.652,1.6295974254608154,-0.033746104687452316,0.003460334613919258,1
11:21:23.722,1.6443201303482056,-0.0386299192905426,-0.0022503873333334923,1
11:21:23.792,1.6302632093429565,-0.0447731539607048,-0.011766266077756882,1
11:21:23.862,1.6203346252441406,-0.05028232932090759,-0.015289420261979103,1
11:21:23.932,1.6785557270050049,-0.05409325659275055,-0.022172749042510986,1
11:21:24.002,1.7861508131027222,-0.04547872394323349,-0.01182072889059782,1
11:21:24.072,1.6060625314712524,-0.03523678332567215,-0.018779683858156204,1
11:21:24.142,1.7331360578536987,-0.02410026825964451,-0.014140223152935505,1
11:21:24.212,1.6927047967910767,-0.015017849393188953,-0.01901719719171524,1
11:21:24.282,1.631086826324463,-0.016618555411696434,-0.010491994209587574,1
11:21:24.352,1.5474261045455933,-0.013522752560675144,-0.019195962697267532,1
11:21:24.422,1.5280814170837402,-0.006027216091752052,-0.028650695458054543,1
11:21:24.492,1.5451455116271973,-0.014054459519684315,-0.04571756348013878,1
11:21:24.562,1.480875015258789,-0.0032729338854551315,-0.04331093281507492,1
11:21:24.632,1.497394323348999,0.006594879552721977,-0.048067133873701096,1
11:21:24.702,1.4041985273361206,0.013345479033887386,-0.04903460666537285,1
11:21:24.772,1.5654540061950684,0.01407166663557291,-0.04411163181066513,1
11:21:24.842,1.4477884769439697,0.014159785583615303,-0.04260630160570145,1
11:21:24.912,1.4971668720245361,0.015183725394308567,-0.040785253047943115,0
11:21:24.982,1.4204137325286865,0.018797025084495544,-0.034195445477962494,1
11:21:25.052,1.507986068725586,0.012119133956730366,-0.026659075170755386,0
11:21:25.122,1.50175142288208,0.00650592427700758,-0.022255320101976395,1
11:21:25.192,1.5198495388031006,0.001266250852495432,-0.02023477852344513,1
11:21:25.262,1.4597926139831543,-0.003222888568416238,-0.022297702729701996,1
11:21:25.332,1.5163078308105469,-0.004446091130375862,-0.012681526131927967,1
11:21:25.402,1.6744935512542725,-0.009179060347378254,-0.007449700031429529,0
11:21:25.472,1.5144484043121338,-0.007252180017530918,0.005310550332069397,1
11:21:25.542,1.6022884845733643,-0.017397863790392876,0.01008796039968729,1
11:21:25.612,1.5365394353866577,-0.02238461747765541,0.010099707171320915,1
11:21:25.682,1.580581784248352,-0.02475915476679802,0.007444553077220917,1
11:21:25.752,1.5720643997192383,-0.0133945532143116,0.007388255558907986,1
11:21:25.822,1.5744081735610962,-0.011285015381872654,0.009189678356051445,1
11:21:25.892,1.5200963020324707,-0.010870702564716339,0.0065756263211369514,1
11:21:25.962,1.5418708324432373,-0.018351485952734947,0.005181966349482536,1
11:21:26.032,1.538017988204956,-0.023999540135264397,0.0040311384946107864,1
11:21:26.102,1.638366937637329,-0.02452445589005947,0.0056005618534982204,1
11:21:26.172,1.5361268520355225,-0.027681993320584297,0.007398788817226887,1
11:21:26.242,1.6720237731933594,-0.0307789109647274,0.015447728335857391,1
11:21:26.312,1.5994818210601807,-0.025573112070560455,0.011816724203526974,1
11:21:26.382,1.6413323879241943,-0.0317399725317955,0.016112761572003365,1
11:21:26.452,1.6381926536560059,-0.0383455827832222,0.014209261164069176,1
11:21:26.522,1.638653039932251,-0.034028541296720505,0.01099114865064621,1
11:21:26.592,1.6677515506744385,-0.03883738815784454,0.0068792556412518024,1
11:21:26.662,1.6708821058273315,-0.03372535854578018,0.002010971074923873,1
11:21:26.732,1.5787378549575806,-0.02820749022066593,-0.007012148853391409,1
11:21:26.802,1.5920348167419434,-0.024325093254446983,-0.007605965249240398,1
11:21:26.872,1.6072990894317627,-0.0201411210000515,-0.003879074938595295,1
11:21:26.942,1.5782701969146729,-0.019687538966536522,-0.0022187400609254837,1
11:21:27.012,1.5707464218139648,-0.015325197018682957,-0.004244512878358364,1
11:21:27.082,1.622771978378296,-0.018284805119037628,-0.007216787897050381,1
11:21:27.152,1.579973816871643,-0.016558585688471794,-0.005281245801597834,1
11:21:27.222,1.5901169776916504,-0.016803808510303497,-0.0081007219851017,0
11:21:27.292,1.5329123735427856,-0.015387918800115585,-0.017255783081054688,1
11:21:27.362,1.520268440246582,-0.020321154966950417,-0.027748700231313705,1
11:21:27.432,1.4112852811813354,-0.007984328083693981,-0.028324786573648453,0
11:21:27.502,1.5266859531402588,-0.0072994655929505825,-0.023304065689444542,1
11:21:27.572,1.573556661605835,-0.012442337349057198,-0.02746911346912384,1
11:21:27.642,1.5929062366485596,-0.005628527142107487,-0.0052530476823449135,1
11:21:27.712,1.602900505065918,-0.010651566088199615,0.005788658745586872,1
11:21:27.782,1.654008388519287,-0.042284589260816574,-0.0005973970983177423,0
11:21:27.852,1.5743705034255981,-0.0008286498486995697,0.0058015924878418446,1
11:21:27.922,1.5708612203598022,-0.02013208158314228,0.006041630171239376,1
11:21:27.992,1.5378649234771729,-0.018077298998832703,-0.004842296242713928,1
11:21:28.062,1.5786817073822021,-0.04184580594301224,-0.0019233892671763897,1
11:21:28.132,1.5787135362625122,-0.03746959939599037,-0.006224378012120724,1
11:21:28.202,1.6532034873962402,-0.05411791056394577,0.0025169607251882553,1
11:21:28.272,1.768195629119873,-0.04784935712814331,-0.005965706426650286,1
11:21:28.342,1.622016429901123,-0.03695628046989441,-3.1829578801989555e-05,1
11:21:28.412,1.6802873611450195,-0.027370475232601166,-0.00032394862500950694,1
11:21:28.482,1.6120119094848633,-0.025546370074152946,-0.00603473000228405,1
11:21:28.552,1.6199640035629272,-0.020149128511548042,-0.003484928049147129,1
11:21:28.622,1.563340187072754,-0.018907759338617325,-0.01833282969892025,1
11:21:28.692,1.5601093769073486,-0.015913594514131546,-0.018208306282758713,1
11:21:28.762,1.5623236894607544,-0.011113785207271576,-0.03829241544008255,1
11:21:28.832,1.6184964179992676,-0.009868579916656017,-0.030778411775827408,1
11:21:28.902,1.5586247444152832,-0.0011909599415957928,-0.03479091078042984,1
11:21:28.972,1.5957533121109009,0.0022792555391788483,-0.028310127556324005,1
11:21:29.042,1.5181540250778198,0.009739410132169724,-0.0330645889043808,0
11:21:29.112,1.5103390216827393,0.004931372124701738,-0.017113247886300087,1
11:21:29.182,1.5074989795684814,0.0014604046009480953,-0.013340739533305168,1
11:21:29.252,1.5097962617874146,-0.010058997198939323,-0.012722962535917759,1
11:21:29.322,1.4984662532806396,-0.009605258703231812,-0.014075163751840591,1
11:21:29.392,1.5314913988113403,-0.006923867855221033,-0.012226350605487823,0
11:21:29.462,1.4999885559082031,-0.009631169028580189,-0.008961353451013565,1
11:21:29.532,1.5400185585021973,-0.014552668668329716,-0.00357591500505805,1
11:21:29.602,1.552123785018921,-0.017433490604162216,0.0026045083068311214,1
11:21:29.672,1.5505332946777344,-0.013995921239256859,0.007929879240691662,1
11:21:29.742,1.5298824310302734,-0.0112617751583457,0.005304626189172268,1
11:21:29.812,1.5401530265808105,-0.011649622581899166,0.00581850903108716,1
11:21:29.882,1.4949357509613037,-0.008824257180094719,0.003342201467603445,1
11:21:29.952,1.5516407489776611,-0.014312154613435268,0.004862341098487377,1
11:21:30.022,1.5394477844238281,-0.00841327104717493,0.009621888399124146,0
11:21:30.092,1.5333058834075928,-0.022173577919602394,0.003349236212670803,1
11:21:30.162,1.543494462966919,-0.017380058765411377,0.002252650912851095,1
11:21:30.232,1.5188831090927124,-0.025836404412984848,-0.0009893105598166585,1
11:21:30.302,1.5040217638015747,-0.025591010227799416,0.005564114078879356,1
11:21:30.372,1.5894120931625366,-0.028232332319021225,0.020057562738656998,1
11:21:30.442,1.6130272150039673,-0.02433648146688938,0.02138630859553814,1
11:21:30.512,1.7246652841567993,-0.04268660396337509,0.025384224951267242,0
11:21:30.582,1.667555570602417,-0.033455826342105865,0.029765773564577103,1
11:21:30.652,1.696563959121704,-0.039430201053619385,0.032033659517765045,1
11:21:30.722,1.5918266773223877,-0.03433598205447197,0.021921204403042793,1
11:21:30.792,1.6207752227783203,-0.04485471546649933,0.012938134372234344,1
11:21:30.862,1.570048213005066,-0.04506848379969597,-0.00402334937825799,1
11:21:30.932,1.601372480392456,-0.04985155910253525,-0.003223112551495433,1
11:21:31.002,1.634118914604187,-0.03158979490399361,-0.004479337017983198,1
11:21:31.072,1.7020936012268066,-0.045162640511989594,-0.009188909083604813,1
11:21:31.142,1.6491665840148926,-0.02457183599472046,-0.012569756247103214,1
11:21:31.212,1.6932837963104248,-0.023531395941972733,-0.016380853950977325,1
11:21:31.282,1.6326409578323364,-0.007139562629163265,-0.014255121350288391,1
11:21:31.352,1.6436853408813477,-0.00689921248704195,-0.020481467247009277,1
11:21:31.422,1.5913422107696533,0.001612507738173008,-0.01715516857802868,1
11:21:31.492,1.5814522504806519,-0.005602208897471428,-0.031737715005874634,1
11:21:31.562,1.4998602867126465,0.008076071739196777,-0.04294333606958389,1
11:21:31.632,1.4346246719360352,0.007227087393403053,-0.0620863139629364,1
11:21:31.702,1.4969273805618286,0.015158465132117271,-0.06086912006139755,1
11:21:31.772,1.4843226671218872,0.016542058438062668,-0.06920161843299866,1
11:21:31.842,1.5055437088012695,0.0154597582295537,-0.05761747062206268,1
11:21:31.912,1.5402321815490723,0.020877551287412643,-0.045315809547901154,1
11:21:31.982,1.543182611465454,0.012544739991426468,-0.024528970941901207,1
11:21:32.052,1.5746464729309082,0.020826252177357674,-0.02295171096920967,1
11:21:32.122,1.5461622476577759,0.0064838603138923645,-0.00878965761512518,1
11:21:32.192,1.5453962087631226,0.0057005626149475574,-0.008290130645036697,1
11:21:32.262,1.5571355819702148,-0.011619492433965206,-0.006975570227950811,1
11:21:32.332,1.5396335124969482,-0.011149348691105843,-0.00583744328469038,1
11:21:32.402,1.5925650596618652,-0.01865631528198719,-0.0024042760487645864,1
11:21:32.472,1.595228910446167,-0.02076898328959942,0.003715779632329941,1
11:21:32.542,1.6035263538360596,-0.03605341538786888,0.009607866406440735,1
11:21:32.612,1.6079000234603882,-0.034120798110961914,0.020547814667224884,1
11:21:32.682,1.6265231370925903,-0.03693144768476486,0.015498790889978409,1
11:21:32.752,1.6197240352630615,-0.03260089457035065,0.02027784287929535,1
11:21:32.822,1.6217668056488037,-0.038384124636650085,0.013388383202254772,1
11:21:32.892,1.6005009412765503,-0.035316869616508484,0.012935562059283257,1
11:21:32.962,1.597935676574707,-0.03737068548798561,0.009113263338804245,1
11:21:33.032,1.5966378450393677,-0.040475256741046906,0.00839095190167427,1
11:21:33.102,1.5852845907211304,-0.042219795286655426,0.00571660790592432,1
11:21:33.172,1.5930664539337158,-0.04263964295387268,0.005440282169729471,1
11:21:33.242,1.5976793766021729,-0.045716285705566406,0.007202942855656147,0
11:21:33.312,1.607354998588562,-0.041106536984443665,0.0008031895849853754,1
11:21:33.382,1.580061674118042,-0.03868061304092407,-0.0019288129406049848,0
11:21:33.452,1.5301920175552368,-0.027341075241565704,-0.013508538715541363,1
11:21:33.522,1.4945030212402344,-0.030602551996707916,-0.014494062401354313,1
11:21:33.592,1.488848090171814,-0.01855979673564434,-0.01930023543536663,1
11:21:33.662,1.4762991666793823,-0.014684982597827911,-0.019396211951971054,1
11:21:33.732,1.4840786457061768,-0.005005793645977974,-0.02213144302368164,1
11:21:33.802,1.507185697555542,0.0024132798425853252,-0.016686435788869858,1
11:21:33.872,1.528672695159912,0.008847595192492008,-0.0030679386109113693,1
11:21:33.942,1.4901885986328125,-0.00338536873459816,-0.012686599045991898,1
11:21:34.012,1.4936389923095703,-0.011431002989411354,-0.017126696184277534,1
11:21:34.082,1.44386625289917,-0.0012761768884956837,-0.008878487162292004,1
11:21:34.152,1.5233100652694702,-0.01024351455271244,-0.014654170721769333,1
11:21:34.222,1.443366289138794,-0.006727978121489286,-0.018046945333480835,1
11:21:34.292,1.4630179405212402,-0.016461122781038284,-0.0313262902200222,1
11:21:34.362,1.4962891340255737,-0.01725049316883087,-0.026722421869635582,1
11:21:34.432,1.5068937540054321,-0.005804712884128094,-0.03294682502746582,1
11:21:34.502,1.544999122619629,0.001529401633888483,-0.014626305550336838,1
11:21:34.572,1.6015868186950684,-0.000439017778262496,-0.01524769701063633,1
11:21:34.642,1.5863964557647705,-0.007183570880442858,0.00024680886417627335,1
11:21:34.712,1.5651170015335083,-0.006660643499344587,-0.005503772757947445,1
11:21:34.782,1.5460540056228638,-0.010778570547699928,-0.007973833940923214,0
11:21:34.852,1.4855467081069946,-0.008322260342538357,-0.0136198028922081,1
11:21:34.922,1.5206372737884521,-0.019648032262921333,-0.022194212302565575,1
11:21:34.992,1.492182970046997,-0.012907029129564762,-0.03166596591472626,1
11:21:35.062,1.5358197689056396,-0.013825174421072006,-0.025972481817007065,0
11:21:35.132,1.5938496589660645,-0.012365531176328659,-0.014510735869407654,1
11:21:35.202,1.634535789489746,-0.025077249854803085,-0.005181967280805111,1
11:21:35.272,1.6853687763214111,-0.020990295335650444,0.010577065870165825,1
11:21:35.342,1.6990540027618408,-0.029267465695738792,0.02362721972167492,1
11:21:35.412,1.6845983266830444,-0.03531122952699661,0.02438490092754364,1
11:21:35.482,1.6265255212783813,-0.03735685348510742,0.012404615059494972,1
11:21:35.552,1.6004829406738281,-0.036284007132053375,0.011124399490654469,1
11:21:35.622,1.6474323272705078,-0.03959422931075096,0.002119065262377262,1
11:21:35.692,1.6267731189727783,-0.05342550948262215,0.0035083196125924587,1
11:21:35.762,1.6679770946502686,-0.05383989214897156,0.0006653110031038523,1
11:21:35.832,1.6679344177246094,-0.05348581448197365,-0.0020607030019164085,1
11:21:35.902,1.654261827468872,-0.04622286185622215,0.0030044028535485268,1
11:21:35.972,1.64382803440094,-0.03946617990732193,-0.001423430279828608,1
11:21:36.042,1.6282002925872803,-0.032069019973278046,-0.0012016086839139462,1
11:21:36.112,1.5766009092330933,-0.033629581332206726,-0.009829608723521233,0
11:21:36.182,1.5905787944793701,-0.03477529063820839,-0.009364171884953976,1
11:21:36.252,1.5523979663848877,-0.031198497861623764,-0.02064552903175354,1
11:21:36.322,1.4966111183166504,-0.02704598940908909,-0.026193838566541672,1
11:21:36.392,1.4810147285461426,-0.024598335847258568,-0.04160766676068306,1
11:21:36.462,1.278710126876831,-0.013525187969207764,-0.04590826854109764,1
11:21:36.532,1.4535679817199707,-0.011325007304549217,-0.05058881640434265,1
11:21:36.602,1.4078702926635742,-0.012118816375732422,-0.042610444128513336,1
11:21:36.672,1.4740285873413086,-0.010564250871539116,-0.03433153033256531,1
11:21:36.742,1.4595293998718262,-0.011762924492359161,-0.02596394531428814,1
11:21:36.812,1.495385766029358,0.0038289898075163364,-0.01716019958257675,1
11:21:36.882,1.5445046424865723,-0.006551892496645451,-0.020412471145391464,0
11:21:36.952,1.4370133876800537,-0.006851283833384514,-0.019151872023940086,1
11:21:37.022,1.4113928079605103,-0.0185813307762146,-0.02323717437684536,1
11:21:37.092,1.3910713195800781,-0.007458028383553028,-0.021844804286956787,1
11:21:37.162,1.3704698085784912,-0.014279007911682129,-0.03581579774618149,1
11:21:37.232,1.4103424549102783,-0.020164575427770615,-0.029535802081227303,1
11:21:37.302,1.462489366531372,-0.018132757395505905,-0.02639487013220787,1
11:21:37.372,1.5042681694030762,-0.01342182606458664,-0.010513064451515675,1
11:21:37.442,1.5389196872711182,-0.018698837608098984,-0.009819155558943748,0
11:21:37.512,1.5172474384307861,-0.02134491503238678,0.0027107377536594868,1
11:21:37.582,1.4483304023742676,-0.016693107783794403,-0.005952478386461735,1
11:21:37.652,1.4563608169555664,-0.01580009236931801,-0.014515800401568413,1
11:21:37.722,1.4258617162704468,-0.010594683699309826,-0.024402625858783722,1
11:21:37.792,1.4194087982177734,-0.01863064058125019,-0.03612879663705826,1
11:21:37.862,1.4283279180526733,-0.0136190140619874,-0.048915743827819824,1
11:21:37.932,1.454865574836731,-0.012083040550351143,-0.047675035893917084,1
11:21:38.002,1.4506261348724365,-0.003597426228225231,-0.031878747045993805,1
11:21:38.072,1.4780986309051514,-0.009655480273067951,-0.033352434635162354,1
11:21:38.142,1.442589282989502,-0.009988759644329548,-0.02433362789452076,1
11:21:38.212,1.4533984661102295,-0.013510878197848797,-0.02427978813648224,1
11:21:38.282,1.3632066249847412,-0.00757993571460247,-0.019498128443956375,1
11:21:38.352,1.4596703052520752,-0.0157100111246109,-0.029396258294582367,0
11:21:38.422,1.432463526725769,-0.013303526677191257,-0.024789152666926384,1
11:21:38.492,1.5448644161224365,-0.017564933747053146,-0.01915730908513069,1
11:21:38.562,1.517659306526184,-0.012226511724293232,-0.011463667266070843,1
11:21:38.632,1.4705865383148193,-0.01400471106171608,-0.007189675699919462,1
11:21:38.702,1.5194339752197266,-0.014593943953514099,-0.0049080755561590195,1
11:21:38.772,1.4822907447814941,-0.02128073386847973,-0.010819956660270691,1
11:21:38.842,1.401510238647461,-0.011722436174750328,-0.020614605396986008,0
11:21:38.912,1.3970162868499756,-0.01983002945780754,-0.030799133703112602,1
11:21:38.982,1.3765006065368652,-0.013553977012634277,-0.03765919804573059,1
11:21:39.052,1.4164152145385742,-0.008903535082936287,-0.04289672151207924,1
11:21:39.122,1.4431533813476562,-0.001019566785544157,-0.0433344691991806,1
11:21:39.192,1.4829623699188232,-0.0040769800543785095,-0.04069013148546219,1
11:21:39.262,1.5064594745635986,-0.005809510126709938,-0.03257527947425842,1
11:21:39.332,1.4938671588897705,-0.0053419508039951324,-0.030628127977252007,1
11:21:39.402,1.4586747884750366,-0.006144770421087742,-0.027233557775616646,1
11:21:39.472,1.4419200420379639,-0.002802640665322542,-0.031224863603711128,1
11:21:39.542,1.4213441610336304,0.0017472566105425358,-0.031701602041721344,1
11:21:39.612,1.443946361541748,-0.005678919609636068,-0.029831865802407265,1
11:21:39.682,1.4684593677520752,-0.009120114147663116,-0.02345636673271656,1
11:21:39.752,1.4507782459259033,-0.006070572882890701,-0.026015829294919968,1
11:21:39.822,1.4674022197723389,-0.010856671258807182,-0.0174355898052454,1
11:21:39.892,1.515497088432312,-0.012028126046061516,-0.019463758915662766,1
11:21:39.962,1.4901258945465088,-0.013383755460381508,-0.014602240175008774,1
11:21:40.032,1.5248024463653564,-0.014074940234422684,-0.01496599055826664,1
11:21:40.102,1.4924123287200928,-0.013748908415436745,-0.012336518615484238,1
11:21:40.172,1.5157017707824707,-0.013856008648872375,-0.006117335520684719,1
11:21:40.242,1.4946680068969727,-0.02740776538848877,-0.015136773698031902,1
11:21:40.312,1.4605424404144287,-0.02418011613190174,-0.017435379326343536,1
11:21:40.382,1.4788639545440674,-0.021852876991033554,-0.022642675787210464,1
11:21:40.452,1.4663946628570557,-0.02002476155757904,-0.019156746566295624,1
11:21:40.522,1.515231728553772,-0.014201187528669834,-0.01013135351240635,1
11:21:40.592,1.5608398914337158,-0.016930686309933662,-0.002907840069383383,1
11:21:40.662,1.5503418445587158,-0.02432689070701599,-0.0019207269651815295,1
11:21:40.732,1.5733633041381836,-0.011796146631240845,0.0054891216568648815,1
11:21:40.802,1.5831241607666016,-0.01159544289112091,0.009555015712976456,1
11:21:40.872,1.5807418823242188,-0.01911398023366928,0.0012364042922854424,1
11:21:40.942,1.480853796005249,-0.025758180767297745,-0.0012668283889070153,1
11:21:41.012,1.6012673377990723,-0.035078443586826324,-0.013855252414941788,1
11:21:41.082,1.52201247215271,-0.024348275735974312,-0.011109934188425541,1
11:21:41.152,1.5931403636932373,-0.02779388055205345,-0.016040395945310593,1
11:21:41.222,1.5836321115493774,-0.023234067484736443,-0.01136190164834261,1
11:21:41.292,1.612144947052002,-0.022160541266202927,-0.008192718029022217,1
11:21:41.362,1.632617712020874,-0.014547846280038357,0.0041209859773516655,1
11:21:41.432,1.6307766437530518,-0.020725224167108536,-0.004110712558031082,1
11:21:41.502,1.5888514518737793,-0.013860568404197693,-0.019339067861437798,1
11:21:41.572,1.5609915256500244,-0.014790311455726624,-0.022961994633078575,1
11:21:41.642,1.5028640031814575,-0.00119737908244133,-0.030208788812160492,1
11:21:41.712,1.4351677894592285,-0.004101996310055256,-0.028816020116209984,0
11:21:41.782,1.5344159603118896,-0.026152735576033592,-0.05013382434844971,1
11:21:41.852,1.5310403108596802,-0.014160238206386566,-0.04662434011697769,1
11:21:41.922,1.5234870910644531,-0.011594399809837341,-0.05366870015859604,1
11:21:41.992,1.5345501899719238,0.0005764272063970566,-0.03073900192975998,1
11:21:42.062,1.6170580387115479,-0.0018334039486944675,-0.03205031901597977,1
11:21:42.132,1.6141526699066162,-0.013967138715088367,-0.01706705428659916,1
11:21:42.202,1.5241209268569946,-0.01421137060970068,-0.025177989155054092,1
11:21:42.272,1.4885605573654175,-0.010763421654701233,-0.017128724604845047,1
11:21:42.342,1.4370851516723633,-0.009936097078025341,-0.017363417893648148,1
11:21:42.412,1.4707999229431152,-0.024071332067251205,-0.018504004925489426,1
11:21:42.482,1.4506897926330566,-0.019108407199382782,-0.030482731759548187,1
11:21:42.552,1.5717682838439941,-0.012863950803875923,-0.0273310337215662,1
11:21:42.622,1.5563896894454956,-0.0071129146963357925,-0.024009231477975845,1
11:21:42.692,1.5870411396026611,-0.008209855295717716,-0.01983560621738434,1
11:21:42.762,1.59316885471344,-0.011438002809882164,-0.003034203313291073,1
11:21:42.832,1.5640732049942017,-0.009420040994882584,-0.007654472719877958,1
11:21:42.902,1.5774794816970825,-0.01846322789788246,0.002807602286338806,1
11:21:42.972,1.5883169174194336,-0.0219804085791111,-3.321981057524681e-05,1
11:21:43.042,1.5630426406860352,-0.020868195220828056,-0.0014337680768221617,1
11:21:43.112,1.4912030696868896,-0.012893314473330975,-0.012143927626311779,1
11:21:43.182,1.5929803848266602,-0.006119288504123688,-0.01306193508207798,1
11:21:43.252,1.4996527433395386,0.0008995030075311661,-0.014589572325348854,1
11:21:43.322,1.5255582332611084,0.009431105107069016,-0.02113913930952549,1
11:21:43.392,1.5266504287719727,0.009386897087097168,-0.01126627903431654,1
11:21:43.462,1.5315613746643066,0.00679043959826231,-0.008457232266664505,0
11:21:43.532,1.570146918296814,-0.0028935717418789864,-0.0007366505451500416,1
11:21:43.602,1.588491678237915,-0.008468769490718842,0.0023323597852140665,1
11:21:43.672,1.5713238716125488,-0.020885778591036797,-0.0013965476537123322,1
11:21:43.742,1.5995246171951294,-0.0034751249477267265,-0.013018674217164516,1
11:21:43.812,1.5907151699066162,-0.019833479076623917,-0.01989559829235077,1
11:21:43.882,1.6836130619049072,-0.00027318205684423447,-0.012832277454435825,1
11:21:43.952,1.6884934902191162,-0.023554934188723564,-0.013782257214188576,1
11:21:44.022,1.7089929580688477,-0.020463624969124794,-0.00573528278619051,1
11:21:44.092,1.7752313613891602,-0.033125899732112885,-0.0015256290789693594,1
11:21:44.162,1.6877588033676147,-0.021105017513036728,0.005412083584815264,1
11:21:44.232,1.7122011184692383,-0.032980263233184814,0.0025814888067543507,1
11:21:44.302,1.7010244131088257,-0.0284729041159153,0.0038508933503180742,1
11:21:44.372,1.7110836505889893,-0.02874627709388733,0.0003567934036254883,0
11:21:44.442,1.6670148372650146,-0.027500487864017487,-0.00040993501897901297,1
11:21:44.512,1.6344034671783447,-0.0246876273304224,-0.012354466132819653,1
11:21:44.582,1.5988792181015015,-0.024658750742673874,-0.012912262231111526,1
11:21:44.652,1.593881368637085,-0.018428783863782883,-0.019206086173653603,1
11:21:44.722,1.5599157810211182,-0.014835074543952942,-0.02067975327372551,1
11:21:44.792,1.5236730575561523,-0.012262017466127872,-0.023749765008687973,1
11:21:44.862,1.5410269498825073,-0.004925752058625221,-0.020169027149677277,1
11:21:44.932,1.5046508312225342,-0.005116567015647888,-0.021721452474594116,1
11:21:45.002,1.5192060470581055,-0.00702157337218523,-0.016897626221179962,1
11:21:45.142,1.4995406866073608,-0.016302255913615227,-0.016676224768161774,1
11:21:45.212,1.464350938796997,-0.009427178651094437,-0.014505979605019093,0
11:21:45.282,1.4371310472488403,-0.01862296089529991,-0.02501405030488968,1
11:21:45.352,1.4015793800354004,-0.015171892940998077,-0.023615358397364616,1
11:21:45.422,1.435184359550476,-0.020795442163944244,-0.026772402226924896,1
11:21:45.492,1.4149214029312134,-0.008425386622548103,-0.014250523410737514,1
11:21:45.562,1.4996614456176758,-0.014761446975171566,-0.011479958891868591,1
11:21:45.702,1.53947114944458,-0.009868595749139786,0.008315779268741608,1
11:21:45.842,1.5206408500671387,-0.006817240733653307,0.017905913293361664,1
11:21:45.982,1.4809460639953613,-0.019617516547441483,0.021716393530368805,1
11:21:46.052,1.4199689626693726,-0.019399002194404602,0.006479067727923393,1
11:21:46.122,1.4364404678344727,-0.016460290178656578,-0.00848170556128025,1
11:21:46.262,1.4346046447753906,-0.0026293229311704636,-0.011762028560042381,1
11:21:46.402,1.4938273429870605,0.0009951810352504253,-0.011820938438177109,1
11:21:46.542,1.5187629461288452,-0.010995514690876007,-0.004087742883712053,1
11:21:46.682,1.5129152536392212,-0.014903261326253414,-0.015088812448084354,1
11:21:46.822,1.5579125881195068,-0.017483606934547424,-0.02467239648103714,1
11:21:46.892,1.4811859130859375,-0.011318211443722248,-0.026488982141017914,1
11:21:46.962,1.551422357559204,-0.00806828960776329,-0.02393755316734314,1
11:21:47.102,1.5729572772979736,-0.003290980588644743,-0.02100803703069687,0
11:21:47.242,1.5774260759353638,-0.009110705927014351,-0.016733437776565552,1
11:21:47.382,1.4848288297653198,0.0010496987961232662,-0.02273768186569214,0
11:21:47.522,1.5100734233856201,0.006582307163625956,-0.03250688314437866,1
11:21:47.662,1.5827281475067139,0.013526668772101402,-0.03151500225067139,1
11:21:47.732,1.5333918333053589,0.00906149111688137,-0.020165422931313515,0
11:21:47.802,1.5477886199951172,0.010266825556755066,-0.012567070312798023,1
11:21:47.942,1.5081896781921387,0.010319344699382782,-0.009421939961612225,0
11:21:48.082,1.5000097751617432,-0.018168844282627106,-0.0042320857755839825,1
11:21:48.222,1.5652371644973755,-0.03232898935675621,-0.003319634823128581,1
11:21:48.362,1.5603293180465698,-0.01985473744571209,0.0021053245291113853,1
11:21:48.502,1.6118602752685547,-0.01409277506172657,0.009518777951598167,1
11:21:48.572,1.5880812406539917,-0.023684632033109665,0.02042350359261036,1
11:21:48.642,1.5829265117645264,-0.030804291367530823,0.015161758288741112,1
11:21:48.782,1.554549217224121,-0.032730840146541595,0.004062517546117306,1
11:21:48.922,1.578127145767212,-0.02861810475587845,-0.002182198455557227,1
11:21:49.062,1.695692777633667,-0.016787145286798477,0.013739323243498802,1
11:21:49.202,1.5452500581741333,-0.013186841271817684,0.014148176647722721,1
11:21:49.342,1.6019749641418457,-0.020031601190567017,-0.0031881844624876976,1
11:21:49.412,1.5619168281555176,-0.018999725580215454,-0.023112375289201736,1
11:21:49.482,1.577502727508545,-0.02768198400735855,-0.02566354349255562,1
11:21:49.622,1.6247307062149048,-0.01616317220032215,-0.006966160610318184,1
11:21:49.762,1.594570279121399,-0.00953147653490305,-0.0058075739070773125,1
11:21:49.902,1.5831290483474731,-0.007583764847368002,-0.013998284004628658,1
11:21:50.042,1.5949574708938599,-0.016951195895671844,-0.028833141550421715,1
11:21:50.182,1.5232394933700562,-0.012067609466612339,-0.029054956510663033,1
11:21:50.252,1.554641842842102,-0.0015705246478319168,-0.030817225575447083,1
11:21:50.322,1.4853569269180298,0.0050797960720956326,-0.026914190500974655,1
11:21:50.462,1.502532720565796,-0.0020058290101587772,-0.025769067928195,1
11:21:50.602,1.5120606422424316,-0.010795808397233486,-0.01452787034213543,1
11:21:50.742,1.486594796180725,0.006015056278556585,-0.02694852091372013,1
11:21:50.811,1.4849016666412354,-0.00270556821487844,-0.01875770092010498,1
11:21:50.882,1.4956331253051758,1.0324292816221714e-05,-0.01600249856710434,1
11:21:51.162,1.4309738874435425,0.020861592143774033,-0.02077191323041916,0
11:21:51.302,1.5358006954193115,-0.009698017500340939,-0.029868949204683304,1
11:21:51.442,1.5935953855514526,-0.006613490171730518,-0.001085544005036354,1
11:21:51.582,1.4873369932174683,-0.003927940037101507,0.0008844179683364928,1
11:21:51.722,1.6250290870666504,0.0034723991993814707,0.008772440254688263,1
11:21:51.862,1.6370861530303955,-0.026757536455988884,0.022384576499462128,1
11:21:52.002,1.584692120552063,-0.02205284684896469,0.017532939091324806,1
11:21:52.071,1.5932774543762207,-0.033468037843704224,0.015738163143396378,1
11:21:52.142,1.6612753868103027,-0.032646480947732925,0.013652990572154522,1
11:21:52.211,1.676567792892456,-0.04096502810716629,0.02204650640487671,1
11:21:52.282,1.694093108177185,-0.05353284254670143,0.016246531158685684,0
11:21:52.351,1.6849682331085205,-0.05173347890377045,0.019902557134628296,1
11:21:52.422,1.6726641654968262,-0.04313071072101593,0.011281265877187252,1
11:21:52.491,1.671403169631958,-0.040681712329387665,0.01287394855171442,1
11:21:52.562,1.674370288848877,-0.0439453050494194,0.005338976159691811,1
11:21:52.631,1.6488358974456787,-0.03966826573014259,-0.0044769044034183025,1
11:21:52.702,1.6828868389129639,-0.03739988058805466,-0.01329224556684494,1
11:21:52.842,1.5925331115722656,-0.02256007120013237,-0.02652103267610073,1
11:21:52.911,1.6185396909713745,-0.01997756026685238,-0.02466830611228943,1
11:21:52.982,1.5770232677459717,-0.01101543940603733,-0.029190249741077423,1
11:21:53.051,1.544569730758667,-0.01138138398528099,-0.025560911744832993,1
11:21:53.122,1.5477840900421143,-0.005341222044080496,-0.027305763214826584,1
11:21:53.191,1.5040740966796875,-0.00348341534845531,-0.027307478711009026,1
11:21:53.262,1.5380839109420776,-0.0015134208370000124,-0.030732974410057068,1
11:21:53.331,1.5224237442016602,-0.001165937166661024,-0.030375048518180847,1
11:21:53.402,1.4830303192138672,0.0020660273730754852,-0.030890127643942833,1
11:21:53.471,1.531715989112854,0.00041134085040539503,-0.029737453907728195,1
11:21:53.542,1.502638339996338,0.001850389176979661,-0.02437821589410305,1
11:21:53.682,1.5541882514953613,-0.0067897336557507515,-0.012200900353491306,1
11:21:53.751,1.5346477031707764,0.0019790800288319588,-0.01002687681466341,1
11:21:53.822,1.5244011878967285,0.0014894389314576983,-0.010860755108296871,1
11:21:53.891,1.4953612089157104,0.005528885871171951,-0.015283714979887009,1
11:21:53.962,1.4761168956756592,0.006462291814386845,-0.017032984644174576,1
11:21:54.031,1.472585916519165,0.004846192896366119,-0.01897607371211052,1
11:21:54.102,1.5275278091430664,-0.0016092716250568628,-0.010969272814691067,1
11:21:54.171,1.4964704513549805,-0.0015841420972719789,-0.0073777795769274235,1
11:21:54.242,1.5778110027313232,-0.005876482930034399,-0.0005663661286234856,1
11:21:54.311,1.5329670906066895,-0.0013049489352852106,-0.006460034754127264,1
11:21:54.382,1.566774606704712,-0.004256890155375004,-0.0037594579625874758,1
11:21:54.522,1.541210412979126,0.012402091175317764,-0.01887829415500164,1
11:21:54.662,1.563071370124817,2.079550176858902e-05,-0.009311633184552193,1
11:21:54.802,1.5495195388793945,0.003113526152446866,-0.005266967229545116,1
11:21:54.942,1.6779770851135254,-0.017448561266064644,0.010311598889529705,1
11:21:55.082,1.729076862335205,-0.027088627219200134,0.022717494517564774,1
11:21:55.222,1.7357337474822998,-0.061563603579998016,0.0452033206820488,1
11:21:55.362,1.6372480392456055,-0.04217396676540375,0.033788301050662994,1
11:21:55.502,1.7686007022857666,-0.05698870122432709,0.019611526280641556,1
11:21:55.642,1.7287123203277588,-0.03971776366233826,0.0038017965853214264,1
11:21:55.711,1.764449119567871,-0.05152061581611633,0.011669936589896679,0
11:21:55.782,1.739743709564209,-0.03813775256276131,0.014819709584116936,0
11:21:55.851,1.7168302536010742,-0.035241954028606415,0.007102379575371742,1
11:21:55.922,1.7255010604858398,-0.02885553427040577,0.010042212903499603,1
11:21:56.062,1.6537305116653442,-0.029861634597182274,-0.007544139865785837,1
11:21:56.202,1.513965129852295,-0.018214641138911247,-0.030740225687623024,1
11:21:56.342,1.4994221925735474,-0.033561743795871735,-0.05914683640003204,1
11:21:56.411,1.5102663040161133,-0.010802628472447395,-0.05842587351799011,1
11:21:56.482,1.515779733657837,-0.008705133572220802,-0.05581909418106079,1
11:21:56.551,1.5312004089355469,0.003414495848119259,-0.04176221042871475,0
11:21:56.622,1.5601972341537476,0.013997357338666916,-0.033409953117370605,1
11:21:56.691,1.5192492008209229,0.020536942407488823,-0.034476883709430695,1
11:21:56.762,1.4684791564941406,0.012527952902019024,-0.03404277563095093,1
11:21:56.831,1.4545831680297852,0.013611133210361004,-0.036117054522037506,1
11:21:56.902,1.4575939178466797,0.0038400255143642426,-0.03968677297234535,1
11:21:57.042,1.5029981136322021,-0.008424714207649231,-0.02877274714410305,1
11:21:57.111,1.4781073331832886,-0.005184367299079895,-0.044129785150289536,1
11:21:57.182,1.4980108737945557,-0.01149784680455923,-0.03641773760318756,1
11:21:57.251,1.4880242347717285,-0.0019501405768096447,-0.028381450101733208,1
11:21:57.391,1.53965163230896,-0.0074437460862100124,-0.009187384508550167,1
11:21:57.531,1.5840373039245605,-0.003398466855287552,0.013408837839961052,1
11:21:57.602,1.5889359712600708,0.004120595753192902,0.002326933667063713,1
11:21:57.671,1.5460774898529053,-0.005231253802776337,0.004368954803794622,1
11:21:57.811,1.4650413990020752,-0.012798264622688293,-0.014971588738262653,1
11:21:58.091,1.5351015329360962,0.0027993228286504745,-0.02669321559369564,1
11:21:58.162,1.5445647239685059,5.094695370644331e-05,-0.02680187113583088,1
11:21:58.231,1.6052231788635254,0.007695645559579134,-0.014682083390653133,1
11:21:58.371,1.5755109786987305,0.0001277318224310875,-0.0111167524009943,1
11:21:58.511,1.5840122699737549,-0.004702935926616192,-0.009297357872128487,1
11:21:58.651,1.6385986804962158,-0.005368520505726337,-0.00774285476654768,1
11:21:58.791,1.5146337747573853,-0.0015634922310709953,-0.010882383212447166,1
11:21:58.931,1.5460401773452759,0.006774595472961664,-0.01592514105141163,1
11:21:59.071,1.576249122619629,0.0016522477380931377,-0.006440184079110622,1
11:21:59.211,1.5745253562927246,-0.00693386048078537,0.0032133974600583315,1
11:21:59.351,1.5472252368927002,-0.01511920802295208,-0.0029204552993178368,1
11:21:59.491,1.5470274686813354,-0.023662380874156952,-0.0015420715790241957,1
11:21:59.631,1.6844573020935059,-0.023367296904325485,0.016272030770778656,1
11:21:59.771,1.6790130138397217,-0.03773794323205948,0.03449663892388344,0
11:21:59.911,1.7214291095733643,-0.053343527019023895,0.03532607480883598,1
11:22:00.051,1.6676690578460693,-0.06405498832464218,0.012092024087905884,1
11:22:00.191,1.6363720893859863,-0.06036686152219772,-0.006415376905351877,1
11:22:00.331,1.7537062168121338,-0.04055206850171089,-0.017097439616918564,1
11:22:00.471,1.6974058151245117,-0.013394633308053017,-0.007168698124587536,1
11:22:00.611,1.5508581399917603,-0.010998264886438847,-0.0408102422952652,1
11:22:00.751,1.584667682647705,-0.03878483176231384,-0.06554722785949707,1
11:22:00.891,1.5897371768951416,-0.009303273633122444,-0.06399871408939362,1
11:22:01.031,1.6242899894714355,-0.0002570296637713909,-0.02565780282020569,1
11:22:01.171,1.513619303703308,0.011977151036262512,-0.02548135071992874,1
11:22:01.311,1.552353858947754,-0.02772584930062294,-0.02192966267466545,1
11:22:01.451,1.4986484050750732,-0.016594145447015762,-0.04283493384718895,0
11:22:01.591,1.566685438156128,-0.015551471151411533,-0.04410487413406372,1
11:22:01.731,1.579028844833374,0.003428149037063122,-0.023907126858830452,1
11:22:01.871,1.5764343738555908,-0.008835365995764732,-0.00775566603988409,1
11:22:02.011,1.5183618068695068,-0.0017648981884121895,-0.01999828591942787,1
11:22:02.151,1.4857761859893799,-0.003326291684061289,-0.031083999201655388,1
11:22:02.291,1.5316269397735596,0.007129028905183077,-0.02623911388218403,1
11:22:02.431,1.5544294118881226,0.005913936998695135,-0.010255939327180386,1
11:22:02.571,1.5520973205566406,-0.0038995319046080112,-0.0022902186028659344,1
11:22:02.711,1.5089479684829712,-0.010389910079538822,-0.0033971210941672325,1
11:22:02.851,1.5549184083938599,-0.02469896711409092,-0.001128429314121604,1
11:22:02.991,1.5413614511489868,-0.012528875842690468,0.003826980711892247,1
11:22:03.131,1.5633504390716553,-0.006800946779549122,0.0031420523300766945,1
11:22:03.271,1.5621169805526733,-0.0074492329731583595,0.007979397661983967,1
11:22:03.411,1.5577175617218018,-0.008840532973408699,0.0050063771195709705,1
11:22:03.551,1.5040444135665894,-0.0013590008020401,-0.006941784173250198,1
11:22:03.621,1.4577605724334717,-0.010361595079302788,-0.01843508705496788,1
11:22:03.691,1.4500834941864014,-0.007081977091729641,-0.023049626499414444,1
11:22:03.831,1.5205838680267334,-0.023740757256746292,-0.01583658903837204,1
11:22:03.901,1.565471887588501,-0.006942468695342541,-0.023010849952697754,1
11:22:03.971,1.57741379737854,-0.014815045520663261,-0.016479190438985825,1
11:22:04.111,1.6102800369262695,-0.0012280596420168877,-0.006045185960829258,1
11:22:04.181,1.6422808170318604,-0.01074424758553505,-0.005859031341969967,1
11:22:04.251,1.5721509456634521,0.001408503856509924,-0.007424996234476566,1
11:22:04.321,1.607961654663086,-0.017184684053063393,-0.012557188048958778,1
11:22:04.391,1.588017225265503,-0.015056133270263672,-0.011141538619995117,1
11:22:04.461,1.563722014427185,-0.027245786041021347,-0.0024317591451108456,1
11:22:04.531,1.4999892711639404,-0.021776750683784485,-0.012007774785161018,1
11:22:04.601,1.577787160873413,-0.026182757690548897,-0.012054644525051117,1
11:22:04.671,1.5274730920791626,-0.01828610897064209,-0.01731419935822487,1
11:22:04.811,1.5606002807617188,-0.004804246127605438,-0.01781843975186348,1
11:22:04.881,1.57527756690979,0.0003065380733460188,0.0021630097180604935,1
11:22:04.951,1.6097468137741089,-0.0025285009760409594,0.0020319484174251556,1
11:22:05.021,1.6136826276779175,-0.009692849591374397,0.011571036651730537,1
11:22:05.091,1.5234687328338623,-0.004289316479116678,0.007750292774289846,1
11:22:05.161,1.6212990283966064,-0.01906741037964821,0.016465257853269577,1
11:22:05.231,1.5173449516296387,-0.015080736018717289,0.008446833118796349,1
11:22:05.301,1.5333207845687866,-0.026975933462381363,0.01336861215531826,1
11:22:05.371,1.534015417098999,-0.017711613327264786,0.00461124861612916,1
11:22:05.441,1.5251827239990234,-0.020007964223623276,0.0020798114128410816,1
11:22:05.511,1.531166911125183,-0.010611825622618198,-0.002792318817228079,1
11:22:05.581,1.5562727451324463,-0.010626319795846939,-0.004676496610045433,1
11:22:05.651,1.5306835174560547,-0.003999499138444662,-0.0070593226701021194,1
11:22:05.721,1.5247341394424438,-0.0015828968025743961,-0.005768323317170143,1
11:22:05.791,1.4835106134414673,0.004690380301326513,-0.010375889018177986,1
11:22:05.861,1.4691612720489502,0.0031320147681981325,-0.009978152811527252,1
11:22:05.931,1.4509775638580322,0.0008733239956200123,-0.0046443329192698,1
11:22:06.001,1.4832158088684082,-0.005352106411010027,0.001316232606768608,1
11:22:06.071,1.4555035829544067,-0.006997311487793922,0.005576061084866524,1
11:22:06.141,1.5030498504638672,-0.010162092745304108,-0.002573956036940217,0
11:22:06.211,1.4691890478134155,0.0017749355174601078,-0.024234743788838387,1
11:22:06.281,1.5086456537246704,-0.003005834762006998,-0.007357981987297535,0
11:22:06.351,1.5558745861053467,-0.0009150711121037602,-0.003483562031760812,1
11:22:06.421,1.5815448760986328,-0.021257547661662102,-0.003336843568831682,1
11:22:06.491,1.5614168643951416,-0.020496241748332977,-0.013115169480443,1
11:22:06.561,1.6353468894958496,-0.0315411351621151,0.0027551245875656605,1
11:22:06.631,1.5927735567092896,-0.02193979173898697,0.008104900829494,1
11:22:06.771,1.6058964729309082,-0.020857876166701317,0.006036160979419947,1
11:22:06.911,1.585904836654663,-0.021164024248719215,0.008474482223391533,1
11:22:07.051,1.5034208297729492,-0.01486989390105009,-0.003309303894639015,1
11:22:07.191,1.5536906719207764,-0.008686112239956856,-0.016568902879953384,1
11:22:07.331,1.6024374961853027,-0.006213116459548473,-0.013266857713460922,0
11:22:07.401,1.5699853897094727,-0.0037416229024529457,-0.005589399486780167,1
11:22:07.471,1.5604279041290283,-0.0012593867722898722,-0.010766803286969662,1
11:22:07.541,1.6074893474578857,-0.014860037714242935,-0.011425775475800037,1
11:22:07.611,1.5755736827850342,-0.009871499612927437,-0.017527371644973755,1
11:22:07.681,1.597900152206421,-0.010648813098669052,-0.018059365451335907,1
11:22:07.751,1.6406025886535645,-0.0007888921536505222,-0.010662964545190334,1
11:22:07.821,1.588368535041809,-0.0009615338058210909,-0.00905679538846016,1
11:22:07.891,1.6226084232330322,0.0007576685165986419,-0.004429172724485397,1
11:22:07.961,1.5656834840774536,-0.002597615821287036,-0.007949640043079853,1
11:22:08.031,1.5536353588104248,-0.0003294488415122032,-0.011133775115013123,1
11:22:08.101,1.5104191303253174,0.0011988140176981688,-0.011039730161428452,1
11:22:08.171,1.514688491821289,-0.00737884221598506,-0.0219582486897707,1
11:22:08.241,1.5358973741531372,-0.01191896852105856,-0.016598917543888092,1
11:22:08.311,1.5848722457885742,-0.011594004929065704,-0.01892906427383423,1
11:22:08.381,1.6262848377227783,-0.005850936286151409,-0.0012427810579538345,1
11:22:08.451,1.6210386753082275,-0.010543551295995712,0.0009111081599257886,1
11:22:08.521,1.665960669517517,-0.02176295407116413,0.014538503251969814,1
11:22:08.591,1.6577138900756836,-0.026235632598400116,0.012591090053319931,1
11:22:08.661,1.5831851959228516,-0.03404159098863602,0.011980807408690453,1
11:22:08.731,1.6193509101867676,-0.02587471529841423,0.0012884936295449734,0
11:22:08.801,1.5768258571624756,-0.03073081001639366,0.001254652626812458,1
11:22:08.871,1.6297937631607056,-0.024273239076137543,-0.0003685089177452028,1
11:22:08.941,1.60358726978302,-0.023554755374789238,-7.025123341009021e-05,0
11:22:09.011,1.5642902851104736,-0.020396774634718895,-0.0054984986782073975,1
11:22:09.081,1.5729185342788696,-0.01000563520938158,-0.0072923582047224045,1
11:22:09.151,1.526891827583313,-0.002777223475277424,-0.014692841097712517,1
11:22:09.221,1.5636544227600098,0.0006231345469132066,-0.020366450771689415,1
11:22:09.291,1.5456639528274536,0.001682037371210754,-0.019383110105991364,1
11:22:09.361,1.5409984588623047,-0.0024244640953838825,-0.013484780676662922,1
11:22:09.431,1.5829367637634277,-0.01037211250513792,-0.005656155291944742,1
11:22:09.501,1.5715596675872803,-0.016009105369448662,-0.0028071084525436163,1
11:22:09.571,1.5550308227539062,-0.016316674649715424,0.004999933298677206,1
11:22:09.641,1.6318219900131226,-0.0200045108795166,0.0026226213667541742,0
11:22:09.711,1.5673638582229614,-0.01304097194224596,-0.001628649653866887,1
11:22:09.851,1.5637574195861816,-0.01148621179163456,-0.004735913127660751,0
11:22:09.921,1.5797741413116455,-0.01280946470797062,-0.002434926340356469,1
11:22:09.991,1.5687220096588135,-0.009742745198309422,-0.003796784207224846,1
11:22:10.061,1.5591247081756592,-0.008216837421059608,-0.00468200258910656,1
11:22:10.131,1.5133347511291504,-0.014468098059296608,-0.013676404021680355,1
11:22:10.201,1.5146892070770264,-0.0015331069007515907,-0.014710399322211742,1
11:22:10.271,1.4861395359039307,0.002143772318959236,-0.01673854887485504,1
11:22:10.411,1.4578683376312256,-0.0008869108278304338,-0.023774128407239914,1
11:22:10.481,1.4638352394104004,0.001488402602262795,-0.02049696445465088,1
11:22:10.551,1.4694613218307495,0.0012095277197659016,-0.011340745724737644,1
11:22:10.621,1.5011489391326904,0.007990766316652298,0.0028145932592451572,1
11:22:10.691,1.5085978507995605,0.007215270306915045,0.00616268627345562,1
11:22:10.761,1.5302107334136963,0.002155634108930826,0.018522445112466812,1
11:22:10.831,1.515181303024292,-3.460911102592945e-06,0.016425341367721558,1
11:22:10.901,1.4566020965576172,-0.006843960378319025,0.018860165029764175,1
11:22:10.971,1.4465255737304688,-0.002722776960581541,0.00832104217261076,1
11:22:11.041,1.4233342409133911,-0.016886821016669273,0.004599793814122677,1
11:22:11.111,1.4081885814666748,-0.019428936764597893,-0.00954074040055275,1
11:22:11.181,1.401652455329895,-0.0002829665318131447,-0.002380544785410166,1
11:22:11.251,1.4004192352294922,0.010147065855562687,-0.009606769308447838,1
11:22:11.321,1.434624195098877,0.00021176878362894058,-0.00011240411549806595,0
11:22:11.391,1.492495059967041,0.006201433949172497,0.00686919828876853,1
11:22:11.461,1.503849983215332,0.005797937512397766,0.012822366319596767,1
11:22:11.531,1.498335838317871,-0.008097820915281773,0.01393122784793377,1
11:22:11.601,1.5295944213867188,-0.010264957323670387,0.019913526251912117,1
11:22:11.671,1.5025116205215454,-0.025237027555704117,0.019561471417546272,1
11:22:11.741,1.51810622215271,-0.03429518640041351,0.01660243421792984,1
11:22:11.811,1.4968076944351196,-0.04291442409157753,0.023248005658388138,1
11:22:11.881,1.4862618446350098,-0.035946961492300034,0.016029000282287598,1
11:22:11.951,1.5050472021102905,-0.03427557647228241,0.01222944539040327,1
11:22:12.021,1.5255922079086304,-0.02079295739531517,0.011379667557775974,1
11:22:12.091,1.570615291595459,-0.02218034118413925,0.016069475561380386,1
11:22:12.161,1.577467441558838,-0.0156285110861063,0.024197004735469818,1
11:22:12.231,1.5408885478973389,-0.018769606947898865,0.02317022532224655,1
11:22:12.301,1.504333257675171,-0.014350330457091331,0.018584920093417168,1
11:22:12.371,1.4797868728637695,-0.019097372889518738,-0.007610089145600796,1
11:22:12.441,1.4397838115692139,-0.013478339649736881,-0.00879952497780323,1
11:22:12.511,1.4998095035552979,-0.012903201393783092,-0.013350658118724823,0
11:22:12.581,1.5040702819824219,-0.010201710276305676,-0.011955022811889648,1
11:22:12.651,1.4460127353668213,-0.017433729022741318,-0.017578590661287308,1
11:22:12.721,1.5181858539581299,-0.00663995835930109,-0.019769133999943733,1
11:22:12.791,1.5271341800689697,-0.007970089092850685,-0.019883543252944946,1
11:22:12.861,1.5175731182098389,-0.004405830521136522,-0.01568249985575676,1
11:22:12.931,1.4984321594238281,-0.005464560352265835,-0.016620123758912086,1
11:22:13.001,1.5014796257019043,-0.003861446166411042,-0.007574800401926041,1
11:22:13.071,1.4986467361450195,-0.007901804521679878,-0.005900337360799313,1
11:22:13.141,1.5069875717163086,-0.005789661314338446,0.003954365849494934,1
11:22:13.211,1.5169453620910645,0.0003161707427352667,-0.0020612406078726053,1
11:22:13.281,1.5098159313201904,-0.0054135494865477085,0.008045779541134834,1
11:22:13.351,1.4923255443572998,-0.007767409086227417,0.0059748804196715355,1
11:22:13.421,1.3984923362731934,-0.006947432179003954,0.005367053672671318,1
11:22:13.491,1.408115267753601,0.0005753287114202976,-0.010280357673764229,1
11:22:13.561,1.3912639617919922,0.0013725433964282274,-0.007538624107837677,1
11:22:13.631,1.377284049987793,0.009656929410994053,-0.012811528518795967,1
11:22:13.701,1.42449951171875,0.004436189774423838,-0.009467021562159061,1
11:22:13.771,1.3996410369873047,0.015717927366495132,-0.008272060193121433,1
11:22:13.841,1.4719603061676025,0.007263160310685635,-0.0014133318327367306,1
11:22:13.911,1.4654382467269897,0.007834558375179768,0.004563189577311277,1
11:22:13.981,1.4873899221420288,-0.0004531736485660076,0.01057251077145338,1
11:22:14.051,1.4784648418426514,-0.007070682477205992,0.0151189174503088,1
11:22:14.121,1.4736366271972656,-0.014187624678015709,0.016887089237570763,1
11:22:14.191,1.4667325019836426,-0.01780043914914131,0.016695646569132805,1
11:22:14.261,1.4710012674331665,-0.020928241312503815,0.01871120184659958,1
11:22:14.331,1.4648504257202148,-0.025605089962482452,0.014091843739151955,1
11:22:14.401,1.4806098937988281,-0.02418677881360054,0.01917465403676033,1
11:22:14.471,1.5163774490356445,-0.028546269983053207,0.019095314666628838,1
11:22:14.541,1.5470030307769775,-0.02656663954257965,0.02764292061328888,1
11:22:14.611,1.6106011867523193,-0.03126225247979164,0.02715148776769638,1
11:22:14.681,1.5448195934295654,-0.03281122446060181,0.02558314800262451,1
11:22:14.751,1.57496976852417,-0.02510327473282814,0.02455146238207817,1
11:22:14.821,1.5027806758880615,-0.029685141518712044,0.02135753631591797,1
11:22:14.891,1.5052661895751953,-0.029809536412358284,0.009333644062280655,1
11:22:14.961,1.51234769821167,-0.03217446058988571,0.009161233901977539,1
11:22:15.031,1.5116369724273682,-0.027309801429510117,-0.0035915523767471313,1
11:22:15.101,1.551281213760376,-0.028050784021615982,-0.004568995907902718,1
11:22:15.171,1.5506759881973267,-0.03300396353006363,-0.002613416174426675,0
11:22:15.241,1.6602187156677246,-0.028184233233332634,0.0034295106306672096,1
11:22:15.311,1.6008925437927246,-0.02190668135881424,-0.004537558648735285,1
11:22:15.381,1.6294025182724,-0.020852141082286835,-0.0022403846960514784,1
11:22:15.451,1.5789222717285156,-0.02029421180486679,-0.005457866936922073,1
11:22:15.521,1.5732793807983398,-0.018244262784719467,-0.009608179330825806,1
11:22:15.591,1.5823752880096436,-0.021562399342656136,-0.011199375614523888,1
11:22:15.661,1.5330078601837158,-0.017594121396541595,-0.013444403186440468,1
11:22:15.731,1.5320181846618652,-0.015635933727025986,-0.01742686703801155,1
11:22:15.801,1.5507949590682983,-0.011255059391260147,-0.02217906527221203,1
11:22:15.871,1.5451850891113281,-0.00886456947773695,-0.023216571658849716,1
11:22:15.941,1.5575683116912842,-0.005170734133571386,-0.023745719343423843,1
11:22:16.011,1.5420693159103394,-0.0035832624416798353,-0.022598132491111755,1
11:22:16.081,1.539347767829895,-0.0016589832957834005,-0.022522423416376114,1
11:22:16.151,1.4735195636749268,-0.004884025547653437,-0.021865960210561752,1
11:22:16.221,1.4603028297424316,-0.0004417367745190859,-0.022346578538417816,1
11:22:16.291,1.4550721645355225,-0.0022535291500389576,-0.03262076526880264,1
11:22:16.361,1.4944343566894531,-0.01101369597017765,-0.0371219739317894,1
11:22:16.431,1.536191701889038,-0.009694861248135567,-0.031189318746328354,1
11:22:16.501,1.5049521923065186,-0.0026845368556678295,-0.01521262712776661,1
11:22:16.571,1.5555493831634521,-0.004863204434514046,-0.011075972579419613,1
11:22:16.641,1.5676615238189697,0.0031744784209877253,0.00867103785276413,1
11:22:16.711,1.5214338302612305,-0.010867588222026825,-0.0006503220647573471,1
11:22:16.781,1.481633186340332,0.009370774030685425,0.010233375243842602,1
11:22:16.851,1.516808032989502,-0.0019035409204661846,0.001317288726568222,1
11:22:16.921,1.5186831951141357,0.002084681298583746,0.001388813485391438,1
11:22:16.991,1.550834059715271,-0.012019002810120583,-0.023904822766780853,1
11:22:17.061,1.6118037700653076,-7.773842662572861e-05,-0.009988958016037941,1
11:22:17.131,1.6634317636489868,-0.022130968049168587,-0.007681741379201412,1
11:22:17.201,1.6759662628173828,-0.010487162508070469,0.003121339250355959,1
11:22:17.271,1.666128396987915,-0.018041137605905533,0.004460729658603668,1
11:22:17.341,1.6676602363586426,-0.013789763674139977,0.014100444503128529,1
11:22:17.411,1.726059913635254,-0.027893532067537308,0.0218432005494833,1
11:22:17.481,1.7077398300170898,-0.029853029176592827,0.02760559692978859,1
11:22:17.551,1.7200186252593994,-0.039635419845581055,0.040785618126392365,1
11:22:17.621,1.719672441482544,-0.043515995144844055,0.03974033147096634,1
11:22:17.691,1.7199335098266602,-0.052347056567668915,0.04684600234031677,1
11:22:17.761,1.7100012302398682,-0.05598273500800133,0.031345173716545105,1
11:22:17.831,1.682807207107544,-0.05805761739611626,0.028869211673736572,1
11:22:17.901,1.6633951663970947,-0.06143222376704216,0.003820100799202919,1
11:22:17.971,1.6477535963058472,-0.06174423545598984,0.0026913497131317854,1
11:22:18.041,1.6558213233947754,-0.04077368974685669,-0.007155431434512138,1
11:22:18.111,1.6752641201019287,-0.05921119451522827,-0.0059575606137514114,1
11:22:18.181,1.737776279449463,-0.049856483936309814,-0.01888773962855339,1
11:22:18.251,1.7614009380340576,-0.046439800411462784,-0.015644794330000877,1
11:22:18.321,1.7301781177520752,-0.03793129324913025,-0.023267745971679688,1
11:22:18.391,1.7510956525802612,-0.03622923418879509,-0.030522052198648453,1
11:22:18.461,1.646092414855957,-0.022497015073895454,-0.03970356285572052,1
11:22:18.531,1.690262794494629,-0.021699320524930954,-0.04622127488255501,1
11:22:18.601,1.592854380607605,-0.012935902923345566,-0.04939946532249451,1
11:22:18.671,1.5695703029632568,-0.009275313466787338,-0.053663868457078934,1
11:22:18.741,1.561819314956665,-0.0020041675306856632,-0.05847332999110222,1
11:22:18.811,1.481400728225708,0.005013730376958847,-0.06364230811595917,1
11:22:18.881,1.531327247619629,0.004254795610904694,-0.062085025012493134,1
11:22:18.951,1.5072500705718994,0.005650762934237719,-0.05959956720471382,1
11:22:19.021,1.5254263877868652,0.005409738980233669,-0.05816062539815903,1
11:22:19.091,1.567704677581787,0.0027702851220965385,-0.04935597628355026,1
11:22:19.161,1.626610517501831,-0.0019985134713351727,-0.02948957309126854,1
11:22:19.231,1.5924696922302246,-0.0027122292667627335,-0.019239133223891258,1
11:22:19.301,1.6401946544647217,-0.004965830594301224,-0.023247264325618744,1
11:22:19.371,1.6087218523025513,-0.005554091185331345,-0.028352830559015274,1
11:22:19.441,1.6100409030914307,-0.0038232754450291395,-0.022626033052802086,1
11:22:19.511,1.5773258209228516,-0.0012341579422354698,-0.017811020836234093,1
11:22:19.581,1.4821553230285645,-0.002551059238612652,-0.013474670238792896,1
11:22:19.651,1.5546149015426636,-0.012024598196148872,-0.008824832737445831,1
11:22:19.721,1.549903154373169,-0.007629798259586096,-0.00584683520719409,1
11:22:19.791,1.543757677078247,-0.0186595618724823,-0.009627392515540123,1
11:22:19.861,1.5295042991638184,-0.010412373580038548,-0.012760704383254051,1
11:22:19.931,1.5726609230041504,-0.008416246622800827,-0.009300030767917633,0
11:22:20.001,1.6263604164123535,-0.017191872000694275,-0.0006688749417662621,1
11:22:20.071,1.6615612506866455,-0.023720044642686844,0.01582041010260582,1
11:22:20.141,1.6634180545806885,-0.03235400468111038,0.019370131194591522,1
11:22:20.211,1.6881439685821533,-0.03522055596113205,0.017336729913949966,1
11:22:20.281,1.6628996133804321,-0.0462520569562912,0.01151199173182249,1
11:22:20.351,1.7050329446792603,-0.045524485409259796,0.003599675837904215,1
11:22:20.421,1.7126178741455078,-0.039718639105558395,0.00334453908726573,1
11:22:20.491,1.6803622245788574,-0.030955256894230843,-0.008090803399682045,1
11:22:20.561,1.6658949851989746,-0.022150496020913124,-0.007537656929343939,1
11:22:20.631,1.6778409481048584,-0.01735015958547592,-0.0052442168816924095,1
11:22:20.701,1.6509387493133545,-0.0072081685066223145,-0.004909883253276348,1
11:22:20.771,1.6157104969024658,-0.005370692815631628,-0.008974147960543633,1
11:22:20.841,1.6141923666000366,-0.003298018826171756,-0.011189790442585945,1
11:22:20.911,1.5572803020477295,-0.009010984562337399,-0.01345357857644558,1
11:22:20.981,1.6298725605010986,-0.005280344747006893,-0.01579037494957447,0
11:22:21.051,1.5647616386413574,-0.014128971844911575,-0.025561513379216194,1
11:22:21.121,1.5724890232086182,0.012348676100373268,-0.02574744075536728,0
11:22:21.191,1.5075867176055908,-0.022453125566244125,-0.038875482976436615,1
11:22:21.261,1.5143322944641113,-0.014161552302539349,-0.04511702060699463,1
11:22:21.331,1.491213083267212,-0.00850954931229353,-0.04673611372709274,1
11:22:21.401,1.4919058084487915,-0.008151983842253685,-0.039585258811712265,1
11:22:21.471,1.5805096626281738,-0.009577462449669838,-0.04703722149133682,1
11:22:21.541,1.6035192012786865,0.01598360762000084,-0.02136208489537239,1
11:22:21.611,1.657586932182312,0.010791175067424774,-0.014898822642862797,1
11:22:21.681,1.666808843612671,0.011112580075860023,0.01276349276304245,1
11:22:21.751,1.6668435335159302,-0.01074252650141716,0.015155786648392677,1
11:22:21.821,1.6565508842468262,-0.014929044991731644,0.022837558761239052,1
11:22:21.891,1.5567998886108398,-0.024163462221622467,-0.004535555839538574,1
11:22:21.961,1.5955497026443481,-0.031155221164226532,-0.0017625787295401096,1
11:22:22.031,1.5882420539855957,-0.04556122422218323,-0.01742498204112053,1
11:22:22.101,1.5909746885299683,-0.0389055460691452,-0.014764676801860332,1
11:22:22.171,1.5924793481826782,-0.017566155642271042,-0.011956232599914074,0
11:22:22.241,1.5994701385498047,-0.032270945608615875,-0.011316662654280663,1
11:22:22.311,1.5975511074066162,-0.03579249233007431,-0.01852717250585556,1
11:22:22.381,1.6272242069244385,-0.03530382364988327,-0.017139321193099022,1
11:22:22.451,1.6808198690414429,-0.02845117636024952,-0.016017641872167587,1
11:22:22.521,1.6141445636749268,-0.022677913308143616,-0.028334151953458786,1
11:22:22.591,1.6388843059539795,-0.020189199596643448,-0.027838757261633873,1
11:22:22.661,1.6067607402801514,-0.01442781649529934,-0.028304550796747208,0
11:22:22.731,1.6100916862487793,-0.015678077936172485,-0.025629708543419838,1
11:22:22.801,1.587639331817627,-0.014391612261533737,-0.026423251256346703,1
11:22:22.871,1.585669755935669,-0.018395286053419113,-0.02098458632826805,1
11:22:22.941,1.524048089981079,-0.02156425639986992,-0.02107049897313118,1
11:22:23.011,1.519000768661499,-0.02448355033993721,-0.011528135277330875,1
11:22:23.081,1.558475136756897,-0.024022536352276802,-0.020408838987350464,1
11:22:23.151,1.6122641563415527,-0.014703668653964996,-0.016107114031910896,1
11:22:23.221,1.5820225477218628,-0.014259330928325653,-0.015843920409679413,1
11:22:23.291,1.661076545715332,-0.011022211983799934,-0.006524238735437393,1
11:22:23.361,1.6361316442489624,-0.00902621541172266,0.007608483545482159,1
11:22:23.431,1.697012186050415,-0.010795081034302711,0.011686847545206547,1
11:22:23.501,1.6814682483673096,-0.012874512001872063,0.017030812799930573,1
11:22:23.571,1.6793415546417236,-0.015123354271054268,0.015183682553470135,1
11:22:23.641,1.6359889507293701,-0.02722645364701748,0.015386192128062248,1
11:22:23.711,1.6252546310424805,-0.02882782556116581,0.007050753571093082,1
11:22:23.781,1.552760362625122,-0.030050843954086304,0.0046195294708013535,1
11:22:23.851,1.5911073684692383,-0.04096946120262146,-0.0042231641709804535,1
11:22:23.921,1.5696208477020264,-0.03015018440783024,-0.004584537819027901,1
11:22:23.991,1.6504597663879395,-0.03435254842042923,-0.0007084684912115335,1
11:22:24.061,1.6381500959396362,-0.03262130916118622,-0.0012931952951475978,1
11:22:24.131,1.626145839691162,-0.025451071560382843,0.002492522122338414,1
11:22:24.201,1.5915042161941528,-0.017559438943862915,-0.0047691697254776955,1
11:22:24.271,1.5523998737335205,-0.0244549922645092,-0.011745935305953026,1
11:22:24.341,1.5631518363952637,-0.026494553312659264,-0.017019186168909073,1
11:22:24.411,1.5256284475326538,-0.020946292206645012,-0.015673812478780746,1
11:22:24.481,1.5849971771240234,-0.02546394243836403,-0.01510705891996622,1
11:22:24.551,1.594726324081421,-0.02592002972960472,-0.002285773865878582,1
11:22:24.621,1.6292226314544678,-0.02105434611439705,0.0039469231851398945,1
11:22:24.691,1.6071290969848633,-0.025661587715148926,0.010629002936184406,1
11:22:24.761,1.5820313692092896,-0.03485902398824692,0.0026477728970348835,1
11:22:24.831,1.531010627746582,-0.026423940435051918,-7.80271366238594e-05,1
11:22:24.901,1.5291093587875366,-0.03135308623313904,-0.0167658980935812,1
11:22:24.971,1.4949517250061035,-0.023667247965931892,-0.023958347737789154,1
11:22:25.041,1.4895696640014648,-0.018674854189157486,-0.04152492433786392,1
11:22:25.111,1.5106674432754517,-0.005611414089798927,-0.04658064991235733,1
11:22:25.181,1.5259592533111572,-0.01326802559196949,-0.05094887316226959,1
11:22:25.251,1.5794765949249268,0.0004749717190861702,-0.03993644937872887,1
11:22:25.321,1.5156807899475098,-0.0031750896014273167,-0.03858427330851555,1
11:22:25.391,1.5600314140319824,0.010185270570218563,-0.03375869244337082,1
11:22:25.461,1.5225845575332642,0.003586655016988516,-0.03187946230173111,1
11:22:25.531,1.4571856260299683,0.008124260231852531,-0.0363866463303566,1
11:22:25.601,1.4397001266479492,0.004122121259570122,-0.03999434411525726,1
11:22:25.671,1.436700701713562,0.0016512658912688494,-0.042046528309583664,1
11:22:25.741,1.4604294300079346,-0.002087072469294071,-0.041217245161533356,1
11:22:25.811,1.5080211162567139,-0.0030203317292034626,-0.03729161620140076,1
11:22:25.881,1.5280532836914062,0.00725062470883131,-0.02213050238788128,1
11:22:25.951,1.5903486013412476,0.0023398716002702713,-0.01640470325946808,1
11:22:26.021,1.6179485321044922,0.0015322096878662705,0.0022493647411465645,1
11:22:26.091,1.6344068050384521,-0.009768595919013023,0.00029106391593813896,1
11:22:26.161,1.4787752628326416,-0.006399055477231741,-0.006159134674817324,1
11:22:26.231,1.5071663856506348,-0.008357161656022072,-0.010017188265919685,1
11:22:26.301,1.4677634239196777,-0.01833779737353325,-0.023524051532149315,1
11:22:26.371,1.5380470752716064,-0.01933368295431137,-0.03567194566130638,1
11:22:26.441,1.532083511352539,-0.018600769340991974,-0.03223787248134613,1
11:22:26.511,1.6028947830200195,-0.009466702118515968,-0.011927202343940735,1
11:22:26.581,1.633239507675171,-0.015363714657723904,-0.0071001253090798855,1
11:22:26.651,1.5797432661056519,-0.006473895162343979,0.0020788100082427263,1
11:22:26.721,1.59830904006958,-0.01965932548046112,-0.005376455839723349,1
11:22:26.791,1.5307703018188477,-0.017420917749404907,-0.01090993918478489,0
11:22:26.861,1.5701435804367065,-0.01900899037718773,-0.014343641698360443,1
11:22:26.931,1.5631070137023926,-0.016740083694458008,-0.005913503002375364,1
11:22:27.001,1.5469443798065186,-0.02230215072631836,-0.002500599017366767,1
11:22:27.071,1.5668495893478394,-0.023225858807563782,-0.007829846814274788,1
11:22:27.141,1.5789086818695068,-0.01776670664548874,-0.010422959923744202,1
11:22:27.211,1.5519869327545166,-0.01516268402338028,-0.010201842524111271,1
11:22:27.281,1.5876922607421875,-0.016202189028263092,-0.010272970423102379,1
11:22:27.351,1.558124303817749,-0.01712847128510475,-0.010376637801527977,1
11:22:27.421,1.569382905960083,-0.012959652580320835,-0.017614899203181267,0
11:22:27.491,1.5486226081848145,-0.005824674852192402,-0.029891420155763626,1
11:22:27.561,1.604013442993164,-0.006559115834534168,-0.03037126734852791,1
11:22:27.631,1.5567394495010376,0.001517181284725666,-0.023822030052542686,1
11:22:27.701,1.6238257884979248,-0.001852122019045055,-0.019682111218571663,1
11:22:27.771,1.6103236675262451,-0.00016393931582570076,-0.010070628486573696,1
11:22:27.841,1.6274466514587402,-0.002846455667167902,-0.009437563829123974,1
11:22:27.911,1.5755752325057983,-0.006382374092936516,-0.010723243467509747,1
11:22:27.981,1.6055881977081299,-0.005650767590850592,-0.015021007508039474,1
11:22:28.051,1.5581035614013672,-0.012716788798570633,-0.013530012220144272,1
11:22:28.121,1.5521376132965088,-0.01335123274475336,-0.02254365384578705,1
11:22:28.191,1.5621545314788818,-0.014401925727725029,-0.024732787162065506,1
11:22:28.261,1.5621685981750488,0.0047599514946341515,-0.027385249733924866,1
11:22:28.331,1.5670830011367798,0.0024899099953472614,-0.03007284551858902,1
11:22:28.401,1.5884497165679932,0.01336908433586359,-0.021964501589536667,1
11:22:28.471,1.632639765739441,0.0030214982107281685,-0.012005461379885674,1
11:22:28.541,1.6131415367126465,-0.017558211460709572,-0.007792942225933075,0
11:22:28.611,1.6156489849090576,-0.012208339758217335,-0.0030690589919686317,1
11:22:28.681,1.6244549751281738,-0.012244129553437233,0.012577302753925323,1
11:22:28.751,1.5805230140686035,-0.019132953137159348,-0.0017263442277908325,1
11:22:28.821,1.665893316268921,-0.03066006675362587,0.001518800389021635,1
11:22:28.891,1.654830813407898,-0.03401128947734833,-0.010006140917539597,1
11:22:28.961,1.69649076461792,-0.037449635565280914,-0.0032352195121347904,1
11:22:29.031,1.6463921070098877,-0.02352840267121792,-0.005047233309596777,1
11:22:29.101,1.6694831848144531,-0.03505565598607063,-0.004708955064415932,1
11:22:29.171,1.687666416168213,-0.028730662539601326,-0.014902928844094276,1
11:22:29.241,1.7084332704544067,-0.03114425204694271,-0.011837556026875973,1
11:22:29.311,1.7178900241851807,-0.026040764525532722,-0.015580635517835617,1
11:22:29.381,1.7434308528900146,-0.028094187378883362,-0.012945117428898811,1
11:22:29.451,1.6607086658477783,-0.0182862039655447,-0.02261159010231495,1
11:22:29.521,1.680776834487915,-0.017841927707195282,-0.02511679008603096,1
11:22:29.591,1.6560537815093994,-0.014569541439414024,-0.026931559666991234,1
11:22:29.661,1.6844871044158936,-0.015997417271137238,-0.0264122374355793,1
11:22:29.731,1.6286948919296265,-0.013650277629494667,-0.027142319828271866,1
11:22:29.801,1.6452906131744385,-0.015036462806165218,-0.026239559054374695,1
11:22:29.871,1.6279089450836182,-0.009570835158228874,-0.032225947827100754,1
11:22:29.941,1.6407506465911865,-0.003993879538029432,-0.03509577363729477,1
11:22:30.011,1.5633745193481445,0.0019077467732131481,-0.04186730086803436,1
11:22:30.081,1.5464348793029785,0.006349945440888405,-0.04504527151584625,1
11:22:30.151,1.536510705947876,0.011130186729133129,-0.044759757816791534,1
11:22:30.221,1.5326323509216309,0.013903383165597916,-0.04128280654549599,1
11:22:30.291,1.5740265846252441,0.01008886843919754,-0.04013937711715698,1
11:22:30.361,1.5671656131744385,0.013125939294695854,-0.040819376707077026,1
11:22:30.431,1.5711530447006226,0.008045051246881485,-0.036993056535720825,1
11:22:30.501,1.5562214851379395,0.009324705228209496,-0.02797754295170307,1
11:22:30.571,1.5212287902832031,0.005828837398439646,-0.025654451921582222,1
11:22:30.641,1.5743873119354248,-4.7133537009358406e-05,-0.020762285217642784,1
11:22:30.711,1.5471763610839844,0.004522638861089945,-0.015373177826404572,1
11:22:30.781,1.566033959388733,0.0017855744808912277,-0.011124868877232075,1
11:22:30.851,1.5593795776367188,0.0011866394197568297,-0.008632532320916653,1
11:22:30.921,1.5847593545913696,0.0023616624530404806,-0.005209243390709162,1
11:22:30.991,1.5715715885162354,0.0027881120331585407,-0.003249858506023884,1
11:22:31.061,1.5708835124969482,-0.005897230934351683,-0.004378128331154585,1
11:22:31.131,1.6158106327056885,-0.011163188144564629,0.008767417632043362,1
11:22:31.201,1.5895001888275146,-0.011748342774808407,0.014484487473964691,1
11:22:31.271,1.6197426319122314,-0.011368678882718086,0.023201946169137955,1
11:22:31.341,1.6413289308547974,-0.01907861977815628,0.025093920528888702,1
11:22:31.411,1.6240838766098022,-0.032906629145145416,0.0249108225107193,1
11:22:31.481,1.6320257186889648,-0.037403177469968796,0.024851661175489426,1
11:22:31.551,1.6898884773254395,-0.048172030597925186,0.018742915242910385,1
11:22:31.621,1.6798551082611084,-0.043993767350912094,0.008981996215879917,1
11:22:31.691,1.710782527923584,-0.04998784512281418,0.013724862597882748,1
11:22:31.761,1.75525963306427,-0.04064313694834709,0.01247156597673893,1
11:22:31.831,1.6713967323303223,-0.040240176022052765,0.0035915193147957325,1
11:22:31.901,1.7239470481872559,-0.028603924438357353,0.010571141727268696,1
11:22:31.971,1.7223865985870361,-0.0301771629601717,0.0039038341492414474,1
11:22:32.041,1.7091435194015503,-0.024394668638706207,0.007980459369719028,1
11:22:32.111,1.7358381748199463,-0.025897333398461342,0.0009395279921591282,1
11:22:32.181,1.6872847080230713,-0.020614776760339737,0.0005907884333282709,1
11:22:32.251,1.610642910003662,-0.019826868548989296,-0.00886619184166193,1
11:22:32.321,1.711059808731079,-0.020383695140480995,-0.0061993976123631,1
11:22:32.391,1.594017744064331,-0.015856804326176643,-0.010258898138999939,1
11:22:32.461,1.6417869329452515,-0.015837877988815308,-0.010595576837658882,1
11:22:32.531,1.624897837638855,-0.012742758728563786,-0.016485389322042465,1
11:22:32.601,1.5253328084945679,-0.010064983740448952,-0.01392721850425005,1
11:22:32.671,1.6219227313995361,-0.006748426239937544,-0.02017611637711525,1
11:22:32.741,1.5606682300567627,0.00026548607274889946,-0.02589009329676628,1
11:22:32.811,1.5653839111328125,0.003647289704531431,-0.03002973273396492,1
11:22:32.881,1.503361701965332,0.009924548678100109,-0.029331667348742485,1
11:22:32.951,1.487858533859253,0.011583461426198483,-0.031116385012865067,1
11:22:33.021,1.4713826179504395,0.017722507938742638,-0.03235070779919624,1
11:22:33.091,1.53749680519104,0.01692209765315056,-0.03766303509473801,1
11:22:33.161,1.5087571144104004,0.01426644902676344,-0.04654679074883461,1
11:22:33.231,1.5463895797729492,0.01598639041185379,-0.044115100055933,1
11:22:33.301,1.5486507415771484,0.011874426156282425,-0.03282513469457626,1
11:22:33.371,1.588775396347046,0.0069914706982672215,-0.017463473603129387,1
11:22:33.441,1.6163063049316406,-0.0011734520085155964,-0.012437885627150536,1
11:22:33.511,1.5674381256103516,-0.003171182470396161,-0.01160705927759409,1
11:22:33.581,1.609165906906128,-0.00875906553119421,-0.0088200056925416,1
11:22:33.651,1.6175141334533691,-0.00997284147888422,-0.006239914335310459,1
11:22:33.721,1.6160614490509033,-0.008981133811175823,-0.005202575586736202,1
11:22:33.791,1.6906468868255615,-0.004677893128246069,0.001635333290323615,1
11:22:33.861,1.6322166919708252,-0.008709276095032692,0.016354335471987724,1
11:22:33.931,1.6324608325958252,-0.01356855034828186,0.020683303475379944,1
11:22:34.001,1.6947978734970093,-0.028208617120981216,0.014972983859479427,1
11:22:34.071,1.6310670375823975,-0.0221943948417902,0.008733748458325863,0
11:22:34.141,1.6470224857330322,-0.02911463752388954,0.009005768224596977,1
11:22:34.211,1.649680495262146,-0.030654307454824448,0.009713908657431602,1
11:22:34.281,1.6699302196502686,-0.0434454083442688,0.008412925526499748,1
11:22:34.351,1.7075831890106201,-0.044532835483551025,0.007292959373444319,1
11:22:34.421,1.689347743988037,-0.05253062769770622,0.014862039126455784,1
11:22:34.491,1.7055931091308594,-0.048242561519145966,0.024730954319238663,1
11:22:34.561,1.7572696208953857,-0.054399274289608,0.02387213706970215,1
11:22:34.631,1.728550672531128,-0.04890929535031319,0.029295505955815315,1
11:22:34.701,1.7484873533248901,-0.06104911118745804,0.02236787974834442,1
11:22:34.771,1.7138805389404297,-0.0638664960861206,0.014583907090127468,1
11:22:34.841,1.6627914905548096,-0.06354263424873352,0.0027497773990035057,1
11:22:34.911,1.6338380575180054,-0.05524140223860741,-0.01543065533041954,1
11:22:34.981,1.6947109699249268,-0.0484296940267086,-0.017612457275390625,1
11:22:35.051,1.717116117477417,-0.04510362818837166,-0.03242477402091026,1
11:22:35.121,1.691335916519165,-0.04305130988359451,-0.026735952123999596,1
11:22:35.191,1.6621477603912354,-0.035076968371868134,-0.041708268225193024,1
11:22:35.261,1.655465841293335,-0.023716673254966736,-0.043193668127059937,1
11:22:35.331,1.5408103466033936,-0.012898923829197884,-0.05521474778652191,1
11:22:35.401,1.6239218711853027,-0.012132854200899601,-0.054678648710250854,1
11:22:35.471,1.5849714279174805,-0.011609855107963085,-0.05704975873231888,1
11:22:35.541,1.5655877590179443,-0.01076866127550602,-0.053425200283527374,1
11:22:35.611,1.5440926551818848,-0.006015028338879347,-0.057700589299201965,1
11:22:35.681,1.5450060367584229,-0.004480981733649969,-0.05592592433094978,1
11:22:35.751,1.5443906784057617,-0.003137891413643956,-0.053532153367996216,1
11:22:35.821,1.5168170928955078,-0.003949966747313738,-0.05402987077832222,1
11:22:35.891,1.5090999603271484,-0.0024376993533223867,-0.04782465100288391,1
11:22:35.961,1.5314254760742188,-0.0002579190768301487,-0.0532069131731987,1
11:22:36.031,1.5236401557922363,0.0061289588920772076,-0.0550694614648819,1
11:22:36.101,1.5226294994354248,0.011356016620993614,-0.05901367962360382,1
11:22:36.171,1.520470380783081,0.03615825995802879,-0.047268833965063095,1
11:22:36.241,1.4645593166351318,0.030712226405739784,-0.036970049142837524,1
11:22:36.311,1.4804205894470215,0.023307809606194496,-0.03863642364740372,1
11:22:36.381,1.4484291076660156,0.014083885587751865,-0.043301597237586975,1
11:22:36.451,1.4425508975982666,0.013310953974723816,-0.03753267973661423,1
11:22:36.521,1.4007620811462402,0.005586113780736923,-0.03412596136331558,1
11:22:36.591,1.4475728273391724,-0.0013340767472982407,-0.02229236252605915,1
11:22:36.661,1.5378148555755615,-0.0011637825518846512,-0.01867210865020752,1
11:22:36.731,1.601006031036377,-0.007020598277449608,-0.006024826318025589,1
11:22:36.801,1.623335599899292,-0.003303051460534334,0.007647029124200344,1
11:22:36.871,1.6284027099609375,-0.012883833609521389,0.028685880824923515,1
11:22:36.941,1.636258840560913,-0.018726859241724014,0.030370155349373817,1
11:22:37.011,1.6144680976867676,-0.04134216904640198,0.024064254015684128,1
11:22:37.081,1.590430736541748,-0.034075528383255005,0.02503575012087822,1
11:22:37.151,1.645413875579834,-0.05420362949371338,0.01938585564494133,1
11:22:37.221,1.6111054420471191,-0.05314658582210541,0.020274683833122253,1
11:22:37.291,1.6473182439804077,-0.05641283839941025,0.017918039113283157,1
11:22:37.361,1.6914212703704834,-0.04756580665707588,0.011758515611290932,1
11:22:37.431,1.6741876602172852,-0.043971408158540726,0.011297051794826984,1
11:22:37.501,1.655879259109497,-0.0423884391784668,0.009830661118030548,1
11:22:37.571,1.63655424118042,-0.037218350917100906,0.0028741308487951756,1
11:22:37.641,1.618983507156372,-0.03751624375581741,-0.004576405975967646,1
11:22:37.711,1.6645781993865967,-0.03603573888540268,-0.004334252327680588,1
11:22:37.781,1.6871534585952759,-0.03185877203941345,-0.00018336926586925983,1
11:22:37.851,1.6736042499542236,-0.026590198278427124,-0.0032803805079311132,1
11:22:37.921,1.6309678554534912,-0.02387562394142151,-0.011702468618750572,1
11:22:37.991,1.6342779397964478,-0.025978567078709602,-0.02668006531894207,1
11:22:38.061,1.5565590858459473,-0.02058853581547737,-0.03081517294049263,1
11:22:38.131,1.5789549350738525,-0.021266739815473557,-0.0288177952170372,1
11:22:38.201,1.5436408519744873,-0.019967827945947647,-0.023340657353401184,1
11:22:38.271,1.5428918600082397,-0.020950768142938614,-0.025680571794509888,1
11:22:38.341,1.5000090599060059,-0.02106262370944023,-0.021106235682964325,1
11:22:38.411,1.5448088645935059,-0.020586077123880386,-0.027406834065914154,1
11:22:38.481,1.5540709495544434,-0.017288938164711,-0.025929562747478485,1
11:22:38.551,1.5640645027160645,-0.017919182777404785,-0.026892099529504776,1
11:22:38.621,1.5614445209503174,-0.017744993790984154,-0.02584126405417919,1
11:22:38.691,1.5596435070037842,-0.016983255743980408,-0.022977977991104126,1
11:22:38.761,1.5660960674285889,-0.020143596455454826,-0.02133132517337799,1
11:22:38.831,1.5338324308395386,-0.01691283844411373,-0.0222352035343647,1
11:22:38.901,1.5071300268173218,-0.014093777164816856,-0.029998689889907837,1
11:22:38.971,1.4920730590820312,-0.0060411617159843445,-0.03319309651851654,1
11:22:39.041,1.4410743713378906,0.0032911289017647505,-0.040533777326345444,1
11:22:39.111,1.4797732830047607,0.007302563637495041,-0.03956593573093414,1
11:22:39.181,1.492133617401123,0.004198689479380846,-0.03211044520139694,1
11:22:39.251,1.5475139617919922,-0.0022012407425791025,-0.016034148633480072,1
11:22:39.321,1.5482723712921143,-0.006448814179748297,-0.010435786098241806,1
11:22:39.391,1.5476963520050049,-0.014341190457344055,-0.0050263917073607445,1
11:22:39.461,1.5738515853881836,-0.019914181903004646,-0.005104114767163992,1
11:22:39.531,1.5373339653015137,-0.01877470128238201,-0.002893276745453477,0
11:22:39.601,1.5992767810821533,-0.02742663398385048,-0.0018678604392334819,1
11:22:39.671,1.5836472511291504,-0.02655569650232792,-0.0010518893832340837,1
11:22:39.741,1.6015874147415161,-0.022288579493761063,-0.0008456196519546211,1
11:22:39.811,1.601893663406372,-0.02156471461057663,-0.004321152810007334,1
11:22:39.881,1.6178512573242188,-0.01200806349515915,-0.0019121766090393066,1
11:22:39.951,1.6332662105560303,-0.012196090072393417,-0.0024714521132409573,1
11:22:40.021,1.5952187776565552,-0.007865951396524906,-0.0017140097916126251,1
11:22:40.091,1.607053279876709,-0.013694333843886852,0.0010500517673790455,1
11:22:40.161,1.5676007270812988,-0.023355241864919662,-0.0022612556349486113,1
11:22:40.231,1.5954737663269043,-0.026223473250865936,0.0018695071339607239,1
11:22:40.301,1.5933963060379028,-0.03684920445084572,-0.00846480205655098,1
11:22:40.371,1.6437201499938965,-0.03400864452123642,-0.010386697947978973,1
11:22:40.441,1.6350839138031006,-0.03434605523943901,-0.0076911053620278835,1
11:22:40.511,1.689778447151184,-0.029915327206254005,-0.0015562563203275204,1
11:22:40.581,1.72337007522583,-0.046566177159547806,0.008646790869534016,1
11:22:40.651,1.701789140701294,-0.036296188831329346,0.0035581146366894245,1
11:22:40.721,1.7006325721740723,-0.03712387755513191,0.0004186230944469571,1
11:22:40.791,1.670966386795044,-0.03343808650970459,-0.007776674348860979,0
11:22:40.861,1.6841895580291748,-0.04036147519946098,-0.016667867079377174,1
11:22:40.931,1.6378941535949707,-0.03536439314484596,-0.018106698989868164,1
11:22:41.001,1.650123119354248,-0.04103294387459755,-0.030412103980779648,1
11:22:41.071,1.574642300605774,-0.028664452955126762,-0.03358533978462219,1
11:22:41.141,1.5649641752243042,-0.02154444344341755,-0.03483615815639496,1
11:22:41.211,1.5820986032485962,-0.017024334520101547,-0.03330237790942192,1
11:22:41.281,1.5478827953338623,-0.009732997976243496,-0.03031531535089016,1
11:22:41.351,1.554764747619629,-0.0053483834490180016,-0.02901492454111576,1
11:22:41.421,1.5559401512145996,-0.018415309488773346,-0.025507330894470215,1
11:22:41.491,1.5629892349243164,-0.009494950994849205,-0.021192193031311035,1
11:22:41.561,1.5778496265411377,-0.007431335747241974,-0.018765609711408615,1
11:22:41.631,1.5345786809921265,-0.00974237360060215,-0.0260669756680727,1
11:22:41.701,1.5529332160949707,-0.014900784008204937,-0.021031197160482407,1
11:22:41.771,1.514493465423584,-0.010679244995117188,-0.029714303091168404,1
11:22:41.841,1.4813027381896973,-0.00034109316766262054,-0.037704095244407654,1
11:22:41.911,1.4276044368743896,0.003149067284539342,-0.04402713477611542,1
11:22:41.981,1.5029075145721436,0.008014123886823654,-0.041389577090740204,1
11:22:42.051,1.5275659561157227,0.0035085538402199745,-0.03992816433310509,1
11:22:42.121,1.5411574840545654,0.00638487096875906,-0.023906832560896873,1
11:22:42.191,1.5650478601455688,0.0026215417310595512,-0.02053958736360073,1
11:22:42.261,1.5662355422973633,0.005824369844049215,-0.01611175946891308,1
11:22:42.331,1.5262866020202637,0.002827256917953491,-0.019278747960925102,1
11:22:42.401,1.5594524145126343,-0.00022364163305610418,-0.00939892791211605,1
11:22:42.471,1.5126566886901855,0.0027397568337619305,-0.0036790682934224606,1
11:22:42.541,1.539067268371582,-0.008892513811588287,-0.0013518661726266146,1
11:22:42.611,1.5266692638397217,-0.011203741654753685,0.003921685740351677,1
11:22:42.681,1.4894943237304688,-0.020246881991624832,0.006097299046814442,1
11:22:42.821,1.5779736042022705,-0.04131253436207771,0.007638064678758383,1
11:22:42.961,1.5316860675811768,-0.03681878373026848,-0.006116650067269802,1
11:22:43.031,1.5953292846679688,-0.029106859117746353,-0.0038134451024234295,1
11:22:43.101,1.6230040788650513,-0.025514988228678703,-0.0005392928142100573,1
11:22:43.171,1.6836810111999512,-0.02355482429265976,0.006501954980194569,0
11:22:43.241,1.6362512111663818,-0.02840997837483883,0.0032496321946382523,1
11:22:43.311,1.706021785736084,-0.025854671373963356,0.003606189042329788,1
11:22:43.381,1.6739168167114258,-0.02440732903778553,0.0004952752497047186,1
11:22:43.521,1.5709234476089478,-0.011600961908698082,-0.008958319202065468,1
11:22:43.661,1.52915620803833,-0.012338891625404358,-0.016542719677090645,1
11:22:43.801,1.6355838775634766,-0.01605956256389618,-0.011189100332558155,1
11:22:43.941,1.5416245460510254,-0.012004862539470196,-0.01332197804003954,1
11:22:44.011,1.589198350906372,-0.010946633294224739,-0.012765207327902317,1
11:22:44.081,1.5880966186523438,-0.013631010428071022,-0.008251292631030083,1
11:22:44.221,1.5928971767425537,-0.04152612015604973,0.015147609636187553,1
11:22:44.361,1.5698444843292236,-0.04347460716962814,0.01235861238092184,1
11:22:44.501,1.6207091808319092,-0.0457768440246582,0.006714676506817341,1
11:22:44.641,1.647739291191101,-0.028143251314759254,0.00471060536801815,1
11:22:44.781,1.7122118473052979,-0.03684315085411072,0.033275071531534195,1
11:22:44.851,1.7002164125442505,-0.03386659920215607,0.027045223861932755,1
11:22:44.921,1.6487934589385986,-0.03872457146644592,0.019022800028324127,1
