Sample,Pred_b1,Pred_b2,Pred_b3,Pred_b4,GT_b1,GT_b2,GT_b3,GT_b4,All_Beams_Gt
0,-0.13823534548282623,-0.333846777677536,0.35570380091667175,0.1594267338514328,-0.3804226815700531,-0.34269949793815613,0.38258108496665955,0.3448579013347626,1
1,-0.20978422462940216,-0.33719995617866516,0.3908134400844574,0.26598483324050903,-0.36153295636177063,-0.33584854006767273,0.39596378803253174,0.3702794015407562,1
2,-0.27491623163223267,-0.35275164246559143,0.38218432664871216,0.30795472860336304,-0.367287278175354,-0.3482724130153656,0.3862302601337433,0.3672153949737549,1
3,-0.33957216143608093,-0.3895011246204376,0.34111467003822327,0.2990047335624695,-0.39340442419052124,-0.379552960395813,0.34758079051971436,0.3337293565273285,1
4,-0.3598581850528717,-0.39007556438446045,0.3332267999649048,0.3083364963531494,-0.3959425389766693,-0.38345587253570557,0.34256094694137573,0.3300743103027344,1
5,-0.3361332416534424,-0.35335269570350647,0.37140578031539917,0.3540312349796295,-0.36041536927223206,-0.3530881404876709,0.3755917549133301,0.3682645261287689,1
6,-0.33579951524734497,-0.3527742624282837,0.3840937912464142,0.37724635004997253,-0.3475951850414276,-0.353601336479187,0.3841318190097809,0.3901379704475403,1
7,-0.35860466957092285,-0.3808804750442505,0.35602614283561707,0.36156976222991943,-0.36024805903434753,-0.37353235483169556,0.35650354623794556,0.3697878122329712,1
8,-0.36075592041015625,-0.38508790731430054,0.3437449634075165,0.3578892648220062,-0.36086028814315796,-0.3777150809764862,0.3475034236907959,0.36435818672180176,1
9,-0.33737385272979736,-0.3588985204696655,0.368278443813324,0.3838992118835449,-0.338918000459671,-0.35757192969322205,0.3716082274913788,0.3902621865272522,1
10,-0.3389797806739807,-0.3624914288520813,0.3677481412887573,0.3860744833946228,-0.33616548776626587,-0.36004361510276794,0.36875176429748535,0.39262986183166504,1
11,-0.3665236234664917,-0.39932766556739807,0.3313521146774292,0.35918891429901123,-0.3607916235923767,-0.3942311108112335,0.33506396412849426,0.3685034513473511,1
12,-0.37863337993621826,-0.4179777204990387,0.3022952973842621,0.33848196268081665,-0.3728102147579193,-0.41171571612358093,0.30782637000083923,0.34673184156417847,1
13,-0.3516087234020233,-0.39156317710876465,0.32772061228752136,0.3649500012397766,-0.3513658344745636,-0.39118528366088867,0.33254048228263855,0.37235990166664124,1
14,-0.3199661374092102,-0.359590619802475,0.3688434660434723,0.4046218991279602,-0.3199615776538849,-0.36240682005882263,0.36842063069343567,0.4108658730983734,1
15,-0.30983155965805054,-0.35973694920539856,0.37932464480400085,0.4234580099582672,-0.3050566017627716,-0.3608250021934509,0.37514206767082214,0.43091046810150146,1
16,-0.3374744951725006,-0.3949506878852844,0.34064623713493347,0.3940253257751465,-0.3289927840232849,-0.3883737325668335,0.3404315710067749,0.3998125195503235,1
17,-0.3658024072647095,-0.4262560307979584,0.2959662079811096,0.35433483123779297,-0.358023464679718,-0.4171997010707855,0.3014720678329468,0.3606483042240143,1
18,-0.35532981157302856,-0.41509872674942017,0.298353374004364,0.35748720169067383,-0.3530175983905792,-0.4137771725654602,0.3051835298538208,0.3659431040287018,1
19,-0.3321751058101654,-0.3924560546875,0.32526880502700806,0.3832581043243408,-0.33159786462783813,-0.39565253257751465,0.3275698125362396,0.39162445068359375,1
20,-0.3215973973274231,-0.3865589201450348,0.33919665217399597,0.3991524279117584,-0.31919461488723755,-0.38721591234207153,0.33764371275901794,0.40566501021385193,1
21,-0.3282638192176819,-0.3996807336807251,0.32862985134124756,0.3950677812099457,-0.3236779272556305,-0.3979506194591522,0.32778820395469666,0.4020608961582184,1
22,-0.32027485966682434,-0.3994113802909851,0.3270643651485443,0.40206506848335266,-0.31521159410476685,-0.398899108171463,0.3262757956981659,0.40996330976486206,1
23,-0.3243715763092041,-0.41026461124420166,0.31753304600715637,0.4004853069782257,-0.3184530436992645,-0.41130638122558594,0.3177262544631958,0.4105795919895172,1
24,-0.35286325216293335,-0.443595290184021,0.2773098349571228,0.3653736710548401,-0.344219833612442,-0.4383491277694702,0.27904176712036133,0.3731710612773895,1
25,-0.3544917106628418,-0.4503776431083679,0.26215246319770813,0.3555152416229248,-0.34901949763298035,-0.4479946494102478,0.26548895239830017,0.36446413397789,1
26,-0.3095422089099884,-0.40566909313201904,0.3058345913887024,0.3995792269706726,-0.3085612654685974,-0.410572350025177,0.30478429794311523,0.40679535269737244,1
27,-0.27838659286499023,-0.37622395157814026,0.3484469950199127,0.4418830871582031,-0.27675145864486694,-0.3822859525680542,0.34252333641052246,0.4480578601360321,1
28,-0.28572532534599304,-0.39645689725875854,0.33605626225471497,0.44093650579452515,-0.2767598628997803,-0.3981315791606903,0.3280293345451355,0.44940105080604553,1
29,-0.30924880504608154,-0.43097665905952454,0.2961299419403076,0.4143979549407959,-0.2991332411766052,-0.4282497763633728,0.2940264344215393,0.4231429398059845,1
30,-0.3429914116859436,-0.4687255024909973,0.2430591732263565,0.3679344654083252,-0.3320177495479584,-0.46336713433265686,0.2456769496202469,0.3770263195037842,1
31,-0.3389259874820709,-0.4652600884437561,0.23547333478927612,0.3612496852874756,-0.3339167833328247,-0.4649795889854431,0.23955506086349487,0.3706178665161133,1
32,-0.2822335958480835,-0.407164067029953,0.2986777424812317,0.42112770676612854,-0.2831786274909973,-0.416094034910202,0.2963842749595642,0.4292997121810913,1
33,-0.25282055139541626,-0.3819499909877777,0.3426913022994995,0.46665090322494507,-0.25099244713783264,-0.39191877841949463,0.334089070558548,0.47501540184020996,1
34,-0.27950024604797363,-0.4208311140537262,0.3079410791397095,0.442939817905426,-0.2690189480781555,-0.4198007881641388,0.2992478907108307,0.45002973079681396,1
35,-0.31263792514801025,-0.4637534022331238,0.2495611160993576,0.39721837639808655,-0.3006674647331238,-0.45805850625038147,0.24764999747276306,0.40504103899002075,1
36,-0.30522626638412476,-0.4585247337818146,0.2411866933107376,0.39377474784851074,-0.2981523275375366,-0.45998460054397583,0.24202989041805267,0.4038621783256531,1
37,-0.2812916934490204,-0.4320940673351288,0.2678946554660797,0.41754162311553955,-0.2779931426048279,-0.4383033812046051,0.2660769522190094,0.426387220621109,1
38,-0.2700153589248657,-0.426748663187027,0.28247612714767456,0.43498504161834717,-0.26488763093948364,-0.43356335163116455,0.2763637602329254,0.44503945112228394,1
39,-0.2794550657272339,-0.4445660710334778,0.26720789074897766,0.42795243859291077,-0.27229440212249756,-0.4480181038379669,0.2618667781352997,0.43759045004844666,1
40,-0.2829524874687195,-0.45650291442871094,0.2515249252319336,0.4210769534111023,-0.27496573328971863,-0.4586431384086609,0.24706897139549255,0.4307463765144348,1
41,-0.2750568687915802,-0.45484867691993713,0.24521760642528534,0.42204368114471436,-0.2660663425922394,-0.45802637934684753,0.23920604586601257,0.4311660826206207,1
42,-0.24594995379447937,-0.43015149235725403,0.27000555396080017,0.45062071084976196,-0.23936839401721954,-0.4364737868309021,0.26181265711784363,0.458918035030365,1
43,-0.23365703225135803,-0.4186694622039795,0.2864082455635071,0.46821290254592896,-0.22714564204216003,-0.42517799139022827,0.277920663356781,0.47595301270484924,1
44,-0.25520798563957214,-0.44576355814933777,0.2604660987854004,0.44786036014556885,-0.24603401124477386,-0.4487239718437195,0.25461459159851074,0.45730453729629517,1
45,-0.27733075618743896,-0.4755784571170807,0.22125309705734253,0.41716039180755615,-0.2675575017929077,-0.4767715632915497,0.21861691772937775,0.4278309643268585,1
46,-0.2558506727218628,-0.4617062211036682,0.2277507334947586,0.4308543801307678,-0.2483653724193573,-0.4681035280227661,0.22264429926872253,0.44238245487213135,1
47,-0.21797116100788116,-0.42580872774124146,0.2664141356945038,0.4706495404243469,-0.21221719682216644,-0.43541744351387024,0.25637879967689514,0.47957906126976013,1
48,-0.21475578844547272,-0.4248414635658264,0.27311059832572937,0.47847142815589905,-0.2061511129140854,-0.43050771951675415,0.26147958636283875,0.4858361780643463,1
49,-0.23018956184387207,-0.4401593506336212,0.2556547224521637,0.4622214436531067,-0.22298777103424072,-0.44202950596809387,0.24971389770507812,0.4687556326389313,1
50,-0.24064412713050842,-0.45660656690597534,0.23423302173614502,0.4478458762168884,-0.23266692459583282,-0.46247515082359314,0.23026660084724426,0.4600748121738434,1
51,-0.23826532065868378,-0.460086464881897,0.2266654372215271,0.44596683979034424,-0.23139847815036774,-0.46712014079093933,0.22216132283210754,0.45788297057151794,1
52,-0.2319883555173874,-0.46244269609451294,0.22367709875106812,0.4494006633758545,-0.2226627618074417,-0.469407320022583,0.2149394154548645,0.4616839587688446,1
53,-0.23624040186405182,-0.47075355052948,0.21688827872276306,0.44745105504989624,-0.22868816554546356,-0.478168785572052,0.21014538407325745,0.4596259891986847,1
54,-0.2294597625732422,-0.46288764476776123,0.21995261311531067,0.4496620297431946,-0.222810298204422,-0.467107892036438,0.2126830667257309,0.4569806456565857,1
55,-0.2078121155500412,-0.4444921910762787,0.23573149740695953,0.4685162305831909,-0.20114347338676453,-0.45288944244384766,0.22568154335021973,0.47742751240730286,1
56,-0.19498994946479797,-0.4370446801185608,0.24522347748279572,0.4831126630306244,-0.18716435134410858,-0.44691401720046997,0.23334889113903046,0.49309855699539185,1
57,-0.20199011266231537,-0.45279425382614136,0.23239095509052277,0.4785654544830322,-0.19170832633972168,-0.46047845482826233,0.22141145169734955,0.490181565284729,1
58,-0.21879984438419342,-0.4777979254722595,0.20257611572742462,0.4583151340484619,-0.20711058378219604,-0.483612984418869,0.1943681538105011,0.4708705544471741,1
59,-0.2314596027135849,-0.4932277202606201,0.17716412246227264,0.43688803911209106,-0.2213209718465805,-0.4976147413253784,0.171550914645195,0.4478446841239929,1
60,-0.22086691856384277,-0.4842608869075775,0.17916563153266907,0.4400484561920166,-0.213062584400177,-0.4920474886894226,0.17201966047286987,0.45100459456443787,1
61,-0.19533346593379974,-0.4641396403312683,0.1995072066783905,0.4646448493003845,-0.18766604363918304,-0.47661155462265015,0.18760468065738678,0.4765501916408539,1
62,-0.1747300922870636,-0.44776368141174316,0.2235698103904724,0.49185338616371155,-0.16821029782295227,-0.46000799536705017,0.21018709242343903,0.5019847750663757,1
63,-0.17956803739070892,-0.4606780707836151,0.21410953998565674,0.490311861038208,-0.1686052829027176,-0.47012776136398315,0.20007741451263428,0.501599907875061,1
64,-0.19935032725334167,-0.4874958097934723,0.18035268783569336,0.46530815958976746,-0.18744079768657684,-0.49334925413131714,0.1703348159790039,0.4762432873249054,1
65,-0.21143439412117004,-0.5044598579406738,0.15082824230194092,0.4415852427482605,-0.19946494698524475,-0.5100643038749695,0.14242559671401978,0.4530249536037445,1
66,-0.1899128407239914,-0.48624321818351746,0.16176608204841614,0.4557589292526245,-0.1813000738620758,-0.4972330331802368,0.15157581865787506,0.4675087630748749,1
67,-0.14999839663505554,-0.44983044266700745,0.20362421870231628,0.49957332015037537,-0.14304865896701813,-0.4656578302383423,0.18833543360233307,0.5109446048736572,1
68,-0.15476736426353455,-0.4548470079898834,0.20711149275302887,0.5030953288078308,-0.14683343470096588,-0.4660678803920746,0.1931818574666977,0.5124163031578064,1
69,-0.18992199003696442,-0.49617525935173035,0.16009993851184845,0.46232494711875916,-0.17770715057849884,-0.501072883605957,0.1494709998369217,0.4728367328643799,1
70,-0.188666433095932,-0.50496506690979,0.1368369311094284,0.45040684938430786,-0.17736011743545532,-0.5140732526779175,0.12709054350852966,0.4638036787509918,1
71,-0.1515078842639923,-0.47516393661499023,0.16361631453037262,0.4840107560157776,-0.14198654890060425,-0.49094143509864807,0.14886687695980072,0.49782174825668335,1
72,-0.1259005069732666,-0.44836220145225525,0.19804120063781738,0.5160877108573914,-0.11807386577129364,-0.46205466985702515,0.18104581534862518,0.5250266194343567,1
73,-0.1367875039577484,-0.45945602655410767,0.1906988024711609,0.508941650390625,-0.12673021852970123,-0.4690282940864563,0.17564457654953003,0.5179426670074463,1
74,-0.16286608576774597,-0.4922296106815338,0.14904092252254486,0.4756290018558502,-0.15057922899723053,-0.5005029439926147,0.13790041208267212,0.48782411217689514,1
75,-0.17866602540016174,-0.5167270302772522,0.11189122498035431,0.44772869348526,-0.16625438630580902,-0.5261024236679077,0.10242201387882233,0.4622700810432434,1
76,-0.16395103931427002,-0.5075642466545105,0.11266005039215088,0.45321717858314514,-0.1534055471420288,-0.5199007391929626,0.10040545463562012,0.46690064668655396,1
77,-0.12309059500694275,-0.4683121144771576,0.15651001036167145,0.49747511744499207,-0.11626584082841873,-0.48571619391441345,0.14015628397464752,0.509606659412384,1
78,-0.09974558651447296,-0.44432830810546875,0.19039995968341827,0.5301614999771118,-0.09267105907201767,-0.4606298506259918,0.17166489362716675,0.5396236777305603,1
79,-0.12155350297689438,-0.4695439040660858,0.16804131865501404,0.5114362239837646,-0.11096739768981934,-0.4800184667110443,0.15235288441181183,0.521403968334198,1
80,-0.15096110105514526,-0.5057299137115479,0.12169475853443146,0.4731999635696411,-0.13895899057388306,-0.5139803886413574,0.11075699329376221,0.48577842116355896,1
81,-0.16969916224479675,-0.5310181379318237,0.07866858690977097,0.4379492402076721,-0.15636160969734192,-0.540077269077301,0.06845652312040329,0.452172189950943,1
82,-0.1497308909893036,-0.5181415677070618,0.08324956148862839,0.44827091693878174,-0.13896895945072174,-0.5328648090362549,0.06950012594461441,0.46339598298072815,1
83,-0.10298295319080353,-0.4755781292915344,0.12919384241104126,0.4972396492958069,-0.09401797503232956,-0.4952421486377716,0.10903992503881454,0.5102640986442566,1
84,-0.07849713414907455,-0.4544377326965332,0.16313505172729492,0.5338324904441833,-0.06938666850328445,-0.4733832776546478,0.1411677747964859,0.5451644062995911,1
85,-0.1073160469532013,-0.4833362102508545,0.1379438191652298,0.510236918926239,-0.09669677168130875,-0.4944622814655304,0.12214350700378418,0.5199090242385864,1
86,-0.14605429768562317,-0.5240945219993591,0.08418601006269455,0.46010637283325195,-0.1348065435886383,-0.5312830805778503,0.07470191270112991,0.47117847204208374,1
87,-0.1482240855693817,-0.5293551087379456,0.06174851208925247,0.4413234293460846,-0.13902968168258667,-0.5414594411849976,0.05223740637302399,0.45466718077659607,1
88,-0.1074896901845932,-0.5002948641777039,0.0863400399684906,0.47449129819869995,-0.09648676216602325,-0.5205920934677124,0.0666281059384346,0.49073341488838196,1
89,-0.06827549636363983,-0.4669612646102905,0.12655912339687347,0.5192317962646484,-0.05773262307047844,-0.4868219494819641,0.10189057141542435,0.5309798717498779,1
90,-0.06249050423502922,-0.4625445604324341,0.13887780904769897,0.5332586169242859,-0.05061288923025131,-0.4776918590068817,0.11577322334051132,0.5428521633148193,1
91,-0.08784778416156769,-0.48755499720573425,0.10639003664255142,0.5037531852722168,-0.07477086782455444,-0.4980253577232361,0.0897710844874382,0.5130255818367004,1
92,-0.10604986548423767,-0.5090841054916382,0.07386808097362518,0.4755690097808838,-0.09479984641075134,-0.5215170979499817,0.061945945024490356,0.4886631965637207,1
93,-0.11077512800693512,-0.5187302827835083,0.05459359288215637,0.46081802248954773,-0.0997520387172699,-0.5345897078514099,0.04158809036016464,0.47642579674720764,1
94,-0.08960135281085968,-0.509069561958313,0.058217648416757584,0.4729650020599365,-0.076094850897789,-0.5267646908760071,0.03779471293091774,0.4884645640850067,1
95,-0.054569948464632034,-0.4818141758441925,0.08714902400970459,0.5089691877365112,-0.042226921766996384,-0.502050518989563,0.06286787986755371,0.5226914882659912,1
96,-0.02796109765768051,-0.4569321572780609,0.11891461163759232,0.5429531335830688,-0.01642463542521,-0.47651559114456177,0.0939621776342392,0.5540531277656555,1
97,-0.0392799973487854,-0.4675942659378052,0.1100761666893959,0.5352904796600342,-0.026974059641361237,-0.48289307951927185,0.08960136026144028,0.5455203652381897,1
98,-0.08243958652019501,-0.5116991996765137,0.055553507059812546,0.4831687808036804,-0.06896106898784637,-0.5221965312957764,0.0418117456138134,0.4950472116470337,1
99,-0.09888103604316711,-0.5344067811965942,0.01624327152967453,0.45002424716949463,-0.08629405498504639,-0.5480703711509705,0.00395601661875844,0.4657323360443115,1
100,-0.07327230274677277,-0.5177708864212036,0.022133728489279747,0.4634326100349426,-0.060794346034526825,-0.53798907995224,0.0032245912589132786,0.4804193377494812,1
101,-0.029130015522241592,-0.47823455929756165,0.06813907623291016,0.5117543339729309,-0.01943270117044449,-0.5017282366752625,0.04367116093635559,0.5259667038917542,1
102,-0.016801437363028526,-0.46697649359703064,0.08849217742681503,0.5330727100372314,-0.005186586175113916,-0.4872160255908966,0.06276994943618774,0.5447993874549866,1
103,-0.02837963029742241,-0.48055899143218994,0.07596466690301895,0.5240137577056885,-0.0167122483253479,-0.4968422055244446,0.055134423077106476,0.5352643728256226,1
104,-0.052613720297813416,-0.5050349831581116,0.042961038649082184,0.49330878257751465,-0.04130713641643524,-0.519582986831665,0.027502330020070076,0.5057781338691711,1
105,-0.05625613406300545,-0.5134031772613525,0.025111179798841476,0.4794548451900482,-0.04525943100452423,-0.5306995511054993,0.009152528829872608,0.4945926368236542,1
106,-0.048881467431783676,-0.5113415718078613,0.018822193145751953,0.4774859547615051,-0.03660929948091507,-0.5301591753959656,-0.0010779157746583223,0.49247196316719055,1
107,-0.02344387397170067,-0.4899580180644989,0.03744907304644585,0.4984377920627594,-0.011871044524013996,-0.509431779384613,0.01356959342956543,0.5111303329467773,1
108,-0.0034930789843201637,-0.47236552834510803,0.055989716202020645,0.5199041366577148,0.008662098087370396,-0.4935612976551056,0.030405361205339432,0.5326287746429443,1
109,-0.004545147065073252,-0.4745522439479828,0.056972503662109375,0.5230337381362915,0.0066884299740195274,-0.4944082796573639,0.0346233993768692,0.5357201099395752,1
110,-0.022376371547579765,-0.49421098828315735,0.034279949963092804,0.5029783248901367,-0.010397710837423801,-0.5113062858581543,0.015434647910296917,0.5163432359695435,1
111,-0.03005606308579445,-0.5087799429893494,0.012040205299854279,0.48754382133483887,-0.017357001081109047,-0.5273548364639282,-0.006458805408328772,0.5035390257835388,1
112,-0.01733160763978958,-0.5048710703849792,0.010362168774008751,0.4938011169433594,-0.004117562901228666,-0.5264388918876648,-0.011519359424710274,0.5108019709587097,1
113,-0.012460730969905853,-0.5049838423728943,0.007766128052026033,0.49571743607521057,0.0016260810662060976,-0.5252519845962524,-0.015991831198334694,0.5108862519264221,1
114,-0.011741135269403458,-0.5072097778320312,0.005529911257326603,0.49658340215682983,0.0008891819743439555,-0.52752286195755,-0.016775481402873993,0.5116365551948547,1
115,0.001055112574249506,-0.49961188435554504,0.010246291756629944,0.5071701407432556,0.013966291211545467,-0.5219963788986206,-0.013421694748103619,0.5225409865379333,1
116,0.015208662487566471,-0.4912346303462982,0.021266769617795944,0.5237843990325928,0.026910968124866486,-0.5153418183326721,-0.0028373615350574255,0.5394154191017151,1
117,0.012104080989956856,-0.49821943044662476,0.019164763391017914,0.5251848101615906,0.023934271186590195,-0.5208396911621094,-0.0038650822825729847,0.5409088730812073,1
118,-0.004760747775435448,-0.5208765864372253,-0.004307527095079422,0.5077855587005615,0.00837849359959364,-0.5415617227554321,-0.025319872424006462,0.5246203541755676,1
119,-0.014046869240701199,-0.5418422222137451,-0.03623374179005623,0.4874647855758667,0.0029880430083721876,-0.5618711709976196,-0.05946062505245209,0.5053986310958862,1
120,0.010966403409838676,-0.5284892320632935,-0.03550631180405617,0.4993259608745575,0.02877328358590603,-0.5504204034805298,-0.06372904777526855,0.5154646039009094,1
121,0.047488659620285034,-0.49364787340164185,0.0029291189275681973,0.539897084236145,0.06041596829891205,-0.5205813646316528,-0.025963222607970238,0.5550341010093689,1
122,0.0471506267786026,-0.49156665802001953,0.016170980408787727,0.5516101121902466,0.058853600174188614,-0.5175459384918213,-0.00972826685756445,0.5666713118553162,1
123,0.02595427818596363,-0.5208770036697388,-0.012024563737213612,0.531267523765564,0.04060057923197746,-0.5433167815208435,-0.03565576672554016,0.5482615828514099,1
124,0.014583395794034004,-0.5471556782722473,-0.04667352885007858,0.5114902257919312,0.03152376413345337,-0.5703408122062683,-0.07035986334085464,0.5315046906471252,1
125,0.010315578430891037,-0.5615167021751404,-0.07175938040018082,0.4964064955711365,0.028367148712277412,-0.58388352394104,-0.09702453017234802,0.5152261257171631,1
126,0.024217698723077774,-0.554326593875885,-0.07343953847885132,0.5008561611175537,0.042078856378793716,-0.5775966644287109,-0.10183507949113846,0.5178404450416565,1
127,0.06109688803553581,-0.5199114680290222,-0.04001510888338089,0.5373023152351379,0.07516387104988098,-0.5481730699539185,-0.0704924538731575,0.5528444647789001,1
128,0.09018582105636597,-0.4955367147922516,-0.008140732534229755,0.5734776854515076,0.10458523780107498,-0.5259512662887573,-0.04135113209486008,0.5891854166984558,1
129,0.07550667971372604,-0.5143032670021057,-0.017654547467827797,0.5685797333717346,0.08937548100948334,-0.5411341786384583,-0.04554501175880432,0.5849646329879761,1
130,0.03823231905698776,-0.5623859763145447,-0.07169743627309799,0.5255221128463745,0.05691114440560341,-0.5844687819480896,-0.09667620807886124,0.5447037220001221,1
131,0.026250174269080162,-0.585008978843689,-0.11041940748691559,0.49838823080062866,0.043978750705718994,-0.6080322265625,-0.13387659192085266,0.518134355545044,1
132,0.061109140515327454,-0.5591490268707275,-0.09529794752597809,0.5209792852401733,0.07855973392724991,-0.5873791575431824,-0.12613604962825775,0.5398028492927551,1
133,0.10047735273838043,-0.5233285427093506,-0.05867726728320122,0.5604702830314636,0.11675005406141281,-0.5539661049842834,-0.09452756494283676,0.5761886239051819,1
134,0.10162070393562317,-0.5246612429618835,-0.0494098886847496,0.5723195672035217,0.11699181795120239,-0.5545984506607056,-0.08235974609851837,0.5892305374145508,1
135,0.08575081825256348,-0.5459930896759033,-0.0704529881477356,0.5581893920898438,0.10175205767154694,-0.5729647278785706,-0.0989706814289093,0.5757461190223694,1
136,0.07303689420223236,-0.5668430328369141,-0.10302706062793732,0.5343342423439026,0.09087178856134415,-0.591566801071167,-0.13066290318965912,0.5517756938934326,1
137,0.08818613737821579,-0.5646272301673889,-0.10995448380708694,0.538796067237854,0.10708244144916534,-0.5938818454742432,-0.14180412888526917,0.5591601133346558,1
138,0.11804831773042679,-0.5433404445648193,-0.0936742052435875,0.563252329826355,0.13739320635795593,-0.5743035674095154,-0.13029097020626068,0.5814058184623718,1
139,0.1178380474448204,-0.5475843548774719,-0.09547120332717896,0.5658725500106812,0.13687363266944885,-0.576981246471405,-0.13021020591259003,0.5836446285247803,1
140,0.10934776812791824,-0.563118577003479,-0.1142401248216629,0.5551071763038635,0.1289137899875641,-0.5918856859207153,-0.14651483297348022,0.5742846131324768,1
141,0.115561343729496,-0.5640798807144165,-0.12510211765766144,0.5523873567581177,0.13433460891246796,-0.5931244492530823,-0.15703417360782623,0.5704248547554016,1
142,0.13612839579582214,-0.5494757890701294,-0.11481264978647232,0.5674761533737183,0.15372422337532043,-0.5808290243148804,-0.14924979209899902,0.5853034257888794,1
143,0.1472703218460083,-0.5471886396408081,-0.11007161438465118,0.5802518129348755,0.16606886684894562,-0.5813295245170593,-0.1464627981185913,0.6009355783462524,1
144,0.14985941350460052,-0.5528746843338013,-0.11894946545362473,0.5795984268188477,0.17021237313747406,-0.5831252336502075,-0.15559600293636322,0.5977416038513184,1
145,0.1513269692659378,-0.5602393746376038,-0.1334817111492157,0.5742506980895996,0.17291724681854248,-0.5899377465248108,-0.16979841887950897,0.5930565595626831,1
146,0.15211743116378784,-0.5636016726493835,-0.1446855366230011,0.5685845017433167,0.17197494208812714,-0.5944060683250427,-0.17894621193408966,0.5874348282814026,1
147,0.15550008416175842,-0.5640739798545837,-0.1507471799850464,0.5660816431045532,0.17447954416275024,-0.5955319404602051,-0.18494106829166412,0.5850704312324524,1
148,0.15660879015922546,-0.5707298517227173,-0.16046981513500214,0.563727617263794,0.17577515542507172,-0.6046309471130371,-0.19518284499645233,0.5852232575416565,1
149,0.16857466101646423,-0.5683332085609436,-0.16084495186805725,0.5719724893569946,0.18778356909751892,-0.6027456521987915,-0.19760988652706146,0.5929193496704102,1
150,0.19094741344451904,-0.5569655895233154,-0.15539668500423431,0.5875880718231201,0.21314245462417603,-0.5908527374267578,-0.19712160527706146,0.6068735718727112,1
151,0.2010888159275055,-0.5547571182250977,-0.15649940073490143,0.5950870513916016,0.22348448634147644,-0.5887260437011719,-0.19794416427612305,0.6142663359642029,1
152,0.18897424638271332,-0.5698951482772827,-0.1746222823858261,0.5815154314041138,0.21005187928676605,-0.6024190783500671,-0.21134118735790253,0.6011297702789307,1
153,0.1730310022830963,-0.590733528137207,-0.20301179587841034,0.5590056777000427,0.19336751103401184,-0.6233609318733215,-0.2363979071378708,0.5803305506706238,1
154,0.1827402114868164,-0.5876965522766113,-0.20939244329929352,0.5586180686950684,0.2015218436717987,-0.6225029826164246,-0.24447138607501984,0.579553484916687,1
155,0.21615126729011536,-0.5599527359008789,-0.180964857339859,0.5908049941062927,0.23258772492408752,-0.5991724133491516,-0.22034521400928497,0.611414909362793,1
156,0.23147296905517578,-0.555882453918457,-0.17508815228939056,0.6064134836196899,0.2537352740764618,-0.5944228768348694,-0.2204723209142685,0.6276858448982239,1
157,0.22748491168022156,-0.5684263110160828,-0.19399726390838623,0.596786379814148,0.2512021064758301,-0.6007957458496094,-0.23732785880565643,0.6146699786186218,1
158,0.228716641664505,-0.5739678740501404,-0.21347646415233612,0.585736870765686,0.25377559661865234,-0.6063125133514404,-0.2555694878101349,0.6045186519622803,1
159,0.2423277050256729,-0.5634708404541016,-0.21335533261299133,0.5908993482589722,0.26405489444732666,-0.6001424789428711,-0.25352707505226135,0.6106703281402588,1
160,0.25380802154541016,-0.5576298832893372,-0.20915117859840393,0.5996263027191162,0.27532655000686646,-0.5965397953987122,-0.2507339119911194,0.6211324334144592,1
161,0.25798821449279785,-0.5619508028030396,-0.21659697592258453,0.5998035669326782,0.2806786596775055,-0.5996298789978027,-0.2591646909713745,0.6211438775062561,1
162,0.24916866421699524,-0.5820273756980896,-0.24148550629615784,0.5859699249267578,0.27358126640319824,-0.6193023324012756,-0.2833106815814972,0.6095728874206543,1
163,0.2519215941429138,-0.587115466594696,-0.2590017020702362,0.5768074989318848,0.27637478709220886,-0.6226119995117188,-0.3010813593864441,0.5979053974151611,1
164,0.2653157711029053,-0.581568717956543,-0.2641516923904419,0.5795264840126038,0.29013127088546753,-0.6195515394210815,-0.3084239363670349,0.6012588739395142,1
165,0.2901166081428528,-0.5617190599441528,-0.2545250952243805,0.5940543413162231,0.3144400417804718,-0.600189745426178,-0.30170249938964844,0.6129273176193237,1
166,0.3058894872665405,-0.5512434840202332,-0.2464280128479004,0.6072994470596313,0.32944992184638977,-0.5917322635650635,-0.29357486963272095,0.6276073455810547,1
167,0.3068664073944092,-0.5575602054595947,-0.2584388852119446,0.6030795574188232,0.33215242624282837,-0.5969040393829346,-0.3050403594970703,0.6240161061286926,1
168,0.29841285943984985,-0.5739439129829407,-0.282865047454834,0.5870563983917236,0.3233512341976166,-0.6120626330375671,-0.3264559209346771,0.6089580059051514,1
169,0.29383817315101624,-0.5879073739051819,-0.30928707122802734,0.5700912475585938,0.3202020823955536,-0.6265864968299866,-0.35328349471092224,0.5935050845146179,1
170,0.30799591541290283,-0.580276608467102,-0.3149776756763458,0.5707601308822632,0.332926481962204,-0.6196538209915161,-0.3605259358882904,0.5920543670654297,1
171,0.33518749475479126,-0.559304416179657,-0.3028123080730438,0.5881515741348267,0.3604622781276703,-0.6010793447494507,-0.3526756465435028,0.6088659763336182,1
172,0.35326871275901794,-0.5487362742424011,-0.2912752032279968,0.6072157621383667,0.37731480598449707,-0.5941769480705261,-0.3411523997783661,0.6303393840789795,1
173,0.3433001637458801,-0.56455397605896,-0.3107321858406067,0.5942107439041138,0.3688874840736389,-0.6053279638290405,-0.3583981990814209,0.6158172488212585,1
174,0.33560389280319214,-0.5759081840515137,-0.3369643986225128,0.5720833539962769,0.36075249314308167,-0.6124681234359741,-0.38219255208969116,0.5910280346870422,1
175,0.347599059343338,-0.568499743938446,-0.3471696078777313,0.566762387752533,0.3727988302707672,-0.6089780330657959,-0.39431440830230713,0.5874624848365784,1
176,0.36100661754608154,-0.5569136142730713,-0.34906941652297974,0.5664602518081665,0.38542336225509644,-0.5982810854911804,-0.3978954255580902,0.5858089923858643,1
177,0.3659854829311371,-0.5537930727005005,-0.35123831033706665,0.5652687549591064,0.38893890380859375,-0.5961906909942627,-0.39918985962867737,0.5859397649765015,1
178,0.3749038875102997,-0.5433021783828735,-0.3501441180706024,0.5654674768447876,0.3960689902305603,-0.5848169326782227,-0.3970891833305359,0.5837967395782471,1
179,0.391502320766449,-0.5294478535652161,-0.342094749212265,0.5753528475761414,0.4123225510120392,-0.5734196305274963,-0.39044326543807983,0.5952989459037781,1
180,0.39443570375442505,-0.5289888978004456,-0.346058189868927,0.5737091302871704,0.4156079590320587,-0.5728484392166138,-0.39417320489883423,0.5942832231521606,1
181,0.38460347056388855,-0.5423617362976074,-0.36983346939086914,0.5528680086135864,0.4082713723182678,-0.5819437503814697,-0.41766104102134705,0.5725540518760681,1
182,0.39156997203826904,-0.5361251831054688,-0.3827800154685974,0.5412964820861816,0.4151145815849304,-0.5746065378189087,-0.43089425563812256,0.5588268041610718,1
183,0.41196751594543457,-0.516153872013092,-0.37595659494400024,0.5488076210021973,0.43466708064079285,-0.5593402981758118,-0.4258578419685364,0.5681495666503906,1
184,0.4172220230102539,-0.5132215619087219,-0.380876749753952,0.5461281538009644,0.4411977529525757,-0.5571050047874451,-0.43162965774536133,0.5666731595993042,1
185,0.4213358759880066,-0.5101886987686157,-0.3867436945438385,0.5411268472671509,0.4441014230251312,-0.5515612363815308,-0.4358898401260376,0.559772789478302,1
186,0.4186877906322479,-0.5104352235794067,-0.3949533998966217,0.531617283821106,0.4392925798892975,-0.5531321167945862,-0.4408659338951111,0.551558792591095,1
187,0.41753655672073364,-0.5135892629623413,-0.40925922989845276,0.5187810063362122,0.43961524963378906,-0.5562594532966614,-0.4564109444618225,0.5394637584686279,1
188,0.42681434750556946,-0.5035842657089233,-0.41462650895118713,0.5121157169342041,0.4481792449951172,-0.5439470410346985,-0.46294310688972473,0.5291831493377686,1
189,0.445674866437912,-0.4888094961643219,-0.41343623399734497,0.5162085294723511,0.4700954556465149,-0.531884491443634,-0.46653249859809875,0.5354474782943726,1
190,0.45541828870773315,-0.48217150568962097,-0.41558000445365906,0.5182420015335083,0.4793260991573334,-0.527072012424469,-0.46780556440353394,0.538592517375946,1
191,0.458274781703949,-0.4817911386489868,-0.42148974537849426,0.5149070024490356,0.4821453392505646,-0.5254374742507935,-0.4722824990749359,0.5353003144264221,1
192,0.4518720209598541,-0.48563623428344727,-0.4362475872039795,0.499148428440094,0.4739952087402344,-0.5274015665054321,-0.48340481519699097,0.5179919600486755,1
193,0.4422922432422638,-0.4921761751174927,-0.45605337619781494,0.47621530294418335,0.46340641379356384,-0.5331536531448364,-0.5014824271202087,0.49507763981819153,1
194,0.45480796694755554,-0.477861613035202,-0.4613284766674042,0.46830421686172485,0.4761885106563568,-0.5187553763389587,-0.5099338889122009,0.48500996828079224,1
195,0.48722100257873535,-0.44509074091911316,-0.4408230185508728,0.48715075850486755,0.5078592896461487,-0.4899735152721405,-0.49362364411354065,0.5042091012001038,1
196,0.5049128532409668,-0.42933011054992676,-0.4302735924720764,0.4991435706615448,0.5278503894805908,-0.47564607858657837,-0.48557451367378235,0.5179219841957092,1
197,0.4971616566181183,-0.4417669177055359,-0.4476523995399475,0.4870113432407379,0.5216739177703857,-0.48577681183815,-0.4999741017818451,0.5074766278266907,1
198,0.47659000754356384,-0.45900803804397583,-0.4734853506088257,0.4600858986377716,0.4972144067287445,-0.5006092190742493,-0.5178316235542297,0.47999200224876404,1
199,0.47363874316215515,-0.4612252712249756,-0.4892253875732422,0.4434231221675873,0.4942578077316284,-0.5042171478271484,-0.5340761542320251,0.4643987715244293,1
200,0.47564980387687683,-0.45815280079841614,-0.5014361143112183,0.4295707941055298,0.4960311949253082,-0.501200258731842,-0.5483484268188477,0.4488830268383026,1
201,0.4917190968990326,-0.4417996406555176,-0.5009881854057312,0.427437424659729,0.5136877298355103,-0.48330292105674744,-0.5529828071594238,0.44400784373283386,1
202,0.5225951075553894,-0.40837374329566956,-0.4808351397514343,0.44546008110046387,0.5435949563980103,-0.45275363326072693,-0.5352649092674255,0.46108362078666687,1
203,0.5535876750946045,-0.3743728995323181,-0.4500260055065155,0.47356826066970825,0.5732386708259583,-0.42187339067459106,-0.5051531791687012,0.48995888233184814,1
204,0.5476356744766235,-0.38152825832366943,-0.4529990255832672,0.47240644693374634,0.5680173635482788,-0.4295543134212494,-0.5042648911476135,0.4933067262172699,1
205,0.5058033466339111,-0.42674338817596436,-0.5008867383003235,0.42874547839164734,0.5270205736160278,-0.46993428468704224,-0.5448634624481201,0.45209136605262756,1
206,0.4734448194503784,-0.4592640995979309,-0.5528886318206787,0.37744009494781494,0.49450328946113586,-0.4974628686904907,-0.5934837460517883,0.39848241209983826,1
207,0.4944052994251251,-0.43719908595085144,-0.5581495761871338,0.36995190382003784,0.5156127214431763,-0.477690726518631,-0.6055513620376587,0.38775211572647095,1
208,0.5477054119110107,-0.3802349269390106,-0.5147705078125,0.40815746784210205,0.5671477913856506,-0.427335262298584,-0.5703426003456116,0.42414045333862305,1
209,0.5863199830055237,-0.3379116356372833,-0.4674201011657715,0.45079880952835083,0.6047682762145996,-0.38817858695983887,-0.5255609750747681,0.467385858297348,1
210,0.5750072598457336,-0.3484625220298767,-0.4689933955669403,0.44985431432724,0.593906819820404,-0.396544486284256,-0.5208719372749329,0.4695793390274048,1
211,0.5340138077735901,-0.3919687867164612,-0.519269585609436,0.4036852717399597,0.555126965045929,-0.43333813548088074,-0.5640004277229309,0.4244646430015564,1
212,0.5008893013000488,-0.42651185393333435,-0.5742678046226501,0.35098695755004883,0.5219240784645081,-0.4654748737812042,-0.6151047945022583,0.3722941279411316,1
213,0.5199300646781921,-0.40273886919021606,-0.5747483372688293,0.34474238753318787,0.5385560989379883,-0.4436926543712616,-0.6202542781829834,0.3619944453239441,1
214,0.5615496635437012,-0.35751280188560486,-0.5384173393249512,0.37559598684310913,0.5795168876647949,-0.40571314096450806,-0.591516375541687,0.39371368288993835,1
215,0.5920504331588745,-0.3254283666610718,-0.5054475665092468,0.4058436155319214,0.6108027696609497,-0.37418362498283386,-0.5622862577438354,0.4227001368999481,1
216,0.5843995809555054,-0.33195561170578003,-0.5149391889572144,0.3961896002292633,0.605585515499115,-0.3751874268054962,-0.5685553550720215,0.4122175872325897,1
217,0.5631293654441833,-0.35136866569519043,-0.548828125,0.36255258321762085,0.5847381353378296,-0.39108186960220337,-0.5966585874557495,0.37916141748428345,1
218,0.5507491827011108,-0.3625060021877289,-0.5794296264648438,0.3320285975933075,0.5720396041870117,-0.4038332402706146,-0.6248622536659241,0.35101059079170227,1
219,0.5649898648262024,-0.3440442979335785,-0.5762239694595337,0.33027201890945435,0.5832626819610596,-0.38768643140792847,-0.6230851411819458,0.34786394238471985,1
220,0.5877103805541992,-0.31851956248283386,-0.559639036655426,0.34227466583251953,0.6068241596221924,-0.3641226887702942,-0.6114857792854309,0.35946106910705566,1
221,0.6016917824745178,-0.3041594624519348,-0.5482364296913147,0.35262465476989746,0.6207238435745239,-0.3508620262145996,-0.6009682416915894,0.3706176280975342,1
222,0.6002150177955627,-0.3042779564857483,-0.5526818037033081,0.3473714590072632,0.6196284890174866,-0.3487575650215149,-0.6033170223236084,0.36506906151771545,1
223,0.5950551629066467,-0.3054828941822052,-0.5637960433959961,0.3332349359989166,0.613684356212616,-0.3475017845630646,-0.6114895939826965,0.349696546792984,1
224,0.5977301597595215,-0.2955437898635864,-0.569656491279602,0.32045429944992065,0.6157152056694031,-0.3361022174358368,-0.6170545220375061,0.33476293087005615,1
225,0.5971226692199707,-0.29436251521110535,-0.584138035774231,0.30351877212524414,0.6177000403404236,-0.3364340364933014,-0.6336696743965149,0.32046443223953247,1
226,0.6021004915237427,-0.28700998425483704,-0.5888397693634033,0.29632019996643066,0.6209469437599182,-0.3301878571510315,-0.6375800967216492,0.31355467438697815,1
227,0.6080573797225952,-0.27961018681526184,-0.5874291062355042,0.2961605191230774,0.62662672996521,-0.3250947892665863,-0.6362067461013794,0.31551477313041687,1
228,0.6176149845123291,-0.27033916115760803,-0.5870022177696228,0.2967721223831177,0.6374576091766357,-0.3147915005683899,-0.6376041173934937,0.314644992351532,1
229,0.6256147623062134,-0.2587350010871887,-0.5780025124549866,0.30216777324676514,0.6420751810073853,-0.3037874102592468,-0.6261987090110779,0.3196638822555542,1
230,0.6265202760696411,-0.25525641441345215,-0.5825946927070618,0.2949650287628174,0.6457226276397705,-0.29867443442344666,-0.6323093771934509,0.31208768486976624,1
231,0.6171092987060547,-0.2583683431148529,-0.59610915184021,0.2758927345275879,0.6338997483253479,-0.29915851354599,-0.6418538689613342,0.29120439291000366,1
232,0.6145092844963074,-0.25713446736335754,-0.6088799238204956,0.2587321698665619,0.6328626871109009,-0.2982613742351532,-0.6558005213737488,0.2753235101699829,1
233,0.6229461431503296,-0.2460516095161438,-0.6142218112945557,0.2510281205177307,0.6415866613388062,-0.28811442852020264,-0.6627304553985596,0.2669706344604492,1
234,0.6318931579589844,-0.23514828085899353,-0.6148410439491272,0.24762625992298126,0.6513721346855164,-0.27769219875335693,-0.6652435660362244,0.2638207674026489,1
235,0.6400970816612244,-0.22021636366844177,-0.6076144576072693,0.24889183044433594,0.6567840576171875,-0.26326784491539,-0.6559094786643982,0.2641424238681793,1
236,0.6548989415168762,-0.20230993628501892,-0.5956913828849792,0.2574383020401001,0.6720758080482483,-0.2469436377286911,-0.645334005355835,0.27368542551994324,1
237,0.6606431007385254,-0.1918058544397354,-0.5886555910110474,0.2600954473018646,0.6760343313217163,-0.23617134988307953,-0.6363426446914673,0.27586302161216736,1
238,0.6519255638122559,-0.1983603835105896,-0.5999055504798889,0.24579240381717682,0.6692294478416443,-0.2405802309513092,-0.6469895839691162,0.2628200948238373,1
239,0.6307237148284912,-0.21806611120700836,-0.6336610317230225,0.21137115359306335,0.649815559387207,-0.2574225962162018,-0.6785473823547363,0.22869078814983368,1
240,0.6183252334594727,-0.22571417689323425,-0.6599805355072021,0.18065392971038818,0.6364229917526245,-0.26359954476356506,-0.7032839059829712,0.19673867523670197,1
241,0.637536883354187,-0.1979876309633255,-0.6536497473716736,0.1784212589263916,0.6545014977455139,-0.23708604276180267,-0.7004038691520691,0.19118370115756989,1
242,0.6720877885818481,-0.15662424266338348,-0.623590886592865,0.20081694424152374,0.688216507434845,-0.20032641291618347,-0.6749216914176941,0.21362121403217316,1
243,0.6929949522018433,-0.1309562623500824,-0.5948830842971802,0.22426971793174744,0.7075168490409851,-0.1778554767370224,-0.6459227204322815,0.23944959044456482,1
244,0.6886401176452637,-0.13487091660499573,-0.594397783279419,0.22442904114723206,0.7045627236366272,-0.1799594759941101,-0.6426804661750793,0.24184171855449677,1
245,0.6685858964920044,-0.15261578559875488,-0.6189347505569458,0.19854936003684998,0.6851560473442078,-0.19195690751075745,-0.6627569794654846,0.2143559753894806,1
246,0.6410700082778931,-0.17506402730941772,-0.6582646369934082,0.15476368367671967,0.6585627794265747,-0.21108989417552948,-0.6991854906082153,0.17046718299388885,1
247,0.6310110092163086,-0.17795364558696747,-0.6842148900032043,0.12184973806142807,0.6477831602096558,-0.21416346728801727,-0.7253395915031433,0.1366070657968521,1
248,0.6496226191520691,-0.14920161664485931,-0.6723288297653198,0.12301256507635117,0.6631379127502441,-0.18906719982624054,-0.7159292101860046,0.13627588748931885,1
249,0.6785711050033569,-0.11623244732618332,-0.6422635912895203,0.1475403904914856,0.6921002864837646,-0.16225381195545197,-0.6907243132591248,0.16362982988357544,1
250,0.6950078010559082,-0.09975866973400116,-0.6223692297935486,0.16675421595573425,0.709452211856842,-0.1456269472837448,-0.6722077131271362,0.18287146091461182,1
251,0.6883617639541626,-0.10338449478149414,-0.6294874548912048,0.15709352493286133,0.7045987248420715,-0.14252838492393494,-0.6770029067993164,0.17012418806552887,1
252,0.6793495416641235,-0.10727274417877197,-0.6442039608955383,0.13866986334323883,0.6951479315757751,-0.14500358700752258,-0.6879826188087463,0.15216894447803497,1
253,0.671229898929596,-0.10625319927930832,-0.6583434343338013,0.1168576180934906,0.6858294010162354,-0.14387577772140503,-0.6997223496437073,0.12998279929161072,1
254,0.679395854473114,-0.08993393927812576,-0.65413498878479,0.11172575503587723,0.6924930214881897,-0.1286078244447708,-0.6966179609298706,0.1244828850030899,1
255,0.6839411854743958,-0.07926534861326218,-0.6539129614830017,0.10523372888565063,0.6983686685562134,-0.11898872256278992,-0.6985189318656921,0.11883845925331116,1
256,0.6779685020446777,-0.08180253207683563,-0.6632057428359985,0.0919807180762291,0.6925510168075562,-0.12126383930444717,-0.7067937254905701,0.10702113807201385,1
257,0.6746240854263306,-0.08332651108503342,-0.6738576889038086,0.07981707155704498,0.6900372505187988,-0.12266156822443008,-0.7170577049255371,0.09564115852117538,1
258,0.6804665327072144,-0.07189735025167465,-0.6724725961685181,0.07626882195472717,0.6942529082298279,-0.1107332706451416,-0.7150806784629822,0.0899055227637291,1
259,0.6907351016998291,-0.0462033785879612,-0.6549022793769836,0.07865487784147263,0.7004594802856445,-0.08326558023691177,-0.6960636973381042,0.08766139298677444,1
260,0.7082099914550781,-0.02364673838019371,-0.6417819857597351,0.08521589636802673,0.7219780087471008,-0.06288321316242218,-0.6882827877998352,0.09657847136259079,1
261,0.7119172811508179,-0.015021922066807747,-0.6387538909912109,0.08399344980716705,0.7243829965591431,-0.054649967700242996,-0.6829089522361755,0.09612400829792023,1
262,0.6935507655143738,-0.03110983408987522,-0.6564214825630188,0.06361983716487885,0.7077706456184387,-0.06960754841566086,-0.6977336406707764,0.07964451611042023,1
263,0.6779864430427551,-0.04143958538770676,-0.6789419651031494,0.03741538152098656,0.691586434841156,-0.076906718313694,-0.7169687747955322,0.05152437463402748,1
264,0.6752018928527832,-0.03728678822517395,-0.6891061663627625,0.02003404311835766,0.6882339715957642,-0.07238476723432541,-0.727653443813324,0.032965287566185,1
265,0.6836097240447998,-0.01963333785533905,-0.679656445980072,0.019968222826719284,0.6937575936317444,-0.05802687257528305,-0.7186650037765503,0.03311943635344505,1
266,0.6949763298034668,-0.004228226374834776,-0.6666843891143799,0.02768513932824135,0.706135094165802,-0.04479211941361427,-0.7087101340293884,0.04221704602241516,1
267,0.7100656032562256,0.012429071590304375,-0.6526832580566406,0.03947938233613968,0.7221566438674927,-0.027028828859329224,-0.6967579126358032,0.05242760106921196,1
268,0.7060743570327759,0.01631869561970234,-0.6525490283966064,0.032592497766017914,0.7177881002426147,-0.01962200179696083,-0.6939897537231445,0.043420325964689255,1
269,0.6992607712745667,0.01573982648551464,-0.6587963700294495,0.020643271505832672,0.7109513878822327,-0.02039523981511593,-0.6979528665542603,0.03339379280805588,1
270,0.6923133134841919,0.01483173482120037,-0.671980082988739,0.002465459518134594,0.7047682404518127,-0.020216787233948708,-0.7103443741798401,0.01464065257459879,1
271,0.6884770393371582,0.016777053475379944,-0.6789548993110657,-0.01108087319880724,0.699946403503418,-0.018298940733075142,-0.7166991233825684,0.0015462368028238416,1
272,0.6934663653373718,0.028774632140994072,-0.6762140393257141,-0.01547730527818203,0.7046827673912048,-0.007108540274202824,-0.7150641083717346,-0.0032728512305766344,1
273,0.6983555555343628,0.03949398547410965,-0.6699321269989014,-0.01523620169609785,0.7088419198989868,0.002253046492114663,-0.7089383602142334,-0.002349525224417448,1
274,0.6936492323875427,0.04253857210278511,-0.6744979619979858,-0.027427062392234802,0.7048042416572571,0.008386082015931606,-0.713182270526886,-0.01676410250365734,1
275,0.6822714805603027,0.03780072554945946,-0.6880639791488647,-0.04737439006567001,0.6932173371315002,0.004370291717350483,-0.724656343460083,-0.035809315741062164,1
276,0.6766668558120728,0.04111000522971153,-0.6950603127479553,-0.06247781589627266,0.6857605576515198,0.007109913509339094,-0.7297876477241516,-0.05113702267408371,1
277,0.6818028688430786,0.05725300312042236,-0.6885961890220642,-0.06739220768213272,0.6893984079360962,0.02372097782790661,-0.7239270210266113,-0.05824963003396988,1
278,0.7050216197967529,0.09271474927663803,-0.6600767970085144,-0.05214931443333626,0.7108896970748901,0.05825187265872955,-0.697976291179657,-0.045338429510593414,1
279,0.7196990847587585,0.11327768862247467,-0.6407371759414673,-0.03952375054359436,0.7280610799789429,0.07633788138628006,-0.681489109992981,-0.029765885323286057,1
280,0.7113994359970093,0.10367228835821152,-0.6508786678314209,-0.04844345524907112,0.7233097553253174,0.06800933182239532,-0.690782904624939,-0.03548251464962959,1
281,0.6891837120056152,0.07979419827461243,-0.6791532039642334,-0.07392468303442001,0.7024375796318054,0.04667327180504799,-0.714793860912323,-0.05902954190969467,1
282,0.6756892204284668,0.07286258041858673,-0.6949326395988464,-0.09454167634248734,0.6859859228134155,0.04114794731140137,-0.7263187170028687,-0.08148076385259628,1
283,0.6809757947921753,0.08934799581766129,-0.6900707483291626,-0.10093127191066742,0.6896008253097534,0.05794845521450043,-0.7229112386703491,-0.09125886857509613,1
284,0.6881293058395386,0.11270053684711456,-0.6768044233322144,-0.10434260219335556,0.6939980387687683,0.08212654292583466,-0.7103545665740967,-0.09848309308290482,1
285,0.6955543756484985,0.1309383660554886,-0.6669859290122986,-0.10678358376026154,0.7026383876800537,0.09959056973457336,-0.7031205296516418,-0.1000727117061615,1
286,0.7132514715194702,0.1574588567018509,-0.6444272398948669,-0.09299688041210175,0.7183389067649841,0.12346921861171722,-0.6802994608879089,-0.08542977273464203,1
287,0.7224501371383667,0.16935954988002777,-0.6315028667449951,-0.0834931880235672,0.7308717966079712,0.1342984437942505,-0.6694108843803406,-0.07283752411603928,1
288,0.7044581174850464,0.15346644818782806,-0.6483920216560364,-0.10177570581436157,0.7146466374397278,0.12201909720897675,-0.6829125881195068,-0.0902850404381752,1
289,0.6804540753364563,0.13553376495838165,-0.6729708909988403,-0.13146904110908508,0.6897488832473755,0.10735747218132019,-0.7025571465492249,-0.12016568332910538,1
290,0.6728643774986267,0.1350724697113037,-0.6850354075431824,-0.1497131884098053,0.6812872886657715,0.1054263636469841,-0.7138811945915222,-0.13802030682563782,1
291,0.6693876385688782,0.14354750514030457,-0.6851445436477661,-0.1618739664554596,0.6749522686004639,0.11396703869104385,-0.713578999042511,-0.15259380638599396,1
292,0.6693543195724487,0.15587592124938965,-0.6807234883308411,-0.17124122381210327,0.6745319366455078,0.1276606023311615,-0.7109730243682861,-0.16410164535045624,1
293,0.6809782981872559,0.17733217775821686,-0.6726379990577698,-0.17332255840301514,0.6875801682472229,0.14966529607772827,-0.7062315940856934,-0.16831669211387634,1
294,0.6882573366165161,0.19647349417209625,-0.6586758494377136,-0.17078262567520142,0.6923908591270447,0.16692234575748444,-0.6905581951141357,-0.1650897115468979,1
295,0.7017742395401001,0.21584603190422058,-0.6402003169059753,-0.15873391926288605,0.7074369788169861,0.1840037703514099,-0.6738921999931335,-0.15045897662639618,1
296,0.7150894403457642,0.23371291160583496,-0.6190930604934692,-0.14177899062633514,0.719882607460022,0.20103417336940765,-0.6518398523330688,-0.13299137353897095,1
297,0.7009080648422241,0.22493353486061096,-0.6274474263191223,-0.15564444661140442,0.7087275385856628,0.19703570008277893,-0.6588797569274902,-0.14718793332576752,1
298,0.6689709424972534,0.198721781373024,-0.6603283882141113,-0.1932264268398285,0.6769761443138123,0.1739683896303177,-0.6864030957221985,-0.18339532613754272,1
299,0.6433624029159546,0.182087242603302,-0.6921917796134949,-0.23277226090431213,0.6504716277122498,0.1585596650838852,-0.7151751518249512,-0.223263218998909,1
300,0.6426107287406921,0.195567324757576,-0.6942915916442871,-0.24925607442855835,0.6461638808250427,0.17165233194828033,-0.7175188064575195,-0.24300731718540192,1
301,0.6477237343788147,0.21286620199680328,-0.6846478581428528,-0.2530369162559509,0.6506436467170715,0.18543829023838043,-0.7109457850456238,-0.24574041366577148,1
302,0.665876030921936,0.23956331610679626,-0.6571676135063171,-0.23536302149295807,0.6666997671127319,0.20928412675857544,-0.6854919791221619,-0.22807632386684418,1
303,0.6852819919586182,0.26908078789711,-0.6245778203010559,-0.21326985955238342,0.6859464049339294,0.2401706427335739,-0.654561460018158,-0.20878572762012482,1
304,0.6845208406448364,0.2776336073875427,-0.6141754984855652,-0.21204568445682526,0.6869590878486633,0.25156429409980774,-0.6433148980140686,-0.20792007446289062,1
305,0.6780078411102295,0.276509553194046,-0.6208478212356567,-0.22364813089370728,0.6831991672515869,0.2525574862957001,-0.6490976214408875,-0.21845591068267822,1
306,0.6604584455490112,0.26356831192970276,-0.6405225992202759,-0.2465846836566925,0.6665105819702148,0.23942749202251434,-0.6654090881347656,-0.23832598328590393,1
307,0.6368554830551147,0.2461489886045456,-0.6653308868408203,-0.27698272466659546,0.6427186727523804,0.22317203879356384,-0.6871421933174133,-0.2675955891609192,1
308,0.6318930387496948,0.24941709637641907,-0.67316734790802,-0.29306668043136597,0.6365240812301636,0.22714854776859283,-0.6951206922531128,-0.28574517369270325,1
309,0.6421797871589661,0.27382802963256836,-0.6564598679542542,-0.2905483841896057,0.6433243751525879,0.2504029870033264,-0.6791613101959229,-0.2862399220466614,1
310,0.6480610370635986,0.2928076684474945,-0.639409065246582,-0.28748440742492676,0.6486812233924866,0.2683459222316742,-0.6636698246002197,-0.2833344638347626,1
311,0.6576483249664307,0.3140978515148163,-0.6174567937850952,-0.27767252922058105,0.6562857031822205,0.28946778178215027,-0.6412138342857361,-0.2743959128856659,1
312,0.6681094765663147,0.3336562514305115,-0.5961986184120178,-0.2659536600112915,0.6676037907600403,0.3088727593421936,-0.6209277510643005,-0.2621966600418091,1
313,0.6636724472045898,0.33516937494277954,-0.5948398113250732,-0.2706235945224762,0.6658899784088135,0.31230494379997253,-0.6194853186607361,-0.26590025424957275,1
314,0.639134407043457,0.31067225337028503,-0.6254655122756958,-0.30112671852111816,0.6463581919670105,0.2905466854572296,-0.6491513252258301,-0.2933397591114044,1
315,0.6203871369361877,0.29688936471939087,-0.6482131481170654,-0.32714784145355225,0.6252605319023132,0.27739372849464417,-0.6670460104942322,-0.3191791772842407,1
316,0.6048086285591125,0.2959330976009369,-0.6562164425849915,-0.3483235538005829,0.6057733297348022,0.276400625705719,-0.6713811159133911,-0.34200844168663025,1
317,0.6133264899253845,0.31881117820739746,-0.6399523019790649,-0.3475213348865509,0.6118037700653076,0.29845017194747925,-0.6574240326881409,-0.3440704345703125,1
318,0.6302802562713623,0.3533247411251068,-0.6081499457359314,-0.33417946100234985,0.6256453394889832,0.3324718475341797,-0.6274368166923523,-0.33426332473754883,1
319,0.64095538854599,0.3732253313064575,-0.5860252380371094,-0.3233039379119873,0.6391274333000183,0.35125717520713806,-0.6089902520179749,-0.3211199641227722,1
320,0.6473533511161804,0.38827958703041077,-0.57204669713974,-0.3175153136253357,0.6462774872779846,0.36856743693351746,-0.5943701863288879,-0.3166601359844208,1
321,0.6344492435455322,0.3800179362297058,-0.5820253491401672,-0.3317541182041168,0.63728928565979,0.3616752326488495,-0.6031615138053894,-0.32754749059677124,1
322,0.6141794323921204,0.36368706822395325,-0.6024856567382812,-0.3546079397201538,0.617172122001648,0.3455672264099121,-0.6194410920143127,-0.3478362262248993,1
323,0.600077748298645,0.3604142367839813,-0.613867998123169,-0.37584054470062256,0.6012038588523865,0.3451281785964966,-0.6279641389846802,-0.37188848853111267,1
324,0.5971112251281738,0.3720215857028961,-0.6085749268531799,-0.3852125108242035,0.595341145992279,0.355888694524765,-0.6219226717948914,-0.38247019052505493,1
325,0.6007794737815857,0.3872447907924652,-0.5961742401123047,-0.3852275609970093,0.5983738303184509,0.36866864562034607,-0.6115018725395203,-0.3817966878414154,1
326,0.6089995503425598,0.4071483314037323,-0.5751462578773499,-0.3768571615219116,0.6047828197479248,0.38901084661483765,-0.5910630226135254,-0.37529104948043823,1
327,0.6067540645599365,0.4120555818080902,-0.5657543540000916,-0.37532973289489746,0.6043658256530762,0.39328935742378235,-0.5823228359222412,-0.371246337890625,1
328,0.5995150208473206,0.41233235597610474,-0.5677669048309326,-0.38431107997894287,0.5983774065971375,0.397146075963974,-0.5834798216819763,-0.38224849104881287,1
329,0.5922478437423706,0.4116319715976715,-0.5732691287994385,-0.3962280750274658,0.5925988554954529,0.3976438641548157,-0.5885439515113831,-0.39358898997306824,1
330,0.5887221693992615,0.4134281873703003,-0.5757660269737244,-0.4032580852508545,0.5895906090736389,0.39742064476013184,-0.5907313823699951,-0.3985614478588104,1
331,0.5889397263526917,0.42339569330215454,-0.5669565796852112,-0.4037606120109558,0.5875626802444458,0.40812134742736816,-0.5803953409194946,-0.4009539783000946,1
332,0.5881491303443909,0.43100452423095703,-0.5576779842376709,-0.40324315428733826,0.5867858529090881,0.4151105582714081,-0.5712832808494568,-0.39960798621177673,1
333,0.5857586860656738,0.4416345953941345,-0.5484933257102966,-0.40655577182769775,0.5822761654853821,0.4282730519771576,-0.5603448152542114,-0.40634167194366455,1
334,0.5628884434700012,0.42573899030685425,-0.5664306879043579,-0.43202221393585205,0.5624023675918579,0.41307541728019714,-0.5777190327644348,-0.42839208245277405,1
335,0.5472948551177979,0.41573184728622437,-0.5818331837654114,-0.4525851905345917,0.5454956293106079,0.40298205614089966,-0.5907654166221619,-0.4482518434524536,1
336,0.5490387082099915,0.42141255736351013,-0.5806806087493896,-0.4559255838394165,0.5482741594314575,0.40733572840690613,-0.5921179056167603,-0.45117947459220886,1
337,0.5745725631713867,0.45698922872543335,-0.544135570526123,-0.42969757318496704,0.5702636241912842,0.44176244735717773,-0.5574494004249573,-0.42894822359085083,1
338,0.5909472107887268,0.48643290996551514,-0.51131671667099,-0.41032326221466064,0.5877916216850281,0.47302883863449097,-0.5272584557533264,-0.4124957025051117,1
339,0.576781690120697,0.4862838387489319,-0.5094841718673706,-0.42145681381225586,0.5729854106903076,0.4760936498641968,-0.5208287835121155,-0.423937052488327,1
340,0.5449695587158203,0.4682367444038391,-0.5314684510231018,-0.45599716901779175,0.5404561161994934,0.4605497121810913,-0.5365793704986572,-0.4566729664802551,1
341,0.5242335200309753,0.45795905590057373,-0.549555242061615,-0.48430219292640686,0.5187985301017761,0.4491937458515167,-0.5521562695503235,-0.4825514554977417,1
342,0.5140263438224792,0.45911481976509094,-0.5544812679290771,-0.5015057921409607,0.5075783729553223,0.4498971104621887,-0.557786226272583,-0.5001049637794495,1
343,0.5070416927337646,0.46298667788505554,-0.5509313344955444,-0.510309100151062,0.4999617338180542,0.45305198431015015,-0.5555145740509033,-0.5086048245429993,1
344,0.5137648582458496,0.4817359149456024,-0.5295449495315552,-0.5012909770011902,0.5046205520629883,0.47064995765686035,-0.5349571704864502,-0.5009865760803223,1
345,0.5224328637123108,0.5038521885871887,-0.5051147937774658,-0.49034473299980164,0.513526201248169,0.49428239464759827,-0.5122793316841125,-0.49303555488586426,1
346,0.5235815048217773,0.5158816576004028,-0.48986539244651794,-0.48622530698776245,0.5156681537628174,0.5072333216667175,-0.49730926752090454,-0.4888744354248047,1
347,0.5185512900352478,0.5196453332901001,-0.48270606994628906,-0.487281858921051,0.511191189289093,0.5107998847961426,-0.4885236918926239,-0.4881323575973511,1
348,0.5037378668785095,0.5111122727394104,-0.493831604719162,-0.504138708114624,0.4997444748878479,0.5051743984222412,-0.4992593228816986,-0.5046892762184143,1
349,0.49611344933509827,0.5095755457878113,-0.5007243156433105,-0.5169022083282471,0.4925127923488617,0.5047742128372192,-0.505291759967804,-0.5175531506538391,1
350,0.4880581498146057,0.5104840993881226,-0.5010215640068054,-0.5251941084861755,0.48319730162620544,0.503511905670166,-0.5037532448768616,-0.5240678787231445,1
351,0.4769657254219055,0.5092644095420837,-0.49928751587867737,-0.5331003069877625,0.47025448083877563,0.5020040273666382,-0.500002384185791,-0.5317519307136536,1
352,0.469378262758255,0.5116185545921326,-0.497103214263916,-0.5412550568580627,0.46221616864204407,0.506421685218811,-0.49785417318344116,-0.5420597195625305,1
353,0.45969057083129883,0.5108051896095276,-0.4967307448387146,-0.5500749349594116,0.45174574851989746,0.504991352558136,-0.49686098098754883,-0.5501065850257874,1
354,0.46048903465270996,0.5252458453178406,-0.4817238748073578,-0.5488642454147339,0.449919193983078,0.5206809639930725,-0.48131075501441956,-0.5520725250244141,1
355,0.4593273997306824,0.5357130765914917,-0.47179222106933594,-0.5510585308074951,0.4505022168159485,0.5318787097930908,-0.4732978343963623,-0.5546742677688599,1
356,0.4677339792251587,0.555433988571167,-0.44971197843551636,-0.5405240654945374,0.45697152614593506,0.5506032109260559,-0.45097798109054565,-0.5446096658706665,1
357,0.4665382206439972,0.5646029710769653,-0.43541160225868225,-0.5364891886711121,0.45707017183303833,0.5596920847892761,-0.43672260642051697,-0.5393444895744324,1
358,0.4623342454433441,0.5685208439826965,-0.4229864776134491,-0.5322343707084656,0.4519053101539612,0.5634527206420898,-0.42206573486328125,-0.5336131453514099,1
359,0.4447900056838989,0.5601027011871338,-0.43325257301330566,-0.5511187314987183,0.43789026141166687,0.5603039264678955,-0.43222421407699585,-0.5546378493309021,1
360,0.4261629581451416,0.554480791091919,-0.44022274017333984,-0.5706139206886292,0.4159446656703949,0.5557969808578491,-0.4343889355659485,-0.5742412209510803,1
361,0.41274893283843994,0.5531448125839233,-0.4496622085571289,-0.5917667746543884,0.40494391322135925,0.5546137094497681,-0.44535258412361145,-0.5950223803520203,1
362,0.41557803750038147,0.5686017274856567,-0.438300758600235,-0.5933260321617126,0.4046381711959839,0.5691404342651367,-0.43361222743988037,-0.5981144309043884,1
363,0.416134774684906,0.5810620784759521,-0.41946592926979065,-0.5870435833930969,0.4042704999446869,0.5781801342964172,-0.4152161180973053,-0.5891257524490356,1
364,0.42418357729911804,0.5914728045463562,-0.401261568069458,-0.572230339050293,0.4149114191532135,0.5872812271118164,-0.4002729654312134,-0.5726428031921387,1
365,0.42433488368988037,0.5966066122055054,-0.3891555070877075,-0.564825713634491,0.41549432277679443,0.5956558585166931,-0.3875424861907959,-0.5677040219306946,1
366,0.4183303415775299,0.5955458879470825,-0.38843411207199097,-0.5690438747406006,0.4126584529876709,0.5976693034172058,-0.3874412775039673,-0.5724521279335022,1
367,0.4122159779071808,0.5989612340927124,-0.38997119665145874,-0.5781581401824951,0.4060121178627014,0.6029015183448792,-0.38659024238586426,-0.583479642868042,1
368,0.4105667173862457,0.6075387001037598,-0.3820537328720093,-0.5801215171813965,0.4029378294944763,0.6097890138626099,-0.3772141635417938,-0.5840653777122498,1
369,0.4078803062438965,0.6123350858688354,-0.3703947961330414,-0.5758005976676941,0.39860376715660095,0.6108781695365906,-0.3640470504760742,-0.5763214826583862,1
370,0.40129992365837097,0.614508867263794,-0.3630715608596802,-0.5779294967651367,0.39175182580947876,0.6166525483131409,-0.35632649064064026,-0.58122718334198,1
371,0.3787955641746521,0.6040132641792297,-0.36976221203804016,-0.5967705249786377,0.36792606115341187,0.6090357899665833,-0.3595397174358368,-0.6006494164466858,1
372,0.3545798063278198,0.5852504372596741,-0.39639708399772644,-0.629119873046875,0.3483158349990845,0.5920063853263855,-0.3879491984844208,-0.6316397786140442,1
373,0.3443235754966736,0.5810642838478088,-0.4071148633956909,-0.6454660892486572,0.33565565943717957,0.5863590836524963,-0.3970752954483032,-0.6477787494659424,1
374,0.3583768606185913,0.6044608950614929,-0.3816661834716797,-0.6299710869789124,0.34752142429351807,0.6063308715820312,-0.3739153742790222,-0.6327248215675354,1
375,0.3844793438911438,0.6449999809265137,-0.3299894332885742,-0.5927472710609436,0.3694932162761688,0.6451826095581055,-0.3232272267341614,-0.5989165902137756,1
376,0.4078044891357422,0.6744458675384521,-0.28414687514305115,-0.5548771619796753,0.39557600021362305,0.6737515926361084,-0.28181326389312744,-0.5599888563156128,1
377,0.385383278131485,0.6606836318969727,-0.2857496738433838,-0.5637136697769165,0.37414002418518066,0.6656257510185242,-0.2780347466468811,-0.5695204734802246,1
378,0.33882808685302734,0.6253917217254639,-0.32127809524536133,-0.6097696423530579,0.32869333028793335,0.6379745602607727,-0.3066105842590332,-0.6158918142318726,1
379,0.2918310761451721,0.5901787877082825,-0.3715169429779053,-0.6695948839187622,0.2823282480239868,0.6038515567779541,-0.3521310091018677,-0.673654317855835,1
380,0.27712148427963257,0.585054874420166,-0.3875153362751007,-0.6960945725440979,0.26493409276008606,0.5944146513938904,-0.3687862753868103,-0.698266863822937,1
381,0.29190221428871155,0.6075941324234009,-0.3633847236633301,-0.6816083788871765,0.2781617045402527,0.611186683177948,-0.3500761389732361,-0.6831011176109314,1
382,0.3459755778312683,0.6708736419677734,-0.2861103415489197,-0.6158744096755981,0.3292021155357361,0.6717638969421387,-0.2799619138240814,-0.6225237250328064,1
383,0.36713647842407227,0.702237606048584,-0.23255489766597748,-0.5724639296531677,0.3525119125843048,0.7042568922042847,-0.228447824716568,-0.5801928043365479,1
384,0.343635618686676,0.6872621774673462,-0.23115210235118866,-0.5784323215484619,0.3306910991668701,0.695936381816864,-0.22087423503398895,-0.5861194729804993,1
385,0.2764137387275696,0.6307576298713684,-0.29168054461479187,-0.6464090347290039,0.2661391794681549,0.647750735282898,-0.2714073061943054,-0.6530188918113708,1
386,0.22743698954582214,0.5898229479789734,-0.34893298149108887,-0.7109298706054688,0.2166096419095993,0.6073213815689087,-0.3239308297634125,-0.7146425247192383,1
387,0.21435855329036713,0.5890433192253113,-0.3582117557525635,-0.7326061129570007,0.1982925981283188,0.5997838377952576,-0.3329649865627289,-0.7344561815261841,1
388,0.24908405542373657,0.630928635597229,-0.31100648641586304,-0.696444571018219,0.2324499636888504,0.6360675692558289,-0.29610753059387207,-0.6997251510620117,1
389,0.2852897644042969,0.6775819659233093,-0.2498808205127716,-0.6471066474914551,0.26797664165496826,0.683254599571228,-0.24075864255428314,-0.6560365557670593,1
390,0.29112520813941956,0.6894547939300537,-0.21675778925418854,-0.6205018758773804,0.27623045444488525,0.6963266730308533,-0.2076398730278015,-0.6277360916137695,1
391,0.26631033420562744,0.6756961941719055,-0.21922138333320618,-0.6305773258209229,0.2504271864891052,0.6878644824028015,-0.20177650451660156,-0.6392138004302979,1
392,0.22414179146289825,0.6428019404411316,-0.25466403365135193,-0.6741252541542053,0.21124525368213654,0.6607414484024048,-0.23267142474651337,-0.682167649269104,1
393,0.20223349332809448,0.6281663775444031,-0.2788006365299225,-0.7052872180938721,0.18876716494560242,0.6448251008987427,-0.2554430365562439,-0.7115010023117065,1
394,0.1926834136247635,0.6285296082496643,-0.2825485169887543,-0.7194950580596924,0.17812253534793854,0.6427355408668518,-0.26046329736709595,-0.7250762581825256,1
395,0.21198183298110962,0.6538909673690796,-0.25083696842193604,-0.6958984136581421,0.19623588025569916,0.6639362573623657,-0.23334704339504242,-0.701047420501709,1
396,0.23750856518745422,0.6875666975975037,-0.1995832771062851,-0.6528856754302979,0.21924126148223877,0.6944306492805481,-0.18382413685321808,-0.6590135097503662,1
