-1.396920124418100017e-03,-2.910658349871999857e-03,5.126095213348599855e-03
-4.923742339979399717e-03,-1.236767927536630042e-02,2.192512658669848458e-05
9.058509021997451782e-03,1.000000000000000000e+00,-6.074160337448120117e-04
1.062258332967758179e-02,1.000000000000000000e+00,-7.788166403770446777e-04
1.123127341270446777e-02,1.000000000000000000e+00,-2.866728231310844421e-03
1.169463619589805603e-02,1.000000000000000000e+00,-5.618905648589134216e-03
1.343445107340812683e-02,1.000000000000000000e+00,-4.698377102613449097e-03
1.449732668697834015e-02,1.000000000000000000e+00,-3.341486677527427673e-03
1.555621810257434845e-02,1.000000000000000000e+00,-1.265758648514747620e-03
7.905315607786178589e-03,1.000000000000000000e+00,1.729652285575866699e-04
6.671283394098281860e-03,1.000000000000000000e+00,-4.641352221369743347e-03
1.181841269135475159e-02,1.000000000000000000e+00,-4.405943676829338074e-03
9.853273630142211914e-03,1.000000000000000000e+00,-2.391487360000610352e-03
6.488755345344543457e-03,1.000000000000000000e+00,3.400227054953575134e-03
-6.820507347583770752e-03,1.000000000000000000e+00,1.013727486133575439e-02
-1.025371626019477844e-02,1.000000000000000000e+00,-9.460531175136566162e-03
-9.613819420337677002e-03,1.000000000000000000e+00,-7.241986691951751709e-03
-1.316742226481437683e-02,1.000000000000000000e+00,-5.367666482925415039e-03
-5.167236551642417908e-03,1.000000000000000000e+00,1.047000288963317871e-03
-1.469954848289489746e-03,1.000000000000000000e+00,4.636848345398902893e-03
4.919953644275665283e-04,1.000000000000000000e+00,-8.558779954910278320e-04
4.135409370064735413e-03,1.000000000000000000e+00,1.163620501756668091e-03
1.869477331638336182e-03,1.000000000000000000e+00,6.408693268895149231e-03
-2.580270171165466309e-03,1.000000000000000000e+00,-6.634816527366638184e-03
1.586571335792541504e-03,1.000000000000000000e+00,-8.358869701623916626e-03
6.562583148479461670e-03,1.000000000000000000e+00,-4.185931757092475891e-03
9.746350347995758057e-03,1.000000000000000000e+00,-1.005914062261581421e-03
1.232201978564262390e-02,1.000000000000000000e+00,-1.586314290761947632e-03
1.081302389502525330e-02,1.000000000000000000e+00,-7.236342877149581909e-03
9.933058172464370728e-03,1.000000000000000000e+00,-1.030386798083782196e-02
1.236656494438648224e-02,1.000000000000000000e+00,-1.913303509354591370e-03
1.282751001417636871e-02,1.000000000000000000e+00,3.107734955847263336e-03
1.286841928958892822e-02,1.000000000000000000e+00,3.799420781433582306e-03
1.197798922657966614e-02,1.000000000000000000e+00,-3.126742318272590637e-03
1.189789921045303345e-02,1.000000000000000000e+00,-5.868433043360710144e-03
1.407516561448574066e-02,1.000000000000000000e+00,-3.412913531064987183e-03
1.550881192088127136e-02,1.000000000000000000e+00,-3.244206309318542480e-04
1.797060482203960419e-02,1.000000000000000000e+00,4.292250610888004303e-03
1.741725206375122070e-02,1.000000000000000000e+00,2.204184420406818390e-03
1.599049195647239685e-02,1.000000000000000000e+00,-2.184405922889709473e-03
1.602373272180557251e-02,1.000000000000000000e+00,-3.418108448386192322e-03
1.656217314302921295e-02,1.000000000000000000e+00,-4.120765253901481628e-03
1.757202669978141785e-02,1.000000000000000000e+00,-2.592511475086212158e-03
1.578571461141109467e-02,1.000000000000000000e+00,9.615615941584110260e-03
7.833756506443023682e-03,1.000000000000000000e+00,5.713110789656639099e-03
6.716210395097732544e-03,1.000000000000000000e+00,1.044284552335739136e-03
-3.651529550552368164e-05,1.000000000000000000e+00,-1.357099041342735291e-03
-2.849679440259933472e-03,1.000000000000000000e+00,-3.499500453472137451e-04
-5.106482654809951782e-03,1.000000000000000000e+00,-9.274883195757865906e-03
-6.781097501516342163e-03,1.000000000000000000e+00,-7.352739572525024414e-03
-2.054991200566291809e-03,1.000000000000000000e+00,-2.400334924459457397e-04
-2.009205520153045654e-03,1.000000000000000000e+00,1.005253195762634277e-02
-2.148374915122985840e-04,1.000000000000000000e+00,3.985168412327766418e-03
3.786049783229827881e-04,1.000000000000000000e+00,2.145397476851940155e-03
3.080930560827255249e-03,1.000000000000000000e+00,-2.161510288715362549e-03
5.571737885475158691e-03,1.000000000000000000e+00,-1.444153487682342529e-03
8.039161562919616699e-03,1.000000000000000000e+00,-1.162650063633918762e-03
9.624319151043891907e-03,1.000000000000000000e+00,-1.933330669999122620e-03
1.057353988289833069e-02,1.000000000000000000e+00,-5.002196878194808960e-03
1.222938299179077148e-02,1.000000000000000000e+00,-4.986168816685676575e-03
1.092834770679473877e-02,1.000000000000000000e+00,-4.718564450740814209e-03
1.322637312114238739e-02,1.000000000000000000e+00,5.278775468468666077e-03
1.146044582128524780e-02,1.000000000000000000e+00,4.945703782141208649e-03
1.016487367451190948e-02,1.000000000000000000e+00,1.529382541775703430e-03
1.024639979004859924e-02,1.000000000000000000e+00,-3.905791789293289185e-03
1.415534690022468567e-02,1.000000000000000000e+00,1.687042415142059326e-03
1.580101251602172852e-02,1.000000000000000000e+00,2.832022495567798615e-03
1.487204805016517639e-02,1.000000000000000000e+00,-1.035662367939949036e-03
1.723104529082775116e-02,1.000000000000000000e+00,-5.578063428401947021e-04
2.169501781463623047e-02,1.000000000000000000e+00,1.555986050516366959e-02
1.104283332824707031e-02,1.000000000000000000e+00,4.015915095806121826e-03
-1.092664897441864014e-03,1.000000000000000000e+00,-1.804500818252563477e-03
-2.741109579801559448e-03,1.000000000000000000e+00,-8.596137166023254395e-03
8.003983646631240845e-03,1.000000000000000000e+00,-2.862941473722457886e-04
1.023823767900466919e-02,1.000000000000000000e+00,8.137400262057781219e-03
3.487836569547653198e-03,1.000000000000000000e+00,7.145043462514877319e-03
-2.802778035402297974e-03,1.000000000000000000e+00,1.083836331963539124e-02
-6.124824285507202148e-03,1.000000000000000000e+00,-6.161488592624664307e-03
-3.592696040868759155e-03,1.000000000000000000e+00,-4.126401618123054504e-03
4.705589264631271362e-03,1.000000000000000000e+00,-5.551818758249282837e-04
6.056338548660278320e-03,1.000000000000000000e+00,2.206034958362579346e-03
8.809175342321395874e-03,1.000000000000000000e+00,-4.022473469376564026e-03
2.960722893476486206e-03,1.000000000000000000e+00,-3.068279474973678589e-04
5.978269502520561218e-03,1.000000000000000000e+00,-1.044197008013725281e-03
1.515074819326400757e-02,1.000000000000000000e+00,-2.296904101967811584e-03
1.652591489255428314e-02,1.000000000000000000e+00,-5.418498069047927856e-03
2.306466735899448395e-02,1.000000000000000000e+00,-4.107868298888206482e-03
2.244870737195014954e-02,1.000000000000000000e+00,1.036152243614196777e-03
2.296479418873786926e-02,1.000000000000000000e+00,-1.542119309306144714e-03
2.258003875613212585e-02,1.000000000000000000e+00,-2.555219456553459167e-03
1.993036828935146332e-02,1.000000000000000000e+00,-3.070639446377754211e-03
1.961124688386917114e-02,1.000000000000000000e+00,-1.880789175629615784e-03
1.893403008580207825e-02,1.000000000000000000e+00,-7.674178108572959900e-03
1.756634376943111420e-02,1.000000000000000000e+00,-7.086461409926414490e-03
1.299049891531467438e-02,1.000000000000000000e+00,5.795853212475776672e-03
-3.156114369630813599e-03,1.000000000000000000e+00,5.948362872004508972e-03
-6.098590791225433350e-03,1.000000000000000000e+00,1.866286620497703552e-03
-4.505254328250885010e-03,1.000000000000000000e+00,-1.089635491371154785e-02
-5.300514400005340576e-03,1.000000000000000000e+00,-9.297091513872146606e-03
-5.984075367450714111e-03,1.000000000000000000e+00,1.664905808866024017e-03
-7.446877658367156982e-03,1.000000000000000000e+00,8.897543884813785553e-03
-1.894693821668624878e-03,1.000000000000000000e+00,5.178414285182952881e-04
-5.389682948589324951e-03,1.000000000000000000e+00,-8.213499560952186584e-03
3.922240808606147766e-03,1.000000000000000000e+00,1.135570928454399109e-03
5.744811147451400757e-03,1.000000000000000000e+00,8.024170994758605957e-03
9.057376533746719360e-03,1.000000000000000000e+00,6.032269448041915894e-04
1.204657927155494690e-02,1.000000000000000000e+00,-4.041329026222229004e-03
4.621975123882293701e-03,1.000000000000000000e+00,7.688483223319053650e-03
-4.171952605247497559e-05,1.000000000000000000e+00,-1.812279224395751953e-04
6.422415375709533691e-03,1.000000000000000000e+00,-3.903271630406379700e-03
5.961969494819641113e-03,1.000000000000000000e+00,-2.772442996501922607e-03
1.128988899290561676e-02,1.000000000000000000e+00,-1.007821410894393921e-03
8.683241903781890869e-03,1.000000000000000000e+00,1.145271398127079010e-02
-1.970645040273666382e-03,1.000000000000000000e+00,-3.945183008909225464e-03
9.892843663692474365e-04,1.000000000000000000e+00,-4.406716674566268921e-03
5.918359383940696716e-03,1.000000000000000000e+00,2.280533313751220703e-03
8.151698857545852661e-03,1.000000000000000000e+00,3.000997006893157959e-03
7.486531510949134827e-03,1.000000000000000000e+00,7.616200484335422516e-03
-3.643251955509185791e-03,1.000000000000000000e+00,-1.037497818470001221e-02
-3.896616399288177490e-04,1.000000000000000000e+00,-1.122350990772247314e-02
4.642177373170852661e-03,1.000000000000000000e+00,4.875281825661659241e-03
3.623213618993759155e-03,1.000000000000000000e+00,6.742841564118862152e-03
3.988388925790786743e-03,1.000000000000000000e+00,-1.249017193913459778e-03
-7.927305996417999268e-04,1.000000000000000000e+00,-2.430928871035575867e-03
-8.458375930786132812e-03,1.000000000000000000e+00,-1.649543270468711853e-02
3.656141459941864014e-03,1.000000000000000000e+00,-1.582248136401176453e-03
8.485943078994750977e-03,1.000000000000000000e+00,3.669824451208114624e-03
5.195364356040954590e-03,1.000000000000000000e+00,-6.441561505198478699e-03
3.743939101696014404e-03,1.000000000000000000e+00,-6.012380123138427734e-03
2.407006919384002686e-03,1.000000000000000000e+00,-1.227661967277526855e-03
6.121080368757247925e-03,1.000000000000000000e+00,8.572330698370933533e-03
-1.612268388271331787e-03,1.000000000000000000e+00,8.375821635127067566e-03
-4.629299044609069824e-03,1.000000000000000000e+00,-5.138169974088668823e-03
-6.211843341588973999e-03,1.000000000000000000e+00,-2.914147451519966125e-03
-9.764559566974639893e-03,1.000000000000000000e+00,4.040131345391273499e-03
-6.291477009654045105e-03,1.000000000000000000e+00,2.078836783766746521e-03
-1.093324646353721619e-02,1.000000000000000000e+00,-3.554597496986389160e-04
-4.000280052423477173e-03,1.000000000000000000e+00,-4.487151280045509338e-03
-1.746509224176406860e-03,1.000000000000000000e+00,-1.705395057797431946e-03
-3.296475857496261597e-03,1.000000000000000000e+00,4.383847117424011230e-04
-2.456076443195343018e-03,1.000000000000000000e+00,-3.228254616260528564e-03
-2.546049654483795166e-03,1.000000000000000000e+00,9.394623339176177979e-05
-5.683854222297668457e-03,1.000000000000000000e+00,-4.509655758738517761e-03
3.237664699554443359e-03,1.000000000000000000e+00,-4.501670598983764648e-03
-5.338713526725769043e-04,1.000000000000000000e+00,-3.056598827242851257e-03
5.755133926868438721e-03,1.000000000000000000e+00,-4.841715097427368164e-03
7.161833345890045166e-03,1.000000000000000000e+00,-7.026232779026031494e-04
2.742491662502288818e-03,1.000000000000000000e+00,7.756389677524566650e-04
2.635881304740905762e-03,1.000000000000000000e+00,-2.718565985560417175e-03
7.638253271579742432e-03,1.000000000000000000e+00,-2.756470814347267151e-03
4.616271704435348511e-03,1.000000000000000000e+00,-4.278212785720825195e-03
5.907736718654632568e-03,1.000000000000000000e+00,-6.718302145600318909e-03
5.010385066270828247e-03,1.000000000000000000e+00,-3.506653010845184326e-04
6.649926304817199707e-03,1.000000000000000000e+00,-1.958454027771949768e-03
1.998286694288253784e-03,1.000000000000000000e+00,4.988290369510650635e-03
3.729268908500671387e-03,1.000000000000000000e+00,1.039383932948112488e-03
-2.514183521270751953e-03,1.000000000000000000e+00,-4.642726853489875793e-03
-1.379728317260742188e-02,1.000000000000000000e+00,-5.759898573160171509e-03
-3.735261037945747375e-03,1.000000000000000000e+00,-2.753209322690963745e-03
-1.089219003915786743e-03,1.000000000000000000e+00,2.610743045806884766e-03
2.246856689453125000e-03,1.000000000000000000e+00,-4.853308200836181641e-04
7.724322378635406494e-03,1.000000000000000000e+00,6.432065740227699280e-03
8.495252579450607300e-03,1.000000000000000000e+00,1.173280179500579834e-03
1.139187067747116089e-02,1.000000000000000000e+00,-4.519503563642501831e-03
1.366725564002990723e-02,1.000000000000000000e+00,-4.842936992645263672e-03
5.375165492296218872e-03,1.000000000000000000e+00,-4.192523658275604248e-03
5.400832742452621460e-03,1.000000000000000000e+00,-8.835252374410629272e-04
8.932691067457199097e-03,1.000000000000000000e+00,-1.960825175046920776e-03
6.710255518555641174e-03,1.000000000000000000e+00,-2.582602202892303467e-03
1.429098844528198242e-02,1.000000000000000000e+00,3.154333680868148804e-04
1.312633045017719269e-02,1.000000000000000000e+00,3.431786783039569855e-03
1.227751933038234711e-02,1.000000000000000000e+00,8.707037195563316345e-03
7.095750421285629272e-03,1.000000000000000000e+00,1.182150095701217651e-03
4.794683307409286499e-03,1.000000000000000000e+00,-9.379036724567413330e-03
7.836386561393737793e-03,1.000000000000000000e+00,-3.051616251468658447e-03
8.927252143621444702e-03,1.000000000000000000e+00,-2.691131085157394409e-04
1.266426965594291687e-02,1.000000000000000000e+00,4.500744864344596863e-03
1.199360750615596771e-02,1.000000000000000000e+00,1.106318086385726929e-03
1.246787980198860168e-02,1.000000000000000000e+00,2.102640457451343536e-03
1.278090849518775940e-02,1.000000000000000000e+00,2.426952123641967773e-04
1.350365765392780304e-02,1.000000000000000000e+00,-8.730385452508926392e-04
1.525991968810558319e-02,1.000000000000000000e+00,1.220101490616798401e-03
1.634240895509719849e-02,1.000000000000000000e+00,1.274202018976211548e-03
1.588668301701545715e-02,1.000000000000000000e+00,-3.363130614161491394e-03
1.610505580902099609e-02,1.000000000000000000e+00,-4.233097657561302185e-03
1.837129145860671997e-02,1.000000000000000000e+00,3.040782175958156586e-03
1.924434490501880646e-02,1.000000000000000000e+00,6.673175841569900513e-03
9.982228279113769531e-03,1.000000000000000000e+00,3.312489017844200134e-03
6.749764084815979004e-03,1.000000000000000000e+00,-8.152848109602928162e-03
1.378158666193485260e-02,1.000000000000000000e+00,6.150731816887855530e-03
5.200590938329696655e-03,1.000000000000000000e+00,2.693453803658485413e-03
8.435014635324478149e-03,1.000000000000000000e+00,1.999447122216224670e-03
6.498962640762329102e-03,1.000000000000000000e+00,1.788696274161338806e-03
9.654523804783821106e-03,1.000000000000000000e+00,-1.574041321873664856e-03
1.495331712067127228e-02,1.000000000000000000e+00,3.880772739648818970e-03
1.777044124901294708e-02,1.000000000000000000e+00,5.307355895638465881e-03
2.190979011356830597e-02,1.000000000000000000e+00,3.147793002426624298e-03
2.128810063004493713e-02,1.000000000000000000e+00,-1.671418547630310059e-03
2.280942350625991821e-02,1.000000000000000000e+00,4.385773092508316040e-03
2.333605848252773285e-02,1.000000000000000000e+00,6.947052665054798126e-03
1.926568523049354553e-02,1.000000000000000000e+00,-1.169517636299133301e-04
1.449764892458915710e-02,1.000000000000000000e+00,-3.542527556419372559e-03
1.290354132652282715e-02,1.000000000000000000e+00,9.804740548133850098e-04
1.396019384264945984e-02,1.000000000000000000e+00,1.150160469114780426e-02
1.054076664149761200e-02,1.000000000000000000e+00,8.849283680319786072e-03
8.197139948606491089e-03,1.000000000000000000e+00,6.852426566183567047e-03
6.686430424451828003e-03,1.000000000000000000e+00,4.716105759143829346e-03
8.463859558105468750e-03,1.000000000000000000e+00,6.618455052375793457e-03
1.927152276039123535e-03,1.000000000000000000e+00,4.444397985935211182e-03
4.696734249591827393e-04,1.000000000000000000e+00,-4.997495561838150024e-04
5.609277635812759399e-03,1.000000000000000000e+00,2.048313617706298828e-04
5.143020302057266235e-03,1.000000000000000000e+00,5.555695854127407074e-03
1.278972439467906952e-02,1.000000000000000000e+00,1.018528640270233154e-02
7.507801055908203125e-03,1.000000000000000000e+00,6.612345576286315918e-03
7.234722375869750977e-03,1.000000000000000000e+00,2.817604690790176392e-04
8.137712255120277405e-03,1.000000000000000000e+00,4.423819482326507568e-04
1.463682018220424652e-02,1.000000000000000000e+00,1.000031456351280212e-02
1.618397422134876251e-02,1.000000000000000000e+00,6.589989177882671356e-03
1.502582430839538574e-02,1.000000000000000000e+00,2.888500690460205078e-03
1.526687294244766235e-02,1.000000000000000000e+00,1.928469166159629822e-03
1.565042883157730103e-02,1.000000000000000000e+00,9.892693720757961273e-03
1.083943061530590057e-02,1.000000000000000000e+00,3.490736708045005798e-03
9.374067187309265137e-03,1.000000000000000000e+00,-5.994100123643875122e-03
1.164389774203300476e-02,1.000000000000000000e+00,-4.446927458047866821e-03
1.662898249924182892e-02,1.000000000000000000e+00,7.107339799404144287e-03
1.936627738177776337e-02,1.000000000000000000e+00,1.191251166164875031e-02
1.292219758033752441e-02,1.000000000000000000e+00,-7.930323481559753418e-04
1.111128553748130798e-02,1.000000000000000000e+00,-4.257811233401298523e-03
1.212926208972930908e-02,1.000000000000000000e+00,3.706850111484527588e-05
1.817927882075309753e-02,1.000000000000000000e+00,1.194708608090877533e-02
1.757218688726425171e-02,1.000000000000000000e+00,5.393304862082004547e-03
1.595206744968891144e-02,1.000000000000000000e+00,2.116316929459571838e-03
1.612027734518051147e-02,1.000000000000000000e+00,2.681417390704154968e-03
1.786358281970024109e-02,1.000000000000000000e+00,4.706403240561485291e-03
1.817149482667446136e-02,1.000000000000000000e+00,4.002633504569530487e-03
1.725725457072257996e-02,1.000000000000000000e+00,-3.109034150838851929e-04
1.424306817352771759e-02,1.000000000000000000e+00,5.848255939781665802e-03
5.720246583223342896e-03,1.000000000000000000e+00,1.923883333802223206e-03
8.977230638265609741e-03,1.000000000000000000e+00,-8.520949631929397583e-04
1.122483983635902405e-02,1.000000000000000000e+00,3.365620970726013184e-03
1.249136775732040405e-02,1.000000000000000000e+00,5.809140391647815704e-03
2.889055758714675903e-03,1.000000000000000000e+00,6.829296238720417023e-03
-9.544596076011657715e-03,1.000000000000000000e+00,1.147091388702392578e-04
-3.030300140380859375e-03,1.000000000000000000e+00,-4.200557246804237366e-03
4.292316734790802002e-03,1.000000000000000000e+00,5.407161079347133636e-03
6.811931729316711426e-03,1.000000000000000000e+00,7.295031100511550903e-03
7.009189575910568237e-03,1.000000000000000000e+00,6.225712597370147705e-03
3.653258085250854492e-03,1.000000000000000000e+00,9.403117001056671143e-03
-3.502488136291503906e-03,1.000000000000000000e+00,-6.213461980223655701e-03
4.601329565048217773e-04,1.000000000000000000e+00,-4.767762497067451477e-03
4.449706524610519409e-03,1.000000000000000000e+00,-1.061005517840385437e-03
8.060894906520843506e-03,1.000000000000000000e+00,3.010613843798637390e-03
8.188348263502120972e-03,1.000000000000000000e+00,-1.378396525979042053e-03
7.318334653973579407e-03,1.000000000000000000e+00,1.544907689094543457e-03
4.819937050342559814e-03,1.000000000000000000e+00,-1.664657145738601685e-03
6.271626800298690796e-03,1.000000000000000000e+00,3.137426450848579407e-03
7.526893168687820435e-03,1.000000000000000000e+00,2.817368134856224060e-03
9.460849687457084656e-03,1.000000000000000000e+00,6.109645590186119080e-03
2.914037555456161499e-03,1.000000000000000000e+00,2.992990426719188690e-03
2.139568328857421875e-03,1.000000000000000000e+00,-3.639465197920799255e-03
9.495198726654052734e-03,1.000000000000000000e+00,-1.912511885166168213e-03
8.611205965280532837e-03,1.000000000000000000e+00,-6.574839353561401367e-04
1.288906484842300415e-02,1.000000000000000000e+00,-1.957416534423828125e-04
1.273138262331485748e-02,1.000000000000000000e+00,1.554928068071603775e-02
6.435222923755645752e-03,1.000000000000000000e+00,2.409784123301506042e-03
8.129796013236045837e-03,1.000000000000000000e+00,-1.599920913577079773e-03
1.026178151369094849e-02,1.000000000000000000e+00,-3.353977575898170471e-03
1.287687197327613831e-02,1.000000000000000000e+00,-3.876108676195144653e-03
1.677187904715538025e-02,1.000000000000000000e+00,7.544923573732376099e-04
1.633050851523876190e-02,1.000000000000000000e+00,1.719873398542404175e-03
1.711505278944969177e-02,1.000000000000000000e+00,2.564240247011184692e-03
1.720548234879970551e-02,1.000000000000000000e+00,2.054568380117416382e-03
9.668830782175064087e-03,1.000000000000000000e+00,3.613646142184734344e-03
7.958810776472091675e-03,1.000000000000000000e+00,-2.638492733240127563e-03
1.266308128833770752e-02,1.000000000000000000e+00,-4.602985456585884094e-03
3.151297569274902344e-03,1.000000000000000000e+00,-1.199971884489059448e-03
7.409911602735519409e-03,1.000000000000000000e+00,1.204048376530408859e-02
4.525110125541687012e-04,1.000000000000000000e+00,1.365138404071331024e-02
-1.081712543964385986e-02,1.000000000000000000e+00,-7.214250043034553528e-03
-7.091818377375602722e-03,1.000000000000000000e+00,-1.241014152765274048e-02
-2.048304304480552673e-03,1.000000000000000000e+00,2.250576391816139221e-03
4.364572465419769287e-03,1.000000000000000000e+00,8.040544576942920685e-03
6.195330992341041565e-03,1.000000000000000000e+00,6.292887032032012939e-03
4.438295960426330566e-03,1.000000000000000000e+00,-5.998199805617332458e-03
6.845893338322639465e-03,1.000000000000000000e+00,-5.509899929165840149e-03
1.151565089821815491e-02,1.000000000000000000e+00,1.551890745759010315e-03
1.428388431668281555e-02,1.000000000000000000e+00,5.771066993474960327e-03
1.364853605628013611e-02,1.000000000000000000e+00,9.496174752712249756e-04
1.277767494320869446e-02,1.000000000000000000e+00,-5.743708461523056030e-03
1.379995979368686676e-02,1.000000000000000000e+00,-6.791181862354278564e-03
1.647805981338024139e-02,1.000000000000000000e+00,-1.864992082118988037e-03
1.801542006433010101e-02,1.000000000000000000e+00,1.903963275253772736e-03
1.799524016678333282e-02,1.000000000000000000e+00,2.480495721101760864e-03
1.027844473719596863e-02,1.000000000000000000e+00,4.419976845383644104e-03
8.449193090200424194e-03,1.000000000000000000e+00,-9.488165378570556641e-04
9.800761938095092773e-03,1.000000000000000000e+00,-8.221432566642761230e-03
7.076311856508255005e-03,1.000000000000000000e+00,-6.835300475358963013e-03
1.193871349096298218e-02,1.000000000000000000e+00,1.684471964836120605e-03
1.236806809902191162e-02,1.000000000000000000e+00,1.257757656276226044e-02
1.308801025152206421e-02,1.000000000000000000e+00,6.141251884400844574e-03
1.253095827996730804e-02,1.000000000000000000e+00,5.290936678647994995e-04
1.330942660570144653e-02,1.000000000000000000e+00,-2.690514549612998962e-03
1.511358655989170074e-02,1.000000000000000000e+00,-2.546424046158790588e-03
9.071644395589828491e-03,1.000000000000000000e+00,5.380511283874511719e-04
1.212294586002826691e-02,1.000000000000000000e+00,1.216392964124679565e-03
1.740229502320289612e-02,1.000000000000000000e+00,-5.300752818584442139e-04
1.430777832865715027e-02,1.000000000000000000e+00,-4.550945013761520386e-04
1.835103705525398254e-02,1.000000000000000000e+00,1.354752387851476669e-02
1.191187649965286255e-03,1.000000000000000000e+00,7.305840961635112762e-03
3.691535443067550659e-03,1.000000000000000000e+00,-2.280419692397117615e-03
1.107440888881683350e-02,1.000000000000000000e+00,-5.729911848902702332e-03
1.136782392859458923e-02,1.000000000000000000e+00,-2.189330756664276123e-03
1.820815540850162506e-02,1.000000000000000000e+00,7.142521440982818604e-03
7.229760289192199707e-03,1.000000000000000000e+00,1.055527757853269577e-02
6.456855684518814087e-03,1.000000000000000000e+00,1.526661217212677002e-04
1.126782968640327454e-02,1.000000000000000000e+00,-5.727583542466163635e-03
1.416781917214393616e-02,1.000000000000000000e+00,-2.375841140747070312e-04
2.006211876869201660e-02,1.000000000000000000e+00,5.121652036905288696e-03
1.812727004289627075e-02,1.000000000000000000e+00,9.842850267887115479e-03
1.705752313137054443e-02,1.000000000000000000e+00,2.186927944421768188e-03
1.488357782363891602e-02,1.000000000000000000e+00,-6.589598953723907471e-03
1.617261394858360291e-02,1.000000000000000000e+00,-2.830483019351959229e-03
1.785352453589439392e-02,1.000000000000000000e+00,3.923753276467323303e-03
2.000584267079830170e-02,1.000000000000000000e+00,1.131403259932994843e-02
1.097235828638076782e-02,1.000000000000000000e+00,8.210331201553344727e-03
6.599519401788711548e-03,1.000000000000000000e+00,-3.747988492250442505e-03
1.099446974694728851e-02,1.000000000000000000e+00,-7.511481642723083496e-03
3.559838980436325073e-03,1.000000000000000000e+00,-6.194543093442916870e-04
9.090315550565719604e-03,1.000000000000000000e+00,4.957090131938457489e-03
1.248969696462154388e-02,1.000000000000000000e+00,9.134247899055480957e-03
1.149998605251312256e-02,1.000000000000000000e+00,2.695562317967414856e-03
1.507739163935184479e-02,1.000000000000000000e+00,-1.904211938381195068e-03
1.112249121069908142e-02,1.000000000000000000e+00,-2.744304016232490540e-03
1.173246279358863831e-02,1.000000000000000000e+00,9.883763268589973450e-03
6.463497877120971680e-03,1.000000000000000000e+00,6.958566606044769287e-03
7.303640246391296387e-03,1.000000000000000000e+00,4.352385178208351135e-03
8.101778104901313782e-03,1.000000000000000000e+00,-2.863384783267974854e-03
1.004839874804019928e-02,1.000000000000000000e+00,-3.257447853684425354e-03
1.774037629365921021e-02,1.000000000000000000e+00,4.898717626929283142e-03
1.808199286460876465e-02,1.000000000000000000e+00,3.291692584753036499e-03
1.618471555411815643e-02,1.000000000000000000e+00,9.576627053320407867e-03
8.789367973804473877e-03,1.000000000000000000e+00,1.299839466810226440e-03
1.793388277292251587e-03,1.000000000000000000e+00,-1.615464687347412109e-03
3.347154706716537476e-03,1.000000000000000000e+00,-4.411280155181884766e-03
1.341710984706878662e-02,1.000000000000000000e+00,3.499388694763183594e-04
1.651944778859615326e-02,1.000000000000000000e+00,5.618004128336906433e-03
2.115588262677192688e-02,1.000000000000000000e+00,7.820107042789459229e-03
1.767259649932384491e-02,1.000000000000000000e+00,6.099969148635864258e-03
1.796457730233669281e-02,1.000000000000000000e+00,1.490805298089981079e-04
1.978254690766334534e-02,1.000000000000000000e+00,1.688839867711067200e-03
2.138822525739669800e-02,1.000000000000000000e+00,3.858018666505813599e-03
2.133270725607872009e-02,1.000000000000000000e+00,3.668784163892269135e-03
1.291783899068832397e-02,1.000000000000000000e+00,4.134873859584331512e-03
1.084657944738864899e-02,1.000000000000000000e+00,-1.021403819322586060e-03
1.557608321309089661e-02,1.000000000000000000e+00,-1.004211604595184326e-03
1.574753224849700928e-02,1.000000000000000000e+00,3.394109196960926056e-03
1.954506337642669678e-02,1.000000000000000000e+00,5.176683887839317322e-03
1.667478494346141815e-02,1.000000000000000000e+00,6.501033902168273926e-03
1.678944751620292664e-02,1.000000000000000000e+00,1.213762909173965454e-03
1.362836547195911407e-02,1.000000000000000000e+00,6.303433328866958618e-03
9.983617812395095825e-03,1.000000000000000000e+00,-2.732347697019577026e-03
1.374255493283271790e-02,1.000000000000000000e+00,-1.356685534119606018e-03
1.039262674748897552e-02,1.000000000000000000e+00,2.116806805133819580e-03
1.556184887886047363e-02,1.000000000000000000e+00,8.968124166131019592e-03
1.352347619831562042e-02,1.000000000000000000e+00,8.857533335685729980e-03
1.396074891090393066e-02,1.000000000000000000e+00,3.577260300517082214e-03
1.550466939806938171e-02,1.000000000000000000e+00,2.284923568367958069e-03
1.474726572632789612e-02,1.000000000000000000e+00,9.544637054204940796e-03
7.779221981763839722e-03,1.000000000000000000e+00,-3.184191882610321045e-04
8.601881563663482666e-03,1.000000000000000000e+00,-4.815947264432907104e-03
1.232250966131687164e-02,1.000000000000000000e+00,-1.990195363759994507e-03
1.520471647381782532e-02,1.000000000000000000e+00,1.661151647567749023e-03
1.792638376355171204e-02,1.000000000000000000e+00,4.510231316089630127e-03
1.638298295438289642e-02,1.000000000000000000e+00,2.227174118161201477e-03
1.851513050496578217e-02,1.000000000000000000e+00,3.166668117046356201e-03
1.125370338559150696e-02,1.000000000000000000e+00,2.941245213150978088e-03
1.978941261768341064e-03,1.000000000000000000e+00,-9.635556489229202271e-04
5.658302456140518188e-03,1.000000000000000000e+00,-5.789522081613540649e-03
9.914949536323547363e-03,1.000000000000000000e+00,-2.349356189370155334e-03
1.209622249007225037e-02,1.000000000000000000e+00,4.464540630578994751e-03
1.358132623136043549e-02,1.000000000000000000e+00,1.024750713258981705e-02
7.959362119436264038e-03,1.000000000000000000e+00,1.790991052985191345e-03
9.222153574228286743e-03,1.000000000000000000e+00,-1.606609672307968140e-03
1.102777943015098572e-02,1.000000000000000000e+00,9.497627615928649902e-05
1.398299634456634521e-02,1.000000000000000000e+00,4.742419347167015076e-03
1.516114175319671631e-02,1.000000000000000000e+00,2.155402675271034241e-03
1.527451351284980774e-02,1.000000000000000000e+00,3.223251551389694214e-04
1.643136702477931976e-02,1.000000000000000000e+00,1.616738736629486084e-04
1.385296136140823364e-02,1.000000000000000000e+00,-3.605209290981292725e-03
1.457519456744194031e-02,1.000000000000000000e+00,1.240946352481842041e-03
1.435279846191406250e-02,1.000000000000000000e+00,3.824937157332897186e-03
1.743093132972717285e-02,1.000000000000000000e+00,8.896056562662124634e-03
1.679959706962108612e-02,1.000000000000000000e+00,8.955784142017364502e-04
1.668049022555351257e-02,1.000000000000000000e+00,-1.049555838108062744e-03
1.762793213129043579e-02,1.000000000000000000e+00,4.344601184129714966e-04
1.895288936793804169e-02,1.000000000000000000e+00,2.703292295336723328e-03
0.000000000000000000e+00,0.000000000000000000e+00,0.000000000000000000e+00
0.000000000000000000e+00,0.000000000000000000e+00,0.000000000000000000e+00
0.000000000000000000e+00,0.000000000000000000e+00,0.000000000000000000e+00
