{
  "training_trajectories": [
    ["Trajectory1", 100],
    ["Trajectory2", 100],
    ["Trajectory3", 100],
    ["Trajectory4", 100],
    ["Trajectory5", 100]
  ],
  "beam_fill_window": 5,
  "num_past_beam_instances": 3, 
  "num_imu_instances": 1,
  "random_removal_percentages": {
    "b1": 10,
    "b2": 10,
    "b3": 10,
    "b4": 10
  },
  "hidden_neurons": 100,
  "dropout_rate": 0.0,
  "learning_rate": 0.001,
  "learning_rate_2": 0.001,
  "lipschitz_constant": 0.9,
  "regularization": 0.0001
}