Time [s],Longitude [rad],Latitude [rad],Altitude [m],V North [m/s],V East [m/s],V Down [m/s],Roll [rad],Pitch [rad],Yaw [rad]
1.0025062656641603,0.6089530711774936,0.5733583244556284,-15.02178,0.004006000000000176,0.009558999999999984,0.011855,0.0228289066160858,-0.0016057029118348,0.3088360111403965
2.0050125313283207,0.6089531493682442,0.5733585508248324,-15.035624,0.010056999999999983,0.008776000000000006,-0.005250999999999999,0.0134215819478363,0.0002967059728391,0.3220655894172211
3.007518796992481,0.6089532301769885,0.5733587787648328,-15.035564,-0.0007479999999999709,0.020179000000000002,-0.020271,0.0175056523975031,0.0032812189937494,0.3378433833085423
4.010025062656641,0.608953315174523,0.5733590063557672,-15.017096,-0.017843000000000053,0.03271199999999996,-0.012848,0.0247662220857995,0.003385938748869,0.3540923986446095
5.012531328320802,0.608953406106177,0.5733592301069773,-14.996937,-0.021198999999999968,0.03296600000000005,0.010145,0.0270002435283522,0.0001047197551198,0.3678281224045123
6.015037593984962,0.6089535036700823,0.5733594505420617,-14.996621,-0.0071270000000001055,0.014208999999999916,0.025865,0.0207519648062125,-0.003351032163829,0.3783175861155834
7.017543859649122,0.608953602281185,0.5733596701044816,-15.019352,0.0070669999999999344,-0.005971999999999977,0.014804000000000001,0.0156381500978691,-0.0025481807079117,0.3888593747976291
8.020050125313283,0.608953700368689,0.5733598917612966,-15.043638,0.007500000000000062,-0.006480999999999959,-0.012146,0.0157079632679489,0.0015009831567152,0.4027521781902115
9.022556390977442,0.6089537965363307,0.5733601141162434,-15.044641,-0.00576399999999988,0.016934000000000005,-0.029019000000000003,0.0213628300444105,0.004607669225265,0.4196469828028091
10.025062656641603,0.608953896194631,0.5733603362966571,-15.020213,-0.01874600000000015,0.040583000000000036,-0.016856999999999997,0.0283441470523879,0.0038571776469076,0.4363323129985824
11.027568922305765,0.608954003706913,0.5733605539392148,-14.992844,-0.016456999999999944,0.03866399999999992,0.010688,0.0269653369433123,0.0,0.4501727914201899
12.030075187969924,0.6089541201203741,0.5733607689637787,-14.986319,-0.005973000000000006,0.014726000000000017,0.025007,0.0212930168743308,-0.0031241393610697,0.4612555972637689
13.032581453634084,0.6089542377555656,0.573360983115678,-15.002513,-0.0009589999999999321,-0.0018899999999999473,0.015747999999999998,0.0147131255943121,-0.0030892327760299,0.4733158223950497
14.035087719298245,0.6089543548671584,0.5733611970930442,-15.024362,-0.002790999999999988,0.00214700000000001,-0.003672999999999999,0.0178896248329418,-0.0012217304763959,0.4872959271568168
15.037593984962406,0.6089544723278171,0.5733614117685423,-15.035086,-0.006897000000000153,0.016588999999999965,-0.014848,0.0221656815003279,0.0009773843811169,0.5026722604135944
16.040100250626566,0.6089545924064697,0.5733616255713756,-15.031325,-0.00803699999999985,0.023280999999999996,-0.011011,0.0248534885483992,0.0023561944901924,0.5176472028489983
17.042606516290725,0.6089547166739124,0.5733618378034127,-15.021228,-0.0072350000000001025,0.01944800000000002,-0.0017660000000000002,0.0202109127380943,0.0026703537555514,0.5320112625929114
18.045112781954884,0.60895484600281,0.573362049337318,-15.011775,-0.010040000000000049,0.016556999999999933,0.0020689999999999997,0.0204028989558137,0.0020769418098733,0.5460262215798409
19.047619047619047,0.608954978996899,0.5733622582532294,-15.003953,-0.012854999999999839,0.018818,0.0008999999999999998,0.0233175988066442,0.0007504915783576,0.5603728978444045
20.050125313283207,0.6089551149580477,0.5733624654238116,-14.997978,-0.012164999999999981,0.02100000000000002,0.0022910000000000005,0.0231081592964049,-0.0003665191429187,0.5743528978864163
21.052631578947366,0.6089552538862563,0.5733626704999988,-14.996851,-0.00793200000000005,0.01510200000000006,0.006696,0.0210486707790516,-0.0013089969389956,0.5874603729287713
22.05513784461153,0.6089553956069914,0.5733628748780543,-15.003871,-0.004350000000000076,0.007220000000000004,0.008334,0.0206821516361328,-0.0016231562043547,0.6005503423187288
23.05764411027569,0.6089555392475888,0.5733630782089121,-15.014973,-0.0030729999999998814,0.006081999999999921,-0.0010249999999999999,0.0189542756766584,-0.0004886921905582,0.6149492562878046
24.06015037593985,0.608955683760851,0.5733632818888358,-15.018338,-0.006153000000000075,0.012132000000000032,-0.013857999999999999,0.0207868713912524,0.0011693705988362,0.6306572544623386
25.062656641604008,0.6089558300194422,0.573363484347029,-15.005987,-0.01241800000000004,0.020603000000000038,-0.014904999999999998,0.0238062909972026,0.0013613568165555,0.646679429355524
26.065162907268167,0.6089559815140213,0.5733636845362943,-14.982435,-0.01907799999999993,0.029378999999999933,-0.004977000000000002,0.0250629280586385,-0.0008377580409573,0.6625619255486725
27.06766917293233,0.6089561389427198,0.5733638815839668,-14.962267,-0.01683100000000004,0.026077000000000017,0.010789000000000002,0.0254469004940773,-0.0046600291028247,0.675948566004884
28.07017543859649,0.6089563005602086,0.5733640753155137,-14.95977,-0.007346999999999992,0.010774999999999979,0.021258,0.019669860669976,-0.0074874624910556,0.6877644799474707
29.07268170426065,0.6089564644466253,0.5733642678253301,-14.977648,-0.004121000000000041,0.0008799999999999919,0.017129,0.0164060949687466,-0.0074525559060156,0.7010464006485624
30.07518796992481,0.6089566274603775,0.5733644601606138,-15.00426,-0.003226999999999869,-0.00026599999999998847,-0.0004909999999999984,0.020298179200694,-0.0055676003138618,0.7158467752521819
31.07769423558897,0.608956789775998,0.5733646528449633,-15.018672,-0.007454999999999989,0.01169600000000004,-0.021983000000000003,0.0243997029428807,-0.0026179938779913,0.7319911231930067
32.08020050125313,0.6089569554077439,0.5733648434349174,-15.006001,-0.013920000000000154,0.02527199999999996,-0.026633999999999998,0.0278554548618295,-0.0019722220547535,0.7486415468037403
33.08270676691729,0.6089571259264118,0.5733650321050096,-14.975887,-0.01672999999999991,0.028212000000000015,-0.0052899999999999996,0.0233175988066442,-0.0040491638646267,0.7632848766812653
34.08521303258145,0.6089573020301334,0.5733652183316408,-14.954524,-0.01490300000000011,0.02399499999999999,0.020289,0.0202283660306142,-0.0071733032256966,0.7775790534419287
35.08771929824561,0.6089574840679745,0.5733654010676135,-14.959839,-0.013131999999999922,0.013226000000000071,0.026628,0.0168598805742652,-0.0081681408993334,0.7915766289495082
36.09022556390977,0.6089576669784801,0.5733655815346582,-14.985715,-0.007339999999999902,-0.0023720000000000407,0.011872999999999998,0.0171216799620643,-0.0072954762733361,0.8053124225225813
37.092731829573935,0.6089578481436564,0.5733657618271699,-15.01149,-0.007433000000000023,-0.0017890000000000406,-0.010196,0.0235095850243636,-0.0048694686130641,0.8204443573242018
38.095238095238095,0.6089580286107009,0.5733659408979511,-15.018751,-0.01192800000000016,0.01480300000000001,-0.022687,0.0257959663444761,-0.0028099800957108,0.8361174663669887
39.097744360902254,0.6089582115212065,0.5733661183979362,-15.005046,-0.014672000000000018,0.02817499999999995,-0.015977,0.0261973920724348,-0.0025830872929515,0.8509527475556478
40.100250626566414,0.6089583996677,0.5733662915345978,-14.983184,-0.030875999999999904,0.006460000000000132,-0.007545,-0.0059515727493006,-0.0054454272662223,0.8661370771414134
41.10275689223057,0.6089585986352347,0.5733664658929902,-14.961429,0.05222299999999991,0.08771399999999985,0.028139,0.0873711823548361,-0.0792728546255823,0.8817053966159104
42.10526315789473,0.6089588131361998,0.5733666488034957,-15.032673,0.03934900000000008,0.06356000000000006,0.15779,-0.0248011286708394,-0.1942027858694091,0.9427221421722172
43.10776942355889,0.608959038807272,0.5733668311904025,-15.246433,-0.09990699999999997,0.06431300000000006,0.09803200000000001,-0.0695688239844939,-0.2229483586497556,1.092035059680332
44.11027568922306,0.608959281582571,0.5733670008364059,-15.511248,-0.15416200000000002,0.14487300000000003,0.02043299999999998,0.0763581547747519,-0.2337868533046403,1.2591851723306589
45.11278195488722,0.6089595402403661,0.5733671483167277,-15.816662,-0.16701699999999997,0.1633739999999999,0.06547600000000003,0.0322536845768552,-0.2594780998939969,1.3666277458031848
46.11528822055138,0.6089598313612853,0.5733672692680449,-16.184235,-0.06836200000000003,0.13002099999999994,0.05477899999999997,0.0501258561172771,-0.2712765256374785,1.3862452640488936
47.11779448621554,0.6089601619266457,0.5733673711952731,-16.602951,0.02417999999999998,0.10609000000000002,0.052566,0.0331787090804122,-0.2771059253391397,1.366016810751817
48.1203007518797,0.6089604394339968,0.5733674767876928,-17.069811,0.05637700000000001,0.08549800000000007,0.042362999999999984,0.020891591146372,-0.2741388656107493,1.3439558490066086
49.122807017543856,0.6089607909433081,0.5733675951210162,-17.574337,0.04888300000000001,0.07645499999999994,0.02931800000000001,0.0249407550109989,-0.2590068609959584,1.3343564857607622
50.125313283208015,0.6089611731704143,0.5733677251480456,-18.083025,0.020368000000000053,0.07915400000000017,-0.02671000000000001,0.0132819556076768,-0.2171887721181744,1.3361716979960063
51.127819548872175,0.608961566044029,0.5733678619818587,-18.539337,0.019926999999999917,0.07353699999999996,-0.07621999999999995,0.0076619954162551,-0.1673072446428838,1.3328729733498597
52.130325814536334,0.6089619693896191,0.573368001608199,-18.912788,0.02419400000000005,0.06439400000000006,-0.09141000000000005,0.0098785635662879,-0.1200611992446898,1.3267819313400322
53.1328320802005,0.6089623846034481,0.573368141758138,-19.194441,0.02260200000000001,0.062446,-0.09112599999999998,0.0123743843966397,-0.0797440935236208,1.322750028781707
54.13533834586466,0.6089628108128515,0.573368286096867,-19.393097,0.025693999999999995,0.060329999999999995,-0.07380899999999999,0.0065624379874986,-0.0500385896546773,1.3186835163443158
55.13784461152882,0.6089632478432961,0.5733684351479852,-19.529327,0.025745999999999936,0.053145999999999916,-0.049803,0.0069813170079773,-0.0326551103048138,1.314791449565661
56.14035087719298,0.6089636939494529,0.5733685885624265,-19.626232,0.022262000000000004,0.040608999999999895,-0.030834,0.0042760566673861,-0.0237015712420829,1.311230925531715
57.14285714285714,0.6089641470369268,0.5733687447693945,-19.700157,0.017804000000000042,0.02839999999999998,-0.017068,-0.006754424205218,-0.019687313962496,1.308298789841657
58.1453634085213,0.6089646043131908,0.5733689048160869,-19.759787,0.013614999999999933,0.02144799999999991,-0.011386000000000007,-0.0027925268031909,-0.0186575697038193,1.3061521570347518
59.14786967418546,0.6089650650801134,0.5733690659099768,-19.806866,0.011667000000000094,0.020693000000000072,-0.014598,0.0009599310885968,-0.0167726141116655,1.3056110002468782
60.15037593984962,0.6089655267197005,0.5733692278765314,-19.839405,0.009209000000000023,0.024507999999999974,-0.012635999999999998,-0.0005759586531581,-0.0152541776624304,1.3056633252178529
61.15288220551378,0.6089659937698083,0.5733693914138823,-19.861996,0.010572999999999944,0.026007000000000335,-0.005417999999999999,-0.0014137166941154,-0.0144513262065129,1.3050349543272577
62.15538847117794,0.6089664671031014,0.5733695559984308,-19.881287,0.00996700000000006,0.024756999999999696,0.0003470000000000001,-0.0023911010752322,-0.0160570291183477,1.3048254973637254
63.1578947368421,0.6089669420071909,0.5733697225028415,-19.904057,0.0023050000000000015,-0.0008799999999999919,0.002961000000000002,-0.0107163216072451,-0.0168598805742652,1.3040228204407334
64.16040100250626,0.6089674160386157,0.5733698895308509,-19.929026,0.00019100000000005224,-0.0060349999999997905,-0.0013900000000000023,-0.0101054563690471,-0.015969762655748,1.3034293386818852
65.16290726817043,0.6089678881501784,0.5733700541153993,-19.951357,-0.005930000000000213,-0.004100000000000215,-0.002998999999999998,-0.0075921822461753,-0.0135437549954759,1.3056807785103728
66.16541353383458,0.6089683571201484,0.5733702166055527,-19.971043,-0.010449999999999848,-0.001546999999999965,-0.0008820000000000008,-0.0029321531433504,-0.0119729586686809,1.3092237096254586
67.16791979949875,0.6089688252174539,0.5733703782230415,-19.991762,-0.0034279999999999866,-0.0015459999999998253,0.0029390000000000006,-0.0054105206811824,-0.0104370689269259,1.309747413120812
68.1704260651629,0.6089692941874238,0.5733705396659973,-20.012005,0.003690999999999889,-0.0023330000000001405,-0.0035379999999999995,-0.008604473212332,-0.0077143552938148,1.3090143748349743
69.17293233082707,0.6089697633319268,0.5733707021561506,-20.025667,0.0009580000000000144,-0.002082999999999835,-0.010181000000000003,-0.0038571776469074,-0.0050090949532237,1.3092761742227736
70.17543859649122,0.6089702321273638,0.5733708635991065,-20.028196,-0.0026289999999999925,0.000512000000000068,-0.010622,-0.0050265482457436,-0.0037699111843076,1.3098520805160545
71.17794486215539,0.6089707016209327,0.5733710248675293,-20.020782,-0.005616000000000065,0.003693999999999864,-0.006768000000000001,-0.0040840704496667,-0.0038571776469074,1.3107771224729037
72.18045112781954,0.6089711714635673,0.5733711849142217,-20.010588,-0.005899999999999794,0.0063029999999999475,0.0007010000000000002,-0.0055501470213419,-0.0056025068989016,1.3123654419053887
73.1829573934837,0.6089716407826031,0.573371345135447,-20.005411,-0.005658000000000163,0.004607000000000028,0.007572000000000001,-0.0058643062867009,-0.0061959188445797,1.3138489543162917
74.18546365914787,0.6089721107997708,0.5733715030877443,-20.007261,0.0047680000000001055,-0.03859799999999991,0.006017,-0.0128107167096383,-0.0066846110351381,1.3226803901445527
75.18796992481202,0.6089725581276579,0.5733716503935332,-20.021828,-0.221692,-0.11386699999999994,-0.001085,-0.0581194640914111,0.018744836166419,1.4865492314412527
76.19047619047619,0.6089729981251625,0.5733717458630433,-19.991814,-0.37190000000000006,-0.0374260000000004,-0.053552999999999996,0.1227664595852811,0.022427480888127,1.680717110725622
77.19298245614034,0.6089733904751783,0.5733718242283268,-19.955906,-0.363045,-0.12351399999999968,0.023632,-0.0298102236240631,0.0152541776624304,1.8687589192420764
78.19548872180451,0.6089737678153625,0.5733718163743451,-19.918886,-0.348439,-0.16227999999999998,-0.020099,0.0608770843095622,0.0208217779762924,2.0529435326583303
79.19799498746866,0.6089741165321472,0.5733717469102408,-19.86869,-0.312324,-0.18446600000000024,-7.599999999999968e-05,0.049846603436958,0.0088313660150913,2.224299976072426
80.20050125313283,0.6089744308659454,0.5733716336383724,-19.827673,-0.26933399999999996,-0.20792299999999986,0.009210999999999997,0.0275762021815104,0.0044854961776255,2.3872088688272366
81.203007518797,0.6089747080242306,0.5733714779550031,-19.797926,-0.22482100000000005,-0.222526,0.015481000000000002,0.0517664656141518,-0.0001047197551196,2.5389477939956238
82.20551378446115,0.6089749455635417,0.5733712913793061,-19.788673,-0.18328300000000008,-0.2379960000000001,0.025921,0.0300545697193423,-0.0041189770347065,2.6809653923100347
83.20802005012531,0.6089751375497595,0.5733710774019398,-19.801292,-0.1487909999999999,-0.24822199999999994,0.016141,0.0336324946859307,-0.0044505895925854,2.8127029140637365
84.21052631578947,0.6089752836338179,0.5733708421315566,-19.821754,-0.12125999999999992,-0.24252700000000005,0.001863,0.0323758576244948,-0.0044854961776252,2.927318441696109
85.21303258145363,0.6089753874809084,0.5733705899314797,-19.837833,-0.09513700000000003,-0.21725099999999997,-0.009143,0.0315031929984976,-0.0041189770347065,3.0243238240686616
86.21553884711778,0.608975451534492,0.5733703218489066,-19.843369,-0.07417800000000008,-0.18898399999999999,-0.008397,0.029216811678385,-0.0059166661642606,3.106441862080968
87.21804511278195,0.608975483997616,0.5733700427707592,-19.844893,-0.05954999999999999,-0.164776,-0.0024790000000000003,0.0234746784393237,-0.0064926248174188,-3.1095484259764703
88.22055137844612,0.6089754897572025,0.5733697554895644,-19.849083,-0.04979899999999993,-0.14216199999999998,0.004867,0.0218166156499291,-0.0067195176201781,-3.05708389847469
89.22305764411027,0.6089754712567126,0.5733694601798549,-19.858038,-0.04385900000000009,-0.11955500000000001,0.0025190000000000004,0.0201760061530544,-0.0063006385996995,-3.0189484892251994
90.22556390977444,0.6089754311141397,0.5733691580633614,-19.866219,-0.04239999999999999,-0.09143199999999999,-0.0024750000000000006,0.0163188285061469,-0.0056723200689814,-2.9964860668454474
91.2280701754386,0.6089753784051963,0.5733688505363472,-19.868677,-0.04200000000000004,-0.059691999999999995,-0.006893,0.0196524073774561,-0.00614355896702,-2.9870089290071182
92.23057644110276,0.608975316096942,0.573368535853483,-19.867785,-0.04320699999999977,-0.032411999999999996,0.000207,0.0138579142608349,-0.0087964594300513,-2.9879514242564875
93.23308270676692,0.6089752509961609,0.5733682145383677,-19.871355,-0.042623999999999995,-0.006404000000000021,0.006306999999999999,0.0068765972528576,-0.0112748269678832,-2.9985979501469457
94.23558897243107,0.608975187815242,0.5733678874636658,-19.883257,-0.0399440000000002,0.013220999999999983,0.008872,0.000907571211037,-0.012932889757278,-3.016330338267576
95.23809523809524,0.6089751296957779,0.5733675542803117,-19.902906,-0.03329199999999988,0.034555,0.008335,0.0035953782591083,-0.0136659280431155,-3.0407824185413084
96.2406015037594,0.6089750808265588,0.5733672156864369,-19.928833,-0.029148000000000174,0.05130100000000001,0.004553999999999999,-0.0079587013890941,-0.0124441975667195,-3.06804439164429
97.24310776942356,0.6089750419057165,0.5733668748236339,-19.957029,-0.027149999999999785,0.057233000000000006,-0.002232999999999999,-0.0094073246682494,-0.010105456369047,-3.095097064863372
98.24561403508773,0.6089750171220412,0.5733665299465737,-19.978926,-0.025437000000000154,0.064957,-0.010255,-0.0027227136331111,-0.0079063415115343,-3.120526512064929
99.24812030075188,0.6089750047302035,0.5733661822769867,-19.987415,-0.0201159999999998,0.065807,-0.01486,-0.0090931654028904,-0.0052185344634629,-3.1407372502700985
100.25062656641605,0.6089750047302035,0.5733658307676754,-19.990698,-0.015114000000000072,0.055723999999999996,0.0034499999999999995,-0.0036477381366681,-0.0057421332390612,3.127821988338265
101.2531328320802,0.6089750141549815,0.573365477163969,-20.003777,-0.01361900000000027,0.031251,0.013554,-0.0116064395257622,-0.0057072266540214,3.119514256005357
102.25563909774436,0.6089750289902801,0.5733651214658674,-20.021833,-0.011711999999999723,0.007769999999999999,-0.0029809999999999993,-0.007365289443416,-0.002740166925631,3.1163900991909954
103.25814536340852,0.6089750436510457,0.573364762975239,-20.030724,-0.010161000000000087,0.005509,-0.010909,-0.0078714349264944,-0.0013264502315155,3.1159014070004365
104.26065162907268,0.6089750576136798,0.5733644041355447,-20.029884,-0.006733999999999796,0.007047999999999999,-0.007169,-0.0032114058236695,-0.001204277183876,3.1178385828438104
105.26315789473684,0.6089750736707089,0.5733640440741201,-20.02676,-0.0048120000000002605,0.0014500000000000068,0.002726,0.0013439035240356,-0.0016929693744345,3.1226732844981746
106.265664160401,0.6089750911240014,0.5733636840126954,-20.02615,-0.0043999999999999595,-0.009852000000000007,0.001471,-0.0012391837689159,-0.0012391837689158,3.131696619277693
107.26817042606515,0.6089751049121025,0.5733633243003365,-20.026688,-0.0038649999999997853,-0.021907999999999997,-0.0019060000000000001,-0.0041189770347066,-0.0007853981633973,-3.1408072903329813
108.27067669172932,0.6089751132896829,0.5733629644134448,-20.026819,-0.003908000000000023,-0.024328,0.000601,-0.0018500490071139,0.0004014257279587,-3.1312779671500173
109.27318295739347,0.6089751159076768,0.5733626029557567,-20.027676,-0.004533000000000342,-0.024675000000000002,0.0015019999999999999,-0.0006457718232379,0.0001221730476397,-3.1239473399455457
110.27568922305764,0.6089751131151501,0.5733622407999369,-20.031382,-0.00386299999999995,-0.024653,0.0018440000000000002,-0.0020594885173533,0.0004886921905584,-3.117978401170188
111.2781954887218,0.608975106133833,0.5733618777714525,-20.031637,-0.0026129999999997544,-0.014713000000000004,-0.005498,-0.0007504915783575,0.0013089969389958,-3.114958911751067
112.28070175438596,0.6089750974071867,0.5733615159646985,-20.026405,-0.0006509999999999572,-0.0005109999999999976,-0.0011229999999999999,-0.0048520153205442,0.0005410520681183,-3.1153080474146364
113.28320802005013,0.608975089553205,0.5733611529362143,-20.02342,-0.003614000000000228,0.009272000000000002,0.004804,-0.0119380520836412,-0.0005759586531579,-3.117908622906693
114.28571428571428,0.6089750836190856,0.573360789209598,-20.027699,-0.0043280000000001095,0.008693,0.005715,0.0010821041362364,0.0005759586531581,-3.120910536860245
115.28822055137844,0.6089750789066966,0.5733604240867185,-20.032654,-0.002546999999999855,0.004921999999999996,-0.002746,-0.0040491638646268,0.00310668606855,-3.124715406989471
116.2907268170426,0.6089750752415052,0.5733600587893062,-20.035984,-0.0012089999999997936,0.0037580000000000044,-0.002623,-0.0074001960284559,0.0035255650890286,-3.128485370533656
117.29323308270676,0.6089750720999125,0.5733596941900254,-20.038618,-0.00035100000000021225,0.008638999999999997,-0.0015710000000000001,-0.0056199601914217,0.0041189770347067,-3.132167997802072
118.29573934837092,0.6089750727980443,0.5733593285435471,-20.03694,-0.0023360000000001158,0.011271000000000002,-0.006053,-0.0118856922060813,0.0055850536063819,-3.135379490892204
119.29824561403508,0.6089750745433735,0.5733589630716017,-20.031332,-0.0014049999999996565,0.006255,-0.0014429999999999998,0.0038920842319473,0.0053930673886626,-3.1373864624523646
120.30075187969923,0.608975075765104,0.5733585969015246,-20.023617,-0.003483000000000125,-0.00113,-0.0025789999999999997,-0.0095993108859688,0.0049567350756638,-3.1367755274009963
121.3032581453634,0.6089750780340321,0.5733582302078488,-20.010698,-0.00217500000000026,0.0021339999999999996,-0.0052829999999999995,-0.0062657320146596,0.004921828490624,-3.135711068543498
122.30576441102755,0.608975082746421,0.5733578642123046,-19.993883,-0.0020859999999998102,0.011526,-0.0006070000000000016,-0.0052708943410228,0.0040491638646269,-3.1343496593670643
123.30827067669172,0.6089750885060076,0.5733574989148923,-19.984741,0.0006599999999998829,0.009282,0.014544000000000001,-0.0062482787221396,0.0011693705988362,-3.1323251123413365
124.31077694235589,0.6089750939165282,0.5733571339665456,-19.994761,0.0034600000000000186,-0.011138,0.017537999999999998,0.0009948376736367,0.0007853981633973,-3.1278744529355804
125.31328320802004,0.6089750965345221,0.5733567691927319,-20.013189,0.0022579999999998712,-0.029046000000000002,-0.0013169999999999987,-0.0006457718232379,0.00307177948351,-3.1229001947542265
126.3157894736842,0.6089750949637258,0.5733564045934513,-20.018932,0.0016930000000003886,-0.024975,-0.016388,0.002740166925631,0.0049916416607038,-3.1204215828703
127.31829573934836,0.60897508745881,0.5733560492444155,-19.99789,0.17603899999999983,0.07219,-0.062048,0.0542448331519837,0.0276983752291499,3.036733080143756
128.32080200501252,0.6089751368516279,0.5733557368304794,-19.922949,0.32100799999999996,0.502047,-0.008875999999999995,-0.0697433569096934,0.0166853476490658,2.728926795808744
129.32330827067668,0.6089752427931134,0.5733554818378757,-19.875986,0.342233,0.434928,0.037412999999999995,-0.0226194671058465,0.0060737457969404,2.4628514211553783
130.32581453634086,0.6089754168024398,0.5733552961348433,-19.857187,0.35636,0.3007660000000001,0.018893999999999998,-0.0347495054072071,0.0088662726001311,2.2278777963192598
131.328320802005,0.6089756798235582,0.5733551634898202,-19.85306,0.35074700000000003,0.21257100000000007,0.025828000000000004,-0.0439822971502571,0.0023561944901924,2.015523725855449
132.33082706766916,0.6089759770531297,0.5733550784922855,-19.862785,0.33368299999999995,0.14936499999999997,-0.0047420000000000006,0.0046251225177849,0.0040666171571468,1.8266615253240956
133.33333333333331,0.6089762960993169,0.5733550420149042,-19.859411,0.316695,0.11209599999999997,-0.022029999999999998,-0.0108559479474047,0.0061959188445799,1.652547653678066
134.3358395989975,0.6089766350422577,0.5733550528359456,-19.846205,0.30174,0.080627,0.0054849999999999986,-0.0008901179185171,0.0046949356878647,1.495363213976994
135.33834586466165,0.608976986726102,0.5733551064175536,-19.83223,0.284956,0.05072499999999991,0.002005999999999999,0.0122347580564802,0.0050440015382635,1.3529791837861267
136.3408521303258,0.6089773453912632,0.5733552029342611,-19.823442,0.267504,0.016966000000000037,0.003929000000000001,0.00307177948351,0.0034208453339088,1.2282056828275147
137.34335839598998,0.6089777066744184,0.5733553392444757,-19.82588,0.24761299999999997,-0.005881000000000025,0.00851,0.0180467044656213,0.0026005405854716,1.129507331080528
138.34586466165413,0.6089780681321065,0.5733555118575387,-19.833059,0.19470600000000005,-0.0030959999999999877,0.003141,0.0146782190092723,0.0023736477827123,1.0695726896604576
139.34837092731829,0.6089784285425971,0.5733557137921333,-19.83687,0.13960700000000004,0.015587000000000018,-0.004025000000000001,0.0230208928338052,0.0001221730476397,1.045871170778252
140.35087719298244,0.6089787934909436,0.5733559364961458,-19.837566,0.07255100000000003,0.0466390000000001,-0.0006589999999999999,0.0133168621927167,-0.0014137166941152,1.0605667558135818
141.35338345864662,0.6089791668168707,0.5733561653088107,-19.839796,-0.006949000000000094,0.07490599999999992,0.0046630000000000005,0.0236317580720032,-0.0030368728984699,1.1107100128635012
142.35588972431077,0.6089795525346354,0.5733563873146916,-19.85042,-0.07921099999999992,0.08168700000000007,0.009163999999999999,0.0111526539202437,-0.0040840704496667,1.189878269907012
143.35839598997492,0.6089799520405011,0.5733565901219507,-19.865952,-0.14850300000000005,0.07351999999999981,0.0003370000000000005,0.0131946891450771,-0.0038571776469074,1.289204992544594
144.36090225563908,0.6089803623674083,0.573356764480343,-19.877115,-0.20006599999999997,0.05922399999999994,-0.0067740000000000005,0.0195127810372966,-0.0052883476335428,1.399143212314547
145.36340852130326,0.6089807798501654,0.5733569027104197,-19.880394,-0.2282780000000001,0.047198000000000295,-0.008114999999999999,0.0264242848751941,-0.0090931654028902,1.5090814320844996
146.3659147869674,0.6089812036161077,0.5733570018451212,-19.881001,-0.23261299999999996,0.034338999999999675,0.000156,0.0211184839491313,-0.0116238928182821,1.6106072521263022
147.36842105263156,0.6089816327925709,0.5733570615353816,-19.886042,-0.21940700000000002,0.022561000000000053,0.009098,0.0180641577581413,-0.0127758101245984,1.6988336632679082
148.37092731829574,0.6089820682522191,0.57335708649359,-19.900593,-0.192357,0.009851999999999972,0.008868000000000001,0.0212581102892909,-0.0124441975667195,1.7705318063931277
149.3734335839599,0.6089825070279931,0.5733570831774644,-19.924995,-0.15445399999999998,-0.002654999999999852,0.008471,0.0190939020168179,-0.0110479341651239,1.8238166037367596
150.37593984962405,0.6089829449311024,0.5733570578701902,-19.952847,-0.11845900000000001,-0.008315000000000072,-0.0012220000000000009,0.0183783170235002,-0.0080459678516937,1.857850611417112
151.3784461152882,0.608983382310613,0.573357014062426,-19.973648,-0.08168299999999998,0.0007540000000001434,-0.0118,0.02153736296961,-0.0057944931166211,1.8738901523363545
152.38095238095238,0.6089838200391894,0.5733569597826862,-19.979471,-0.046613000000000016,0.017919000000000018,-0.015308,0.0123220245190799,-0.0057421332390612,1.8747454334830016
153.38345864661653,0.6089842631782865,0.5733569000924258,-19.972025,-0.01449499999999998,0.03686100000000003,-0.009859,0.0135612082879959,-0.0074525559060156,1.8621964812545773
154.38596491228068,0.6089847157421615,0.5733568400530995,-19.959532,0.014898999999999996,0.04992200000000002,-9.10000000000008e-05,-0.0026878070480712,-0.0096691240560484,1.839507288245114
155.3884711779449,0.6089851794761437,0.5733567855988269,-19.952557,0.062095999999999985,0.04418899999999981,0.007057000000000001,-0.0075223690760955,-0.013823007675795,1.8199595482628996
156.39097744360902,0.6089856309928212,0.5733567358569432,-19.969568,-0.084596,-0.22427200000000003,0.023123,-0.0297578637465033,0.0026878070480713,1.995173047150855
157.39348370927317,0.6089860177577835,0.5733566513830074,-19.955307,-0.30731099999999995,-0.4554499999999999,-0.055855,0.0912632665867834,0.0138928208458748,2.303817037166948
158.39598997493732,0.6089863141146905,0.5733565759847837,-19.931013,-0.2486210000000001,-0.48895,0.015811000000000002,0.0983667566424004,-0.0067718774977378,2.589422960309395
159.3984962406015,0.6089865048791777,0.5733564635855799,-19.91823,-0.1405059999999999,-0.415463,0.015448999999999997,0.1043008760991811,-0.0166678943565457,2.821953141646014
160.40100250626566,0.6089866113442621,0.5733563044115522,-19.907511,-0.10143800000000014,-0.33499899999999994,-0.0027979999999999993,0.0387812159793139,-0.0124441975667195,3.0147596117539504
161.4035087719298,0.6089866642277385,0.5733561220246453,-19.889473,-0.08690199999999981,-0.281436,-0.009223000000000002,0.0642281164733913,-0.0071558499331767,-3.1045568715822287
162.406015037594,0.6089866752233127,0.5733559234061765,-19.872087,-0.061019000000000156,-0.258587,0.008390000000000002,0.0062831853071795,-0.0032463124087094,-2.9595373593142646
163.40852130325814,0.6089866457272484,0.5733557144902649,-19.871086,-0.029361999999999888,-0.253321,0.016691,0.0174009326423834,0.0022514747350728,-2.8296499389275547
164.4110275689223,0.6089865715507552,0.5733555012110303,-19.885639,-0.0020180000000000753,-0.255288,0.009103,0.0337546677335703,0.005253441048503,-2.714999260364047
165.41353383458645,0.6089864532174319,0.5733552886299275,-19.900562,0.00967399999999996,-0.237199,-0.008809,0.0301243828894221,0.0070162235930173,-2.624503973554726
166.41604010025063,0.6089862933452723,0.5733550777941538,-19.898787,0.005576000000000025,-0.18948200000000004,-0.022066000000000002,0.0302989158146215,0.0076270888312153,-2.560397960315804
167.41854636591478,0.6089860994391926,0.5733548678310448,-19.878309,-0.011276999999999981,-0.13704799999999984,-0.009394000000000001,0.0234572251468037,0.0045378560551854,-2.523205046315682
168.42105263157893,0.6089858844146286,0.5733546542027445,-19.855904,-0.031099999999999905,-0.0962320000000001,0.004538,0.0179943445880615,0.0013788101090754,-2.511092461306842
169.4235588972431,0.6089856566491613,0.5733544342912585,-19.842323,-0.05070100000000011,-0.0643180000000001,0.009872,0.0136659280431156,-0.0002617993877991,-2.525177390543484
170.42606516290726,0.608985421553311,0.5733542051295278,-19.836349,-0.07129999999999992,-0.020642999999999967,0.004602,0.0121300383013605,-0.0019722220547535,-2.562021151426744
171.42857142857142,0.6089851861083949,0.5733539646231569,-19.835066,-0.08805400000000008,0.029595999999999956,0.006814000000000001,-0.002740166925631,-0.0039095375244673,-2.618360327321243
172.43107769423557,0.608984962008119,0.5733537105032178,-19.841341,-0.09856599999999993,0.07858600000000004,0.009458,0.0054454272662223,-0.0061959188445797,-2.6889764361233968
173.43358395989975,0.6089847574555306,0.5733534405007825,-19.850063,-0.09812500000000002,0.12074700000000016,-0.002952999999999999,-0.0100880030765272,-0.0069987703004972,-2.768354080317269
174.4360902255639,0.6089845836207372,0.5733531554885156,-19.853706,-0.08707799999999999,0.1593389999999999,-0.004524,-0.0095818575934488,-0.0089884456477706,-2.8518854685045474
175.43859649122803,0.608984443994397,0.5733528580844112,-19.856581,-0.07565500000000003,0.18030999999999997,0.0018919999999999996,-0.0020245819323134,-0.0109083078249645,-2.932729189270095
176.44110275689223,0.6089843403218393,0.5733525484630018,-19.866535,-0.06328200000000006,0.175018,0.011205000000000001,-0.0089709923552508,-0.0123045712265599,-3.0056316270324825
177.4436090225564,0.6089842708577352,0.5733522297658804,-19.887371,-0.0501729999999998,0.15889800000000004,0.0064139999999999996,-0.0072954762733362,-0.0115540796482023,-3.0684981947031007
178.44611528822054,0.6089842296679648,0.5733519033893103,-19.912712,-0.034912000000000276,0.135313,0.0034129999999999994,-0.011676252695842,-0.0103148958792864,-3.1207709977865488
179.4486215538847,0.6089842136109358,0.5733515728239499,-19.937452,-0.025338000000000083,0.11696899999999999,-0.0039910000000000015,-0.0095993108859688,-0.0078539816339744,3.121277003643286
180.45112781954887,0.6089842171015943,0.5733512375462007,-19.956408,-0.024432999999999705,0.098278,-0.008270999999999999,-0.0115191730631625,-0.0054105206811823,3.090698852601639
181.45363408521305,0.6089842382200781,0.5733508987777929,-19.967386,-0.02553300000000025,0.073546,-0.009214,-0.0075223690760955,-0.0042062434973062,3.072006376312779
182.4561403508772,0.608984269112406,0.5733505552969961,-19.969717,-0.025320999999999927,0.04628900000000001,-0.008346,-0.013212142437597,-0.0047123889803846,3.064588674631926
183.45864661654133,0.6089843071605836,0.5733502088491395,-19.96822,-0.0207799999999998,0.030303999999999998,-0.00049,-0.0062831853071795,-0.0054279739737022,3.065094942288052
184.4611528822055,0.608984348350354,0.5733498587360916,-19.97179,-0.01591100000000001,0.009959999999999997,0.011692000000000001,-0.0164759081388264,-0.0070860367630969,3.072774443356705
185.4636591478697,0.6089843883183939,0.5733495072267804,-19.989117,-0.014135000000000009,-0.021300999999999987,0.010524999999999998,-0.0013439035240356,-0.0057770398241012,3.08719067099196
186.46616541353384,0.6089844225268471,0.5733491539721396,-20.00802,-0.011568000000000023,-0.04576400000000001,-0.006445999999999999,0.0029321531433504,-0.0027576202181509,3.106162487227601
187.468671679198,0.6089844441689299,0.5733487991467027,-20.016808,-0.0067070000000000185,-0.054509,-0.010987,-0.000593411945678,-0.001815142422074,3.1255356593780306
188.47117794486212,0.6089844569098335,0.5733484444957988,-20.009674,0.01392900000000008,-0.023508999999999995,-0.019606,-0.0852244273748831,-0.0077143552938148,-3.1282933668626445
189.4736842105263,0.6089844508011811,0.5733481097416482,-20.014757,0.27458399999999994,-0.225352,0.012646000000000001,-0.1154884366044648,0.0189717289691784,-2.9161137246042785
190.47619047619045,0.6089843715632329,0.5733478269983094,-19.962303,0.31718899999999994,-0.47283200000000003,-0.074901,0.1891413310386254,0.0210661240715717,-2.623055210649231
191.47869674185463,0.6089842731266633,0.573347608308554,-19.916199,0.35685199999999995,-0.336013,0.06375,0.0383972435438752,-0.0111701072127636,-2.382653786372334
192.4812030075188,0.6089840872490979,0.5733474512289214,-19.906763,0.33976000000000006,-0.244151,0.0008690000000000017,0.0522726110972301,0.0057246799465413,-2.1649587465980336
193.4837092731829,0.6089838308602308,0.5733473440657053,-19.891867,0.316195,-0.1987509999999999,0.015262999999999999,0.0794473875507818,-0.0030019663134301,-1.971768251694782
194.48621553884712,0.6089835495131554,0.5733472780922596,-19.892733,0.295566,-0.13508699999999996,0.005673,0.0232477856365644,0.0009948376736368,-1.7957173263784263
195.48872180451127,0.6089832419861412,0.5733472557520453,-19.891102,0.278006,-0.10571600000000014,-0.008504000000000001,0.0512952267161133,0.0040666171571468,-1.6353209921614946
196.49122807017545,0.6089829189256967,0.5733472732053377,-19.885397,0.26912400000000003,-0.06755199999999983,0.00021199999999999995,0.0388510291493937,0.0029845130209102,-1.4885563077211688
197.4937343358396,0.6089825846951449,0.573347330975736,-19.882511,0.264382,-0.03618700000000019,0.003939,0.0298102236240631,0.0032986722862693,-1.3562776291795935
198.49624060150376,0.6089822459267371,0.5733474281905753,-19.886993,0.250207,-0.014664999999999928,0.005558,0.0435285115447385,0.0037699111843079,-1.2422900884653807
199.4987468671679,0.6089819045403353,0.5733475632790594,-19.896271,0.21855999999999998,-0.012912000000000035,0.0024920000000000003,0.0373500459926786,0.0044331363000655,-1.1599802911281585
200.5012531328321,0.6089815610595386,0.5733477306561346,-19.903818,0.17120000000000002,-0.01602899999999985,-0.002593,0.0315555528760574,0.004642575810305,-1.1091043274049588
201.50375939849624,0.608981214960748,0.5733479247367474,-19.908474,0.11726799999999993,-0.03137600000000007,-0.003288,0.0219387886975687,0.0054803338512623,-1.0909532871566543
202.5062656641604,0.6089808615315743,0.5733481336526589,-19.911169,0.06245300000000009,-0.05819400000000008,-0.004634,0.0200189265203749,0.0084997534572124,-1.106172191714902
203.50877192982452,0.608980496234162,0.5733483485026899,-19.907778,0.0023740000000000983,-0.08485200000000015,-0.005131,0.0140324471860344,0.0088313660150913,-1.1529990788399362
204.5112781954887,0.6089801150542532,0.5733485589893976,-19.895519,-0.06579800000000002,-0.09209299999999976,-0.009930000000000001,0.0012391837689159,0.0072780229808164,-1.2254482545955814
205.51378446115288,0.6089797200862436,0.5733487527209447,-19.874987,-0.13614900000000008,-0.08142799999999983,-0.0027089999999999996,0.004904375198104,0.0033335788713091,-1.3171126502043509
206.51629072681703,0.6089793134245278,0.5733489195744211,-19.85862,-0.19185600000000003,-0.06558400000000031,0.013820000000000002,-0.0025830872929516,-0.002129301687433,-1.419843026682711
207.5187969924812,0.6089788975125672,0.5733490532666418,-19.862785,-0.21231999999999995,-0.05244599999999977,0.021078,-0.0035430183815484,-0.0054105206811823,-1.522590455027861
208.5213032581453,0.6089784747938223,0.5733491494342835,-19.883593,-0.21162200000000003,-0.03893499999999994,0.007431999999999998,-0.0030368728984701,-0.0046600291028247,-1.6188275085571004
209.52380952380952,0.608978046140958,0.5733492091245439,-19.903204,-0.207119,-0.02036199999999999,-0.004563999999999999,-0.0040317105721069,-0.0035081117965085,-1.7039826114540948
210.52631578947367,0.6089776122521059,0.5733492354790157,-19.912317,-0.197054,-0.003043000000000351,-0.014508,-0.0013962634015954,-0.0025307274153916,-1.774773165914984
211.52882205513785,0.6089771790613855,0.5733492319883572,-19.910313,-0.171011,0.007371000000000016,-0.009107,-0.0060737457969402,-0.0032463124087094,-1.827778588405249
212.531328320802,0.6089767481395932,0.5733492042376221,-19.908707,-0.12116400000000001,0.005579000000000001,0.008895,0.0010821041362364,-0.0046949356878647,-1.8600848597524664
213.53383458646616,0.6089763149488729,0.5733491586845286,-19.918686,-0.073188,-0.010456999999999717,0.014085,-0.002146754979953,-0.0053058009260626,-1.8735759058045327
214.5363408521303,0.6089758758240331,0.5733491031830584,-19.941216,-0.03744599999999998,-0.028405000000000236,0.006433000000000001,0.0013962634015954,-0.0042411500823462,-1.8722672230248023
215.5388471177945,0.6089754297178762,0.573349045761726,-19.962734,-0.009388000000000007,-0.035089999999999844,-0.007726,-0.0052708943410228,-0.0025656340004316,-1.859369012959761
216.54135338345864,0.6089749757577378,0.5733489895621241,-19.972273,0.019445999999999963,-0.029495999999999967,-0.015423000000000001,0.003665191429188,-0.0017453292519942,-1.8369414622584648
217.5438596491228,0.6089745172597434,0.5733489392966415,-19.96969,0.06587400000000002,-0.02073600000000031,-0.006111999999999999,-0.0069289571304174,-0.0026005405854714,-1.814112311296284
218.54636591478692,0.6089740732479816,0.573348896536075,-19.967157,-0.080095,0.22348500000000016,0.00646,0.0506145483078355,0.008604473212332,-1.9889594830275377
219.54887218045116,0.6089736959077974,0.5733488138074684,-19.9394,-0.35028,0.444175,-0.032619,-0.0435808714222984,0.0184655834861,-2.2996108460295184
220.55137844611528,0.6089734018198184,0.5733487338713887,-19.910393,-0.289052,0.43157,0.022338,-0.0327772833524535,0.0054977871437822,-2.568374132450711
221.55388471177943,0.6089732061684092,0.5733486080331496,-19.900103,-0.1870250000000001,0.385765,-0.009503000000000001,-0.0094073246682494,0.0093549647906896,-2.7918112181976094
222.5563909774436,0.6089730873114871,0.5733484226791831,-19.883238,-0.129216,0.34339600000000003,0.0024519999999999993,-0.056618480934696,0.0051836278784231,-2.9854382024934933
223.55889724310777,0.6089730216871073,0.5733482153340679,-19.871136,-0.09376099999999998,0.313742,0.004827000000000001,0.0182910505609005,0.0053930673886626,3.1324122042710103
224.56140350877192,0.6089730059791439,0.5733479936772529,-19.845438,-0.06216200000000005,0.30401799999999995,-0.022442000000000004,-0.0020943951023931,0.0081332343142936,2.985158565840739
225.56390977443607,0.6089730442018547,0.5733477624211271,-19.818541,-0.028608999999999885,0.287065,0.010132000000000002,0.0032637657012293,0.0050090949532237,2.85558567123853
226.56641604010025,0.608973129897521,0.5733475262780792,-19.808779,-0.006088000000000093,0.26407500000000006,0.022272,0.015673056682909,0.0027925268031909,2.744634916156325
227.5689223057644,0.6089732607972148,0.5733472892623668,-19.816509,0.004349000000000158,0.21759299999999993,0.013708,0.0088837258926511,0.0027227136331111,2.662604493672469
228.57142857142856,0.6089734279997572,0.5733470534683849,-19.83219,0.0062149999999998595,0.170991,0.0047209999999999995,0.0179594380030216,0.0013962634015955,2.607486908628026
229.5739348370927,0.6089736240002321,0.5733468183725347,-19.846985,-0.008057999999999899,0.12677000000000005,-0.007119,0.0203505390782538,0.0021816615649929,2.580574071188613
230.5764411027569,0.6089738379775984,0.5733465806586905,-19.853588,-0.03528599999999993,0.07773000000000008,-0.007614999999999999,0.0156556033903891,0.0016057029118348,2.582162111368418
231.57894736842104,0.6089740619033415,0.5733463361380623,-19.852102,-0.059787000000000035,0.027884999999999938,-0.006608,0.0174707458124632,-0.0004188790204786,2.608551646738205
232.5814536340852,0.6089742868762821,0.5733460820181232,-19.848516,-0.07498300000000002,-0.018504999999999994,0.000735,0.0134390352403563,-0.0025656340004316,2.6557804133768044
233.58395989974937,0.6089745032971092,0.5733458148082147,-19.847277,-0.08096499999999995,-0.06780699999999995,0.003813,0.0134739418253962,-0.0043982297150255,2.719502122567729
234.58646616541355,0.6089747003447818,0.5733455352064686,-19.851551,-0.0757500000000002,-0.11190500000000014,0.006607,0.0124965574442793,-0.0057246799465413,2.793120162776728
235.58897243107768,0.6089748705143839,0.5733452453072798,-19.862659,-0.0644159999999998,-0.14700899999999995,0.0063219999999999995,0.0091280719879303,-0.0063180918922194,2.8716426654502927
236.59147869674183,0.6089750089189936,0.5733449459833131,-19.881958,-0.05560300000000007,-0.16778499999999996,0.010360000000000001,0.0237888377046827,-0.0080110612666539,2.948943036221733
237.593984962406,0.6089751132896829,0.5733446375836343,-19.907227,-0.04763600000000001,-0.17194100000000007,0.0028269999999999997,0.0159697626557481,-0.0076096355386952,3.0204318794630542
238.59649122807016,0.608975183277386,0.5733443222026384,-19.932304,-0.04093799999999992,-0.16006899999999996,-0.004104,0.0152192710773905,-0.0065449846949787,3.082251563741741
239.59899749373432,0.6089752232454257,0.5733440007129902,-19.95167,-0.03404600000000024,-0.13839900000000002,-0.008791,0.0167377075266256,-0.0045727626402249,3.132534185332432
240.6015037593985,0.6089752375571257,0.5733436736382884,-19.959379,-0.025851999999999986,-0.112038,-0.012364,0.0171740398396242,-0.0034557519189486,-3.1122536688637688
241.60401002506265,0.6089752338919342,0.5733433423747963,-19.959225,-0.01963299999999979,-0.081438,-0.002718,0.0116413461108021,-0.003630284844148,-3.0853408314243564
242.6065162907268,0.6089752171367734,0.5733430097150409,-19.962013,-0.018295999999999868,-0.06301100000000001,0.009013,0.0108559479474047,-0.004886921905584,-3.068079280776037
243.60902255639093,0.6089751907823018,0.573342673390094,-19.974789,-0.022619000000000167,-0.049306,0.006924999999999999,0.0098611102737679,-0.0050265482457436,-3.0582008219295047
244.61152882205516,0.6089751576210459,0.5733423328763569,-19.991127,-0.02567800000000009,-0.028777999999999998,-0.001405,0.0052883476335428,-0.0036128315516281,-3.056211181488816
245.6140350877193,0.6089751214927304,0.5733419888719614,-20.001953,-0.02357200000000015,-0.00520799999999999,-0.005692999999999999,0.0042411500823462,-0.0023561944901921,-3.061028307677613
246.61654135338344,0.6089750853644149,0.5733416412023745,-20.008881,-0.01824199999999987,0.012982999999999995,4.6000000000000034e-05,-0.0002094395102393,-0.0016406094968746,-3.070819674594471
247.6190476190476,0.6089750532503567,0.5733412910893264,-20.019854,-0.013670999999999989,0.019254999999999994,0.009073000000000001,-0.003682644721708,-0.0016929693744345,-3.084293406980357
248.62155388471177,0.6089750281176154,0.5733409394054823,-20.036232,-0.015055999999999958,0.02482300000000001,-0.0011240000000000017,-0.0020245819323134,0.0005585053606382,-3.100891557979993
249.62406015037595,0.6089750083953948,0.5733405858017757,-20.045994,-0.00262999999999991,0.014614999999999989,-0.007724999999999999,0.0443662695856958,0.0075398223686156,-3.123894875348231
250.62656641604008,0.6089750003668803,0.5733402498258947,-20.019627,0.23050700000000002,0.224359,-0.075381,0.0188495559215387,0.0320267917740959,2.952939910021971
251.62907268170423,0.6089750691328528,0.5733399585304425,-19.955614,0.3141729999999998,0.502166,0.020502,-0.0598473400508855,0.0150970980297511,2.654122053881437
252.6315789473684,0.6089751586682435,0.5733397316376398,-19.9118,0.3337190000000001,0.38346900000000006,0.0060160000000000005,-0.0282045207122283,0.0111526539202437,2.402567853511249
253.63408521303256,0.6089753504799282,0.573339563213367,-19.884153,0.33932300000000004,0.280629,0.015997,-0.0355349035706045,0.0090408055253305,2.178956322105613
254.63659147869672,0.60897561489731,0.5733394436583132,-19.876453,0.32695799999999997,0.20099099999999992,0.032066,-0.0248360352558793,0.0078190750489346,1.9776850051255048
255.6390977443609,0.6089759124759474,0.5733393696563529,-19.883608,0.314406,0.14383499999999994,-0.003152,0.0151320046147908,0.0122696646415201,1.793133785299869
256.64160401002505,0.6089762318712005,0.5733393419056179,-19.88496,0.306357,0.1025990000000001,-0.010481,-0.0112922802604033,0.0135088484104362,1.6238892426405644
257.64411027568923,0.6089765671489498,0.5733393588353115,-19.877182,0.295445,0.07158700000000007,-0.0036090000000000002,0.0129328897572779,0.0128107167096385,1.470422458965995
258.6466165413533,0.6089769137713392,0.5733394188746378,-19.857422,0.27919799999999995,0.048374999999999835,-0.013291,0.0151320046147908,0.0122173047639604,1.332907862481607
259.64912280701753,0.6089772703421054,0.5733395218490638,-19.834255,0.26525200000000004,0.025508000000000086,0.0011050000000000018,3.4906585039886e-05,0.0090408055253305,1.2120438990474618
260.6516290726817,0.6089776319743264,0.5733396646169965,-19.824568,0.238576,0.00996700000000006,0.019574,0.0146782190092723,0.0066322511575784,1.1211994765745723
261.65413533834584,0.6089779944792121,0.5733398414188497,-19.832083,0.18486999999999987,0.00553300000000001,0.017204999999999998,0.0133517687777566,0.0064053583548191,1.0663961380619504
262.65664160401,0.6089783580312953,0.573340046320504,-19.851282,0.12926300000000013,0.011709999999999887,0.007124999999999999,0.01537635071007,0.005899212871741,1.047965548427353
263.65914786967414,0.608978722630576,0.5733402691990495,-19.870617,0.058767000000000014,0.034089999999999954,-0.008584,0.0132994089001967,0.0060911990894603,1.068508038816741
264.6616541353383,0.6089790929894433,0.573340496440918,-19.877354,-0.018075000000000063,0.06171200000000021,-0.01364,0.0148527519344717,0.0055501470213419,1.1242887442571874
265.6641604010025,0.6089794727730885,0.5733407160033379,-19.869299,-0.09508500000000009,0.08344499999999977,-0.012547,0.0121998514714403,0.0031415926535898,1.2076980117567038
266.66666666666663,0.6089798679156312,0.5733409151454056,-19.854244,-0.16101799999999988,0.08952900000000019,-0.0021079999999999988,0.0135088484104361,0.0002443460952792,1.31035834817218
267.6691729323308,0.6089802778934725,0.573341082347948,-19.84103,-0.20826,0.07806500000000005,0.007393,0.0244695161129604,-0.0031415926535898,1.4202093538394105
268.671679197995,0.6089807000886185,0.5733412127240431,-19.839748,-0.227858,0.050893999999999995,0.016561,0.0243997029428807,-0.0079761546816139,1.5283499368396871
269.6741854636591,0.6089811303122792,0.5733413036556971,-19.856224,-0.22906300000000002,0.01931499999999975,0.013073000000000001,0.0228812664936456,-0.0093898713757294,1.6280605446462455
270.6766917293233,0.6089815622812691,0.573341357586371,-19.884468,-0.21467999999999998,-0.0019890000000000185,0.008806999999999999,0.0186924762888592,-0.0097040306410884,1.712447336153219
271.6791979949875,0.6089819919813309,0.5733413780067232,-19.918264,-0.184824,-0.011569999999999858,0.0015469999999999998,0.0201236462754946,-0.0081506876068133,1.7797297090044304
272.6817042606516,0.6089824190633988,0.5733413698036758,-19.948524,-0.14777400000000002,-0.006384000000000167,-0.005538999999999999,0.0219562419900886,-0.0065798912800185,1.8268884355801471
273.6842105263158,0.6089828468435985,0.5733413399585455,-19.969572,-0.10539899999999999,0.008070000000000022,-0.011021000000000001,0.0235270383168835,-0.0035604716740684,1.855319796735257
274.68671679198,0.608983279859786,0.5733412949290508,-19.976023,-0.07053200000000001,0.02226000000000017,-0.015578,0.0216246294322097,-0.0013089969389956,1.86753718876568
275.6892230576441,0.6089837193336917,0.5733412404747782,-19.971682,-0.03906399999999999,0.031810000000000116,-0.003295,0.0196000474998963,-0.0031415926535898,1.8661933550548149
276.69172932330827,0.6089841652653154,0.5733411816571824,-19.967758,-0.00962099999999999,0.038647999999999794,0.002711,0.0113271868454431,-0.0053232542185825,1.85214345457626
277.6942355889724,0.6089846209707831,0.5733411254575805,-19.971949,0.019640999999999964,0.04204600000000003,0.009967,0.0056897733615015,-0.0063704517697793,1.8278833779735384
278.69674185463657,0.6089850831339692,0.573341073097703,-19.985594,0.04504600000000003,0.031804000000000165,0.0005849999999999987,0.0125314640293192,-0.0087091929674516,1.8191916208453145
279.69924812030075,0.6089855341270478,0.5733410240539508,-20.020781,-0.07507000000000003,-0.2034290000000003,0.030783000000000005,-0.0712094334813686,0.0071383966406568,1.9759745824585504
280.7017543859649,0.6089859245572015,0.573340949004793,-20.015049,-0.301146,-0.4262189999999999,-0.07724500000000001,0.1365196540909964,0.021258110289291,2.274757427294289
281.70426065162906,0.6089862275463596,0.573340869592312,-19.984879,-0.2708809999999999,-0.47672899999999996,0.018414,0.1020494013641084,-0.00307177948351,2.555685501522249
282.70676691729324,0.608986427212026,0.5733407571931083,-19.962168,-0.14519700000000002,-0.41516,-0.011236000000000003,0.0711570736038088,-0.00307177948351,2.7928234742571814
283.70927318295736,0.6089865415310921,0.5733405936557574,-19.936644,-0.115788,-0.35034199999999993,0.005496000000000001,0.0358490628359635,-0.0021467549799529,2.9912327130634067
284.71177944862154,0.608986604712011,0.5733404100471201,-19.912348,-0.08453099999999991,-0.29375300000000004,-0.0052809999999999975,0.0509636141582344,0.0015009831567152,-3.123685558011039
285.7142857142857,0.6089866197218425,0.5733402089851902,-19.891121,-0.06323900000000005,-0.266824,0.012503999999999998,0.0160744824108677,0.0029845130209102,-2.977008227299776
286.71679197994985,0.6089865919711074,0.5733399965786202,-19.883194,-0.03454900000000016,-0.256124,0.012683,0.0280998009571087,0.0070860367630969,-2.8463527573224328
287.719298245614,0.6089865186672788,0.5733397773652662,-19.886358,-0.007748999999999784,-0.255812,0.009982999999999999,0.0299498499642227,0.0081681408993334,-2.7307771589751235
288.7218045112781,0.6089864008575544,0.573339558326445,-19.894436,0.007428999999999908,-0.23546900000000004,-0.0015389999999999996,0.031084313978019,0.0104894288044858,-2.64171305960573
289.72431077694233,0.6089862420325924,0.5733393410329531,-19.891314,0.008483000000000018,-0.190017,-0.014218000000000001,0.0208392312688123,0.0102799892942466,-2.5782701667628105
290.7268170426065,0.6089860496973089,0.5733391263574553,-19.874897,-0.0038450000000000983,-0.14008700000000007,-0.009847,0.0287630260728665,0.0082030474843735,-2.5416706123484905
291.72932330827064,0.6089858353708767,0.5733389092384963,-19.854668,-0.03249400000000002,-0.093329,0.0019839999999999997,0.021834068942449,0.0053930673886626,-2.5307971936552724
292.7318295739348,0.6089856088271398,0.5733386846146216,-19.840385,-0.058061999999999836,-0.05871099999999996,0.005577,0.0145385926691127,0.0036477381366681,-2.545632335217592
293.734335839599,0.6089853768728822,0.5733384500423702,-19.833042,-0.08020500000000008,-0.013066000000000022,0.0050680000000000005,0.0131248759749973,0.0015184364492351,-2.5824065970900376
294.7368421052631,0.6089851470130196,0.5733382018565504,-19.83107,-0.09094500000000005,0.036502000000000034,0.0062629999999999995,0.0029321531433504,-0.0001396263401594,-2.638396881667063
295.7393483709273,0.6089849312903242,0.5733379390099651,-19.8333,-0.09474999999999989,0.08950499999999995,0.005498,-0.0057246799465414,-0.0022863813201126,-2.7084020728711407
296.7418546365915,0.6089847361625138,0.5733376613280811,-19.840675,-0.09080100000000013,0.12426100000000007,0.0023940000000000003,-0.0115889862332423,-0.0033859387488688,-2.785213768905316
297.7443609022556,0.608984570007169,0.5733373716034252,-19.850037,-0.07992399999999988,0.14496700000000007,0.0027609999999999996,-0.0084648468721724,-0.0048171087355042,-2.863125336527513
298.7468671679198,0.6089844335224215,0.573337071406794,-19.859909,-0.06946200000000013,0.15698499999999993,-0.003123,-0.0049567350756638,-0.0059690260418205,-2.938959909979959
299.749373433584,0.6089843305479956,0.573336758469259,-19.867016,-0.060242999999999824,0.16459900000000005,-0.00185,-0.0140673537710742,-0.0075398223686153,-3.009610925367152
300.7518796992481,0.6089842589894964,0.5733364362814791,-19.873699,-0.04820699999999989,0.16691999999999996,0.004503,-0.0081506876068135,-0.0090582588178504,-3.072093468242454
301.7543859649123,0.6089842186723905,0.573336107635981,-19.887194,-0.036139000000000365,0.14927700000000002,0.007802,-0.010751228192285,-0.0087266462599715,-3.124034693674608
302.7568922305764,0.6089842057569541,0.5733357737544951,-19.911047,-0.028641999999999612,0.121404,0.008657999999999999,-0.0110130275800842,-0.0069813170079773,3.1200902844716856
303.7593984962406,0.6089842134364029,0.573335435509686,-19.93936,-0.022393000000000107,0.086192,-0.0005489999999999974,-0.0103323491718064,-0.0041364303272264,3.093107406969391
304.7619047619048,0.6089842350784855,0.5733350942978173,-19.961788,-0.01933700000000016,0.059103,-0.010336000000000001,-0.0108035880698448,-0.002094395102393,3.0766141851643845
305.7644110275689,0.6089842652726816,0.5733347508170205,-19.971588,-0.018451999999999913,0.040435999999999986,-0.012832,-0.0083601271170528,-0.0018500490071138,3.069458265418038
306.76691729323306,0.6089842989575361,0.5733344047182298,-19.971121,-0.020305000000000017,0.024306000000000022,-0.006794,-0.0114842664781226,-0.0026703537555512,3.0696153974105944
307.76942355889724,0.6089843356094504,0.5733340551287807,-19.96789,-0.02383999999999986,0.0038439999999999863,0.00019499999999999986,-0.0038920842319473,-0.0043109632524258,3.0775215294826186
308.77192982456137,0.6089843715632329,0.573333702048673,-19.966045,-0.020409000000000344,-0.013655,0.002089,-0.0048171087355043,-0.0058293997016609,3.090751037946273
309.77443609022555,0.6089844047244888,0.5733333451288409,-19.969362,-0.012299999999999756,-0.022671999999999998,0.008938,-0.0086742863824118,-0.0069115038378975,3.10630204375459
310.77694235588973,0.6089844305553618,0.5733329868127455,-19.985052,-0.0033560000000001367,-0.037335999999999994,0.015593000000000001,-0.0131248759749973,-0.00609119908946,3.1234759614211667
311.77944862155385,0.608984446437858,0.5733326373978292,-20.015512,0.15385300000000024,-0.093253,0.018208,-0.00923279174305,-0.0001570796326795,-3.042789651900857
312.78195488721803,0.6089844106586082,0.5733323295217492,-20.019623,0.3132259999999998,-0.463387,-0.077794,0.0269653369433123,0.0268257106031528,-2.7472354916483823
313.7844611528822,0.6089843115239069,0.5733320764490076,-19.965492,0.33422799999999997,-0.41953100000000004,-0.024255,0.0645771823237902,0.0100007366139276,-2.484388941204621
314.78696741854634,0.6089841607274594,0.5733318924913045,-19.909838,0.34689400000000004,-0.2711729999999999,0.008243,0.018762289458939,0.008325220532013,-2.2565888115804165
315.7894736842105,0.608983923537214,0.5733317594972155,-19.86515,0.32035800000000003,-0.20182200000000017,0.021339000000000004,0.0937067275395755,-0.0005061454830783,-2.0549853758969463
316.79197994987464,0.6089836542329105,0.5733316704854237,-19.861099,0.303064,-0.15734599999999999,0.043459,0.0135786615805158,-0.0022514747350725,-1.874361530860733
317.7944862155388,0.6089833575269377,0.5733316235360667,-19.875912,0.287786,-0.13623699999999994,-0.001941,0.0488343124708013,0.0041538836197465,-1.7093925561766243
318.796992481203,0.6089830360372894,0.5733316207435399,-19.878002,0.279445,-0.09088300000000005,-0.019618,0.0494451777089993,0.0034557519189488,-1.5591029175125073
319.7994987468672,0.6089827016322048,0.5733316579190529,-19.864986,0.27064499999999997,-0.04207800000000006,-0.008488,0.0277332818141899,0.002775073510671,-1.4222862083828212
320.8020050125313,0.6089823612930007,0.5733317361098035,-19.85161,0.24975600000000003,-0.01602799999999993,0.010883,0.0414341164423453,-0.0001570796326795,-1.303341984952823
321.8045112781955,0.6089820195575331,0.5733318507779354,-19.855021,0.21894199999999997,-0.01683900000000005,0.018539,0.0378736447682769,-0.0016057029118348,-1.210804593105499
322.8070175438596,0.6089816746804729,0.5733319987818559,-19.873007,0.18292599999999992,-0.026904999999999957,0.008667999999999999,0.0283790536374277,-0.0007679448708775,-1.1470298782651904
323.8095238095238,0.6089813245674248,0.5733321764563737,-19.88909,0.14851500000000017,-0.032219999999999915,-0.008799999999999999,0.019076448724298,0.0014311699866353,-1.1129089182815044
324.812030075188,0.6089809669494611,0.5733323743767109,-19.892498,0.09984799999999994,-0.03876199999999996,-0.01295,0.0189891822616983,0.0044505895925857,-1.111548050157139
325.8145363408521,0.6089806014775159,0.5733325839907542,-19.884348,0.029584999999999972,-0.05888800000000005,-0.005379,0.0119555053761611,0.004310963252426,-1.1450932260205928
326.8170426065163,0.6089802251845291,0.573332792208534,-19.880373,-0.047708000000000084,-0.08164800000000016,0.008673,0.0024958208303518,0.0026354471705114,-1.207471380753333
327.8195488721804,0.6089798359761059,0.5733329885580748,-19.885546,-0.11486299999999994,-0.09605599999999992,0.005999,-0.0074176493209759,0.0005061454830783,-1.2917881321974234
328.8220551378446,0.6089794310597194,0.5733331616947365,-19.890495,-0.15900799999999993,-0.08723199999999975,-0.011038,-0.0080459678516938,0.0004886921905584,-1.3865593709543762
329.8245614035088,0.6089790127042978,0.573333305160801,-19.880943,-0.19212600000000002,-0.05619700000000005,-0.012709999999999999,-0.0145385926691127,-0.0012391837689158,-1.4862526825480464
330.8270676691729,0.6089785859712956,0.5733334133712147,-19.86989,-0.21592200000000006,-0.029504000000000197,0.012929999999999999,-0.0191288086018578,-0.0060562925044203,-1.5836418104632346
331.8295739348371,0.6089781566202996,0.5733334858023786,-19.878511,-0.21734099999999995,-0.022383000000000042,0.019258,-0.0088313660150913,-0.0077143552938148,-1.6716939155724442
332.83208020050125,0.608977721858783,0.5733335231524246,-19.898788,-0.194727,-0.018383000000000038,0.0007349999999999978,-0.0111875605052836,-0.0058643062867009,-1.7443870185443482
333.8345864661654,0.6089772846538053,0.5733335299592086,-19.910385,-0.163118,-0.0019049999999998235,-0.011840999999999997,-0.0099832833214075,-0.0040317105721068,-1.8003245941779638
334.8370927318296,0.6089768481469594,0.5733335123313832,-19.916616,-0.13042299999999998,0.005507000000000151,0.0034739999999999997,-0.0115017197706426,-0.0035604716740684,-1.839035770094395
335.83959899749374,0.608976410418383,0.5733334763776007,-19.929974,-0.094531,-0.009292999999999996,0.0056700000000000006,-0.0112748269678833,-0.0025830872929515,-1.86087022300928
336.84210526315786,0.6089759683264835,0.5733334271593158,-19.942638,-0.055976000000000026,-0.019141999999999992,-0.008896000000000001,-0.0097214839336084,-0.0014311699866353,-1.8655304964582
337.84461152882204,0.608975521347662,0.5733333709597138,-19.942451,-0.015548000000000006,-0.01924600000000032,-0.010988999999999999,-0.0078714349264944,-0.0019896753472734,-1.857222502325904
338.8471177944862,0.6089750705291163,0.5733333152837108,-19.93885,0.013023000000000007,-0.021646000000000054,0.006980999999999999,-0.0038222710618675,-0.0054803338512621,-1.8376397335856025
339.84962406015035,0.6089746143000497,0.5733332639710307,-19.947092,0.038322999999999996,-0.03561699999999979,0.012417000000000001,-0.0035604716740684,-0.0068416906678177,-1.8101681638927485
340.8521303258145,0.6089741596417797,0.5733332208613983,-19.9545,0.08058400000000002,0.10446199999999983,0.002135999999999999,-0.0633729051399141,-0.0140673537710742,-1.7306685560907475
341.85463659147865,0.6089737377956994,0.5733332149272787,-19.955349,0.386612,0.20795300000000028,-0.063196,0.0100705497840072,0.0244520628204405,-1.4684675505774218
342.85714285714283,0.6089733627244431,0.5733332782827305,-19.891245,0.47986399999999996,0.2774479999999999,-0.0076909999999999965,0.1619316480000339,-0.0058293997016609,-1.1751651094061144
343.859649122807,0.6089730604334167,0.5733333821298211,-19.867714,0.41370000000000007,0.25572099999999987,0.06440499999999999,0.0806691180271779,-0.0251501945212382,-0.9471553657387456
344.86215538847114,0.6089727883365864,0.573333564342195,-19.88772,0.28112800000000004,0.0900430000000001,0.019964,0.0990299817581582,-0.0176452787376626,-0.8589291116767719
345.8646616541353,0.6089725179850852,0.5733337971691171,-19.904839,0.16484699999999997,-0.001575000000000104,-0.02147,-0.0056025068989017,-0.0035604716740684,-0.8391018746681438
346.8671679197995,0.6089722486807816,0.5733340701386122,-19.892494,0.0721909999999999,0.02375000000000016,-0.034723000000000004,-0.0069115038378975,0.00617846555206,-0.8332897886326622
347.8696741854636,0.6089719785038133,0.5733343422354426,-19.852997,0.01711600000000013,0.04929199999999989,-0.019103,-0.0019373154697137,0.0093898713757296,-0.8303054501446774
348.8721804511278,0.6089717107703062,0.5733346082236206,-19.810329,0.004816999999999849,0.03667900000000013,0.01081,-0.0024958208303518,0.005846852994181,-0.8311779053311653
349.874686716792,0.6089714535087744,0.5733348675795474,-19.785767,-0.00522800000000001,0.017641999999999936,0.021214999999999998,-0.0018849555921538,0.0002967059728391,-0.8358208651139044
350.8771929824561,0.6089711983416378,0.5733351237938816,-19.779331,-0.009426999999999852,0.007222000000000062,0.011321,-0.0148702052269916,-0.0029496064358702,-0.8400440906648331
351.8796992481203,0.6089709443962316,0.5733353784374194,-19.77467,-0.015978000000000048,0.010974999999999957,-0.0074210000000000005,-0.01228711793404,-0.0052708943410229,-0.8437448344508838
352.88220551378447,0.6089706907998913,0.5733356301138977,-19.757929,-0.018378000000000005,0.024637999999999938,-0.012808,-0.0089709923552508,-0.0088662726001311,-0.8460133086928707
353.8847117794486,0.6089704424395388,0.5733358784742503,-19.733528,-0.016472000000000042,0.0345899999999999,0.002373,-0.0020594885173533,-0.0151494579073108,-0.8474274442660069
354.8872180451128,0.608970201584102,0.5733361235184772,-19.721666,-0.013365000000000071,0.025330000000000075,0.022922,-0.0069115038378975,-0.0226718269834063,-0.8497832722370566
355.8897243107769,0.6089699635211919,0.5733363664683091,-19.737125,-0.013436000000000003,0.0066870000000001095,0.025952,-0.0093375114981696,-0.0270700566984318,-0.8536054560324619
356.8922305764411,0.6089697265054796,0.5733366076728117,-19.770802,-0.016448999999999936,-0.0002990000000000492,0.007447000000000002,-0.0105417886820457,-0.0257436064669163,-0.8573754195766469
357.89473684210526,0.6089694900133659,0.5733368464338534,-19.799568,-0.018591000000000024,0.009141999999999983,-0.014744000000000004,-0.008604473212332,-0.0222354946704077,-0.8591730563463237
358.8972431077694,0.6089692554411145,0.5733370825769011,-19.811914,-0.015064999999999884,0.027271999999999963,-0.013932,-0.0090582588178505,-0.0210312174865316,-0.8602553524687774
359.8997493734336,0.6089690264539166,0.5733373159274221,-19.815908,-0.015044000000000057,0.029854000000000047,-0.0009989999999999999,-0.0074001960284559,-0.0222180413778878,-0.8630479490851386
360.90225563909775,0.6089688027027065,0.5733375461363505,-19.827734,-0.01577099999999998,0.018859999999999877,0.014648000000000001,-0.0062308254296197,-0.0245218759905203,-0.867201413825865
361.9047619047618,0.6089685813949574,0.5733377737272849,-19.857153,-0.017641000000000018,0.005367000000000122,0.01775,-0.0089360857702109,-0.024260076602721,-0.8716526317369812
362.9072681704261,0.608968360436274,0.5733379974784951,-19.9,-0.017071999999999976,-0.0005230000000000512,0.006151000000000004,-0.0054628805587422,-0.0206646983436127,-0.8750731803649165
363.90977443609023,0.6089681389539919,0.5733382207061064,-19.939085,-0.014291000000000054,0.005435000000000079,-0.012838000000000002,-0.0089535390627309,-0.0145385926691126,-0.8771153028562132
364.9122807017544,0.608967919566105,0.5733384418393226,-19.956648,-0.014832999999999874,0.020337999999999967,-0.02557,-0.0072082098107365,-0.0093026049131297,-0.8778657769812777
365.91478696741854,0.6089677041924753,0.5733386610526766,-19.953852,-0.018405000000000005,0.02639400000000003,-0.013222000000000001,-0.0045204027626653,-0.0075921822461753,-0.8785992166928439
366.91729323308266,0.6089674919604382,0.5733388762517734,-19.948664,-0.015633000000000008,0.018437000000000037,0.007808,0.0002268928027592,-0.0092327917430499,-0.8805880542820762
367.9197994987469,0.6089672889786463,0.5733390888328763,-19.957563,-0.040022,0.052159999999999984,0.015581,0.0524296907299096,-0.0102276294166867,-0.9409246450288804
368.922305764411,0.608967081982597,0.5733392898948061,-19.976753,-0.10183900000000001,-0.10100100000000012,0.003082999999999999,0.0868999434567976,-0.0062831853071794,-1.107778069159661
369.9248120300752,0.6089668659108355,0.573339476994102,-19.989799,-0.20125100000000007,-0.11635099999999987,-0.01226,0.0739496004069997,0.0042411500823462,-1.3177757880536458
370.9273182957393,0.608966638494434,0.5733396318048065,-19.978609,-0.26462600000000003,-0.07085800000000009,-0.031647,0.0094596845458092,0.0072605696882965,-1.53451075711301
371.9298245614035,0.6089663974644643,0.5733397387934898,-19.955606,-0.30195,-0.02103300000000008,0.008184999999999998,0.0254643537865972,-0.0016929693744345,-1.7462544335775183
372.9323308270676,0.6089661491041117,0.5733397911533673,-19.936834,-0.295185,-0.019422999999999968,-0.0011140000000000004,-0.0203505390782538,-0.0062133721370998,-1.9265291429501636
373.9348370927318,0.608965898649364,0.5733397937713611,-19.928699,-0.27382700000000004,0.003314000000000039,0.022721,0.0001396263401595,-0.0136310214580757,-2.0796992555584786
374.937343358396,0.6089656438312933,0.5733397499635969,-19.939575,-0.246657,0.02074100000000012,0.009345000000000001,0.0340164671213694,-0.0114144533080429,-2.210180297330377
375.9398496240601,0.6089653911076176,0.5733396674095234,-19.958149,-0.233643,0.04612699999999981,0.008315999999999999,0.0484328867428426,-0.0070860367630969,-2.325180111557453
376.9423558897243,0.6089651469360553,0.5733395502979306,-19.981884,-0.21498700000000004,0.05930400000000002,0.00485,0.0537910475464652,-0.0034382986264287,-2.4211905340833213
377.9448621553885,0.6089649135855343,0.5733394014213453,-20.00812,-0.185747,0.056407000000000096,0.0025550000000000017,0.0577354916559724,-0.0012391837689158,-2.4934471476625943
378.9473684210526,0.6089646908815217,0.5733392247940251,-20.032993,-0.15981600000000007,0.04865499999999989,-0.009425000000000003,0.0533721685259865,3.4906585040017646e-05,-2.549158092292838
379.9498746867168,0.6089644796966822,0.5733390277463525,-20.044903,-0.08205799999999996,0.07974300000000012,-0.016172,0.0390081087820732,0.0005410520681183,-2.585932074912604
380.9523809523809,0.608964281776345,0.5733388226701653,-20.040695,-0.04051399999999994,0.05370900000000001,-0.011311,0.0229859862487653,-0.0009075712110369,-2.5875030806789088
381.9548872180451,0.6089640899646602,0.573338615848649,-20.040241,-0.010402000000000022,0.0008109999999998951,0.017806000000000002,0.0327598300599335,-0.0023038346126325,-2.553416748027582
382.95739348370927,0.6089638998983047,0.5733384102488631,-20.062132,0.02489600000000003,-0.06755599999999995,0.023509,0.0483630735727628,-0.0022165681500327,-2.491544860950968
383.9598997493734,0.608963691505992,0.5733382114558614,-20.100014,0.067998,-0.11297000000000001,0.0026530000000000026,0.044313909708136,0.0013089969389958,-2.410753604782735
384.9624060150376,0.6089634578064052,0.5733380276726912,-20.12443,0.10826599999999997,-0.11806800000000006,-0.026231,0.0381878040336359,0.0056374134839416,-2.3170468248832825
385.96491228070175,0.6089631982759454,0.5733378643098732,-20.119186,0.13135399999999997,-0.10059200000000001,-0.025123,0.0542448331519837,0.0050265482457436,-2.2160967715084205
386.9674185463659,0.6089629221648577,0.573337724683533,-20.099852,0.14911200000000002,-0.0853759999999999,-0.001886999999999998,0.056007615696498,0.0012915436464757,-2.108078431368953
387.96992481203006,0.6089626294731422,0.5733376105389999,-20.092875,0.17421600000000004,-0.08505600000000002,0.022001999999999997,0.0609643507721619,-0.001815142422074,-1.994719366265092
388.97243107769424,0.608962321946128,0.5733375257159982,-20.10998,0.20231899999999997,-0.07844499999999988,0.019581,0.0565661210571362,-0.0012740903539558,-1.878061733594716
389.9749373433584,0.6089620016782101,0.5733374756250487,-20.139252,0.217079,-0.05462800000000012,-0.0003149999999999993,0.0555887366760194,0.0034732052114687,-1.7621369995838372
390.97744360902254,0.6089616728581791,0.5733374602661513,-20.154282,0.209507,-0.013041999999999998,-0.023242000000000002,0.0495149908790791,0.0092851516206098,-1.6502789001833984
391.97994987468667,0.6089613456089443,0.5733374778939767,-20.139883,0.192867,0.028915999999999942,-0.027967,0.047071529926287,0.0120078652537209,-1.543097846845992
392.9824561403509,0.6089610270863559,0.573337526065064,-20.10675,0.17791300000000002,0.05582100000000012,-0.005746000000000001,0.0480838208924437,0.0096167641784887,-1.4409959808845685
393.98496240601503,0.608960721304671,0.573337600765156,-20.081343,0.163649,0.06527499999999997,0.018932,0.0440172037352969,0.0057944931166211,-1.3463994321324484
394.9874686716792,0.6089604284384225,0.5733376983290612,-20.081465,0.14432100000000003,0.06455999999999995,0.024605000000000002,0.038152897448596,0.0050789081233035,-1.259953221921292
395.9899749373433,0.6089601481385446,0.5733378171859833,-20.098513,0.11768,0.06713100000000005,0.006337000000000001,0.0270176968208722,0.008918632477691,-1.1822512508889669
396.9924812030075,0.608959881277702,0.5733379527980662,-20.109753,0.09418199999999999,0.07675399999999999,-0.01554,0.0225147473507268,0.0142418866962736,-1.1119667022848152
397.9949874686717,0.6089596297757568,0.5733381013255855,-20.102423,0.07500799999999996,0.08761200000000002,-0.017029000000000002,0.0216595360172496,0.0170169602069447,-1.0492220807690338
398.9974937343358,0.6089593955525712,0.5733382603250804,-20.084248,0.05958599999999992,0.08686499999999997,-0.0024880000000000006,0.026145032194875,0.0167202542341058,-0.994297057900963
400.0,0.6089591761646842,0.573338426654958,-20.07197,0.04677500000000001,0.0724800000000001,0.012159000000000001,0.0239284640448422,0.0154985237577096,-0.9473822759947972
