Result Number,Result
1,"Sundaram, Suresh. ""Lexicon-free recognition strategies for online handwritten Tamil words."" PhD diss., PhD Thesis, Indian Institute of Science, 2011."
2,"Sundaram, Suresh, and A. Ramakrishnan. ""A novel hierarchical classification scheme for online Tamil character recognition."" In Ninth International Conference on Document Analysis and Recognition (ICDAR 2007), vol. 2, pp. 1218-1222. IEEE, 2007."
3,"Velhal, Shridhar, Suresh Sundaram, and Narasimman Sundararajan. ""Priority-Based DREAM Approach for Highly Manoeuvring Intruders in a Perimeter Defense Problem."" IEEE Transactions on Systems, Man, and Cybernetics: Systems (2024)."
4,"Gurunath, Prajwal, Sumanth Udupa, Aditya Gandhamal, Shrikar Madhu, Aniruddh Sikdar, and Suresh Sundaram. ""IndraEye: Infrared Electro-Optical UAV-based Perception Dataset for Robust Downstream Tasks."" arXiv preprint arXiv:2410.20953 (2024)."
5,"Sundaram, Suresh, and Gaurav Harit. Document Analysis and Recognition. 2019."
6,"Sundaram, Suresh, and A. G. Ramakrishnan. ""Two dimensional principal component analysis for online tamil character recognition."" The Proceedings of 11th ICFHR (2008): 88-94."
7,"Rao, Nishanth, Suresh Sundaram, and Varun Raghavendra. ""Computationally Light Spectrally Normalized Memory Neuron Network based Estimator for GPS-denied operation of Micro-UAV."" In 2023 9th International Conference on Control, Decision and Information Technologies (CoDIT), pp. 1894-1899. IEEE, 2023."
8,"Thontepu, Phani, Bhavya Giri Goswami, Manan Tayal, Neelaksh Singh, Shyam Sundar PI, Shyam Sundar MG, Suresh Sundaram, Vaibhav Katewa, and Shishir Kolathaya. ""Collision cone control barrier functions for kinematic obstacle avoidance in ugvs."" In 2023 Ninth Indian Control Conference (ICC), pp. 293-298. IEEE, 2023."
9,"Sikdar, Aniruddh, Jayant Teotia, and Suresh Sundaram. ""Skd-net: Spectral-based knowledge distillation in low-light thermal imagery for robotic perception."" In 2024 IEEE International Conference on Robotics and Automation (ICRA), pp. 9041-9047. IEEE, 2024."
10,"Udupa, Sumanth, Prajwal Gurunath, Aniruddh Sikdar, and Suresh Sundaram. ""Mrfp: Learning generalizable semantic segmentation from sim-2-real with multi-resolution feature perturbation."" In Proceedings of the IEEE/CVF Conference on Computer Vision and Pattern Recognition, pp. 5904-5914. 2024."
11,"Sundaram, Suresh, and Angarai Ganesan Ramakrishnan. ""An improved online Tamil character recognition engine using post-processing methods."" In 2009 10th international conference on document analysis and recognition, pp. 1216-1220. IEEE, 2009."
12,"Machingal, Pranav, Shirin Dora, Suresh Sundaram, and Qinggang Meng. ""Learning to classify faster using spiking neural networks."" In 2023 International Joint Conference on Neural Networks (IJCNN), pp. 1-8. IEEE, 2023."
13,"Dhanaprakaash, G., Bishal Jaiswal, Srikrishna Acharya, Anush Kumar, Aruul Mozhi Varman, Kavish Shah, Mohitvishnu Srinivas Gadde et al. ""Network Based Multi-Bot Awareness."" In 2021 International Conference on COMmunication Systems & NETworkS (COMSNETS), pp. 138-139. IEEE, 2021."
14,"Sundaram, Suresh, and A. G. Ramakrishnan. ""Bigram language models and reevaluation strategy for improved recognition of online handwritten Tamil words."" ACM Transactions on Asian and Low-Resource Language Information Processing (TALLIP) 14, no. 2 (2015): 1-28."
15,"Sundaram, Suresh, and A. G. Ramakrishan. ""Lexicon-free, novel segmentation of online handwritten Indic words."" In 2011 International Conference on Document Analysis and Recognition, pp. 1175-1179. IEEE, 2011."
16,"Suresh, Sundaram, S. N. Omkar, and V. Mani. ""Parallel implementation of back-propagation algorithm in networks of workstations."" IEEE Transactions on parallel and distributed systems 16, no. 1 (2005): 24-34."
17,"Gupta, Shubhankar, Saksham Sharma, and Suresh Sundaram. ""Reward-based Autonomous Online Learning Framework for Resilient Cooperative Target Monitoring using a Swarm of Robots."" Transactions on Machine Learning Research."
18,"Velhal, Shridhar, Krishna Kishore VS, and Suresh Sundaram. ""A non-iterative spatio-temporal multi-task assignments based collision-free trajectories for music playing robots."" In 2023 Ninth Indian Control Conference (ICC), pp. 275-280. IEEE, 2023."
19,"Chowdhury, Jayabrata, Suresh Sundaram, Nishanth Rao, and Narasimman Sundararajan. ""An Efficient Deep Spatio-Temporal Context Aware Decision Network (DST-CAN) for Predictive Manoeuvre Planning on Highways."" IEEE Transactions on Intelligent Transportation Systems (2025)."
20,"Mishra, Sourav, Rudrashis Majumder, and Suresh Sundaram. ""PINGS: Physics Informed Networks with Guided Supermasks for Sequential PDE Solving."" In 2024 International Joint Conference on Neural Networks (IJCNN), pp. 1-8. IEEE, 2024."
21,"Saadiyean, Qiranul, S. P. Samprithi, and Suresh Sundaram. ""Learning multi-scale context mask-rcnn network for slant angled aerial imagery in instance segmentation in a sim2real setup."" In 2024 IEEE International Conference on Robotics and Automation (ICRA), pp. 13573-13580. IEEE, 2024."
22,"Vidyadhara, B. V., Lima Agnel Tony, Mohitvishnu S. Gadde, Shuvrangshu Jana, V. P. Varun, Aashay Anil Bhise, Suresh Sundaram, and Debasish Ghose. ""Design and integration of a drone based passive manipulator for capturing flying targets."" Robotica 40, no. 7 (2022): 2349-2364."
23,"Maya, Neethu, Bala Kameshwar Poolla, Seshadhri Srinivasan, Narasimhan Sundararajan, and Suresh Sundaram. ""A Fast Dynamic Internal Predictive Power Scheduling Approach for Power Management in Microgrids."" In 2024 IEEE PES Innovative Smart Grid Technologies-Asia (ISGT Asia), pp. 1-6. IEEE, 2024."
24,"Thontepu, Phani, Bhavya Giri Goswami, Manan Tayal, Neelaksh Singh, Shyamsundar PI, Suresh Sundaram, Vaibhav Katewa, and Shishir Kolathaya. ""Control barrier functions in ugvs for kinematic obstacle avoidance: A collision cone approach."" arXiv preprint arXiv:2209.11524 (2022)."
25,"Gautam, Chandan, Sethupathy Parameswaran, Ashish Mishra, and Suresh Sundaram. ""Generalized continual zero-shot learning."" arXiv preprint arXiv:2011.08508 (2020)."
26,"Mishra, Sourav, Shreya Hallikeri, and Suresh Sundaram. ""REAct: Rational Exponential Activation for Better Learning and Generalization in PINNs."" In ICASSP 2025-2025 IEEE International Conference on Acoustics, Speech and Signal Processing (ICASSP), pp. 1-5. IEEE, 2025."
27,"John, Josy, and Suresh Sundaram. ""Genetic Algorithm-based Routing and Scheduling for Wildfire Suppression using a Team of UAVs."" In 2024 IEEE Congress on Evolutionary Computation (CEC), pp. 1-8. IEEE, 2024."
28,"Sundaram, Suresh, and A. G. Ramakrishnan. ""Attention-feedback based robust segmentation of online handwritten isolated Tamil words."" ACM Transactions on Asian Language Information Processing (TALIP) 12, no. 1 (2013): 1-25."
29,"Rao, Nishanth, and Suresh Sundaram. ""Integrated decision control approach for cooperative safety-critical payload transport in a cluttered environment."" IEEE Transactions on Aerospace and Electronic Systems 59, no. 6 (2023): 8800-8811."
30,"Velhal, Shridhar, Suresh Sundaram, and Narasimhan Sundararajan. ""Dynamic resource allocation with decentralized multi-task assignment approach for perimeter defense problem."" IEEE Transactions on Aerospace and Electronic Systems 58, no. 4 (2022): 3313-3325."
31,"Chowdhury, Jayabrata, Venkataramanan Shivaraman, Sumit Dangi, Suresh Sundaram, and P. B. Sujit. ""Deep Attention Driven Reinforcement Learning (DAD-RL) for Autonomous Decision-Making in Dynamic Environment."" In 2024 IEEE International Conference on Systems, Man, and Cybernetics (SMC), pp. 3863-3868. IEEE, 2024."
32,"Gautam, Chandan, Sethupathy Parameswaran, Vinay Verma, Suresh Sundaram, and Savitha Ramasamy. ""Refinement matters: Textual description needs to be refined for zero-shot learning."" In Findings of the Association for Computational Linguistics: EMNLP 2022, pp. 6127-6140. 2022."
33,"Sikdar, Aniruddh, Sumanth Udupa, Prajwal Gurunath, and Suresh Sundaram. ""Deepmao: Deep multi-scale aware overcomplete network for building segmentation in satellite imagery."" In Proceedings of the IEEE/CVF Conference on Computer Vision and Pattern Recognition, pp. 487-496. 2023."
34,"Sikdar, Aniruddh, Qiranul Saadiyean, Prahlad Anand, and Suresh Sundaram. ""SSL-RGB2IR: Semi-supervised RGB-to-IR Image-to-Image Translation for Enhancing Visual Task Training in Semantic Segmentation and Object Detection."" In 2024 IEEE/RSJ International Conference on Intelligent Robots and Systems (IROS), pp. 5017-5023. IEEE, 2024."
35,"Jeyasothy, Abeegithan, Sundaram Suresh, Savitha Ramasamy, and Narasimhan Sundararajan. ""Development of a novel transformation of spiking neural classifier to an interpretable classifier."" IEEE Transactions on Cybernetics 54, no. 1 (2022): 3-12."
36,"Vidyadhara, B. V., Lima Agnel Tony, Mohitvishnu S. Gadde, Shuvrangshu Jana, V. P. Varun, A. Bhise, Suresh Sundaram, and Debasish Ghose. ""Design iterations for passive aerial manipulator."" arXiv preprint (2021)."
37,"Mishra, Sourav, and Suresh Sundaram. ""A memory-free evolving bipolar neural network for efficient multi-label stream learning."" In ICASSP 2023-2023 IEEE International Conference on Acoustics, Speech and Signal Processing (ICASSP), pp. 1-5. IEEE, 2023."
38,"JD, Poornima, Raghu Krishnapuram, Mukunda Bharatheesha, Bharadwaj Amrutur, and Suresh Sundaram. ""Robust and Scalable Indoor Robot Localization Based on Fusion of Infrastructure Camera Feeds and On-Board Sensors."" In Proceedings of the 2023 6th International Conference on Advances in Robotics, pp. 1-7. 2023."
39,"Maya, Neethu, Narasimman Sundararajan, and Suresh Sundaram. ""An Optimal Multi-Path Power Routing and Transmission Scheduling Approach for Peer-to-Peer Power Trading in Energy Internet."" In 2024 IEEE International Conference on Systems, Man, and Cybernetics (SMC), pp. 2447-2452. IEEE, 2024."
40,"Chowdhury, Jayabrata, Venkataramanan Shivaraman, Suresh Sundaram, and P. B. Sujit. ""Graph-based Prediction and Planning Policy Network (GP3Net) for scalable self-driving in dynamic environments using Deep Reinforcement Learning."" In Proceedings of the AAAI Conference on Artificial Intelligence, vol. 38, no. 10, pp. 11606-11614. 2024."
41,"Debarshi, Sauranil, Suresh Sundaram, and Narasimhan Sundararajan. ""Robust EMRAN-aided coupled controller for autonomous vehicles."" Engineering Applications of Artificial Intelligence 110 (2022): 104717."
42,"Gautam, Chandan, Sethupathy Parameswaran, Ashish Mishra, and Suresh Sundaram. ""Online lifelong generalized zero-shot learning."" arXiv preprint arXiv:2103.10741 (2021)."
43,"Sharma, Saksham, Akshit Raizada, and Suresh Sundaram. ""IRisPath: Enhancing Off-Road Navigation with Robust IR-RGB Fusion for Improved Day and Night Traversability."" arXiv preprint arXiv:2412.03173 (2024)."
44,"Aradhya, Abhay MS, Aditya Joglekar, Sundaram Suresh, and Mahardhika Pratama. ""Deep transformation method for discriminant analysis of multi-channel resting state fMRI."" In Proceedings of the AAAI conference on artificial intelligence, vol. 33, no. 01, pp. 2556-2563. 2019."
45,"Mishra, Sourav, Shirin Dora, and Suresh Sundaram. ""Towards Improved Imbalance Robustness in Continual Multi-Label Learning with Dual Output Spiking Architecture (DOSA)."" arXiv preprint arXiv:2402.04596 (2024)."
46,"Gadde, Chaitanyavishnu S., Mohitvishnu S. Gadde, Nishant Mohanty, and Suresh Sundaram. ""Fast obstacle avoidance motion in small quadcopter operation in a cluttered environment."" In 2021 IEEE International Conference on Electronics, Computing and Communication Technologies (CONECCT), pp. 1-6. IEEE, 2021."
47,"Gautam, Chandan, Sethupathy Parameswaran, Ashish Mishra, and Suresh Sundaram. ""Generative replay-based continual zero-shot learning."" In Towards Human Brain Inspired Lifelong Learning, pp. 73-100. 2024."
48,"Harikumar, K., J. Senthilnath, and Suresh Sundaram. ""Mission aware motion planning (MAP) framework with physical and geographical constraints for a swarm of mobile stations."" IEEE transactions on cybernetics 50, no. 3 (2019): 1209-1219."
49,"Majumder, Rudrashis, Rajini Makam, Pruthviraj Mane, Bharathwaj KS, and Suresh Sundaram. ""Safe navigation of autonomous underwater vehicles using physics-informed neural networks."" In OCEANS 2024-Singapore, pp. 1-6. IEEE, 2024."
50,"Kulkarni, Eeshan, Narasimhan Sundararajan, and Suresh Sundaram. ""Heli-quad design for full-attitude fault-tolerant control under complete failure of an actuator."" Unmanned Systems 12, no. 06 (2024): 1001-1022."
51,"Pushpangathan, Jinraj V., Harikumar Kandath, Suresh Sundaram, and Narasimhan Sundararajan. ""Robust simultaneously stabilizing decoupling output feedback controllers for unstable adversely coupled nano air vehicles."" IEEE Transactions on Systems, Man, and Cybernetics: Systems 52, no. 2 (2020): 1003-1013."
52,"Dan, Mainak, Seshadhri Srinivasan, Suresh Sundaram, Arvind Easwaran, and Luigi Glielmo. ""A scenario-based branch-and-bound approach for MES scheduling in urban buildings."" IEEE Transactions on Industrial Informatics 16, no. 12 (2020): 7510-7520."
53,"Choudhury, Himakshi, Subhasis Mandal, Sanjeevan Devnath, SR Mahadeva Prasanna, and Suresh Sundaram. ""Combining HMM and SVM based stroke classifiers for online Assamese handwritten character recognition."" In 2015 Annual IEEE India Conference (INDICON), pp. 1-6. IEEE, 2015."
54,"Makam, Rajini, Nadav Cohen, Sumukh Shadakshari, Srinivasa Puranika Bhatta, Itzik Klein, and Suresh Sundaram. ""Performance Analysis of Spatial and Temporal Learning Networks in the Presence of DVL Noise."" arXiv preprint arXiv:2503.05309 (2025)."
55,"Pushpangathan, Jinraj V., Harikumar Kandath, Suresh Sundaram, and Narasimhan Sundararajan. ""Gap Reduced Minimum Error Robust Simultaneous Estimation For Unstable Nano Air Vehicle."" arXiv preprint arXiv:2012.06756 (2020)."
56,"Chowdhury, Jayabrata, Suresh Sundaram, Nishanth Rao, and Narasimhan Sundararajan. ""An efficient Deep Spatio-Temporal Context Aware decision Network (DST-CAN) for Predictive Manoeuvre Planning."" arXiv preprint arXiv:2205.10092 (2022)."
57,"Aradhya, Abhay MS, Suresh Sundaram, and Mahardhika Pratama. ""Metaheuristic spatial transformation (MST) for accurate detection of attention deficit hyperactivity disorder (ADHD) using rs-fMRI."" In 2020 42nd Annual International Conference of the IEEE Engineering in Medicine & Biology Society (EMBC), pp. 2829-2832. IEEE, 2020."
58,"Subramanian, Kartick, Venkatesh Babu Radhakrishnan, and Suresh Sundaram. ""An optical flow feature and McFIS based approach for 3-dimensional human action recognition."" In 2014 IEEE Ninth International Conference on Intelligent Sensors, Sensor Networks and Information Processing (ISSNIP), pp. 1-6. IEEE, 2014."
59,"Subramanian, K., Sundaram Suresh, and R. Venkatesh Babu. ""Meta-cognitive neuro-fuzzy inference system for human emotion recognition."" In The 2012 International Joint Conference on Neural Networks (IJCNN), pp. 1-7. IEEE, 2012."
60,"Sen, Amrik, Gopal Ananthakrishnan, Suresh Sundaram, and A. G. Ramakrishnan. ""Dynamic space warping of strokes for recognition of online handwritten characters."" International journal of pattern recognition and artificial intelligence 23, no. 05 (2009): 925-943."
61,"Bera, Titas, Debasish Ghose, and Sundaram Suresh. ""Asymptotic optimality of rapidly exploring random tree."" arXiv preprint arXiv:1707.03976 (2017)."
62,"Chowdhury, Jayabrata, Suresh Sundaram, Vishruth Veerendranath, and Narasimhan Sundararajan. ""Predictive Planning Policy Network for Safe and Comfortable Driving Using Deep Reinforcement Learning for Autonomous Vehicles."" Available at SSRN 4954704."
63,"Gupta, Shubhankar, and Suresh Sundaram. ""Moving-landmark assisted distributed learning based decentralized cooperative localization (DL-DCL) with fault tolerance."" In Proceedings of the AAAI Conference on Artificial Intelligence, vol. 37, no. 5, pp. 6175-6182. 2023."
64,"Sundaram, Suresh, Bhargava Urala K, and A. G. Ramakrishnan. ""Language models for online handwritten Tamil word recognition."" In Proceeding of the workshop on document analysis and recognition, pp. 42-48. 2012."
65,"Senthilnath, J., K. Harikumar, and Suresh Sundaram. ""Metacognitive Decision-Making Framework for Multi-UAV Target Search Without Communication."" IEEE Transactions on Systems, Man, and Cybernetics: Systems 54, no. 5 (2024): 3195-3206."
66,"Reddy, Nirup, R. Kandan, K. Shashikiran, Suresh Sundaram, and Angarai Ganesan Ramakrishnan. ""Online character recognition using regression techniques."" In 2008 IEEE Workshop on Applications of Computer Vision, pp. 1-6. IEEE, 2008."
67,"Samanta, Subhrajit, Mahardhika Pratama, Suresh Sundaram, and Narasimalu Srikanth. ""A dual network solution (DNS) for lag-free time series forecasting."" In 2020 international joint conference on neural networks (IJCNN), pp. 1-8. IEEE, 2020."
68,"Choudhury, Himakshi, Subhasis Mandal, Sanjeevan Devnath, S. R. M. Prasanna, and Suresh Sundaram. ""Comparison of Assamese character recognizer using stroke level and character level engines."" In 2015 Twenty First National Conference on Communications (NCC), pp. 1-6. IEEE, 2015."
69,"Rao, Nishanth, and Suresh Sundaram. ""An Input–Output Feedback Linearization-Based Exponentially Stable Controller for Multi-UAV Payload Transport."" Unmanned Systems 13, no. 02 (2025): 521-539."
70,"Sikdar, Aniruddh, Sumanth Udupa, and Suresh Sundaram. ""Fully complex-valued deep learning model for visual perception."" In ICASSP 2023-2023 IEEE International Conference on Acoustics, Speech and Signal Processing (ICASSP), pp. 1-5. IEEE, 2023."
71,"Velhal, Shridhar, Mukunda Bharatheesha, and Suresh Sundaram. ""A dynamic heterogeneous team-based non-iterative approach for online pick-up and just-in-time delivery problems."" arXiv preprint arXiv:2304.07124 (2023)."
72,"John, Josy, Shridhar Velhal, and Suresh Sundaram. ""A Resource-Efficient Decentralized Sequential Planner for Spatiotemporal Wildfire Mitigation."" IEEE Transactions on Automation Science and Engineering (2025)."
73,"Udupa, Sumanth, Aniruddh Sikdar, and Suresh Sundaram. ""Multi-modal domain fusion for multi-modal aerial view object classification."" arXiv preprint arXiv:2212.07039 (2022)."
74,"Kulkarni, Eeshan, and Suresh Sundaram. ""Heliquad for Mid-Flight Flipping and Full-Attitude Control Under the Complete Actuator Failure."" IEEE/ASME Transactions on Mechatronics (2025)."
75,"Velhal, Shridhar, and Suresh Sundaram. ""Restricted Airspace Protection using Multi-UAV Spatio-TemporalMulti-Task Allocation."" arXiv preprint arXiv:2011.11247 (2020)."
76,"Periasamy, Mariappan, Pothiappan Vairaprakash, G. P. Muthukumaragopal, Shaik Anwar, Surisetti Suresh, Meda Narsi Reddy, Meduri Padmaja et al. ""Convenient methods for the synthesis of chiral amino alcohols and amines."" Chimia 67, no. 1-2 (2013): 23-23."
77,"Velhal, Shridhar, Suresh Sundaram, and Narasimhan Sundararajan. ""A decentralized multi-uav spatio-temporal multi-task allocation approach for perimeter defense."" arXiv preprint arXiv:2102.07381 (2021)."
78,"Sikdar, Aniruddh, Jayant Teotia, and Suresh Sundaram. ""Contrastive Learning-Based Spectral Knowledge Distillation for Multi-Modality and Missing Modality Scenarios in Semantic Segmentation."" arXiv preprint arXiv:2312.02240 (2023)."
79,"Makam, Rajini, Pruthviraj Mane, Suresh Sundaram, and P. B. Sujit. ""A comprehensive study on modelling and control of autonomous underwater vehicle."" arXiv preprint arXiv:2312.02690 (2023)."
80,"Sarkar, A. K., S. Vathsal, Suresh Sundaram, and S. Mukhopadhay. ""Target acceleration estimation from radar position data using neural network."" Defence Science Journal 55, no. 3 (2005): 313."
81,"Kulkarni, Eeshan, and Suresh Sundaram. ""Variable-Pitch-Propeller Mechanism Design, and Development of Heliquad for Mid-flight Flipping and Fault-Tolerant-Control."" arXiv preprint arXiv:2404.05591 (2024)."
82,"Majumder, Rudrashis, Sri Siddarth Chakaravarthy, Suresh Sundaram, and Hemanth Patel. ""OA-PINN: Efficient Obstacle Avoidance for Autonomous Vehicle Safety with Physics-Informed Neural Networks."" In 2024 IEEE International Conference on Electronics, Computing and Communication Technologies (CONECCT), pp. 1-6. IEEE, 2024."
83,"Jana, Ravi Kiran, Rudrashis Majumder, and Suresh Sundaram. ""Safe Deep Reinforcement Learning-Based Controller (SDRLC) for Autonomous Navigation of Planetary Rovers."" In 2024 IEEE Space, Aerospace and Defence Conference (SPACE), pp. 799-803. IEEE, 2024."
84,"Mane, Pruthviraj, Allen Jacob George, Rajini Makam, Rudrashis Majumder, and Suresh Sundaram. ""EROAS: 3D Efficient Reactive Obstacle Avoidance System for Autonomous Underwater Vehicles using 2.5 D Forward-Looking Sonar."" arXiv preprint arXiv:2411.05516 (2024)."
85,"Ramamoorthy, Hariprasauth, Shubhankar Gupta, and Suresh Sundaram. ""Distributed Online Life-Long Learning (DOL3) for Multi-agent Trust and Reputation Assessment in E-commerce."" arXiv preprint arXiv:2410.16529 (2024)."
86,"Chowdhury, Jayabrata, Venkataramanan Shivaraman, Sumit Dangi, Suresh Sundaram, and P. B. Sujit. ""Deep Attention Driven Reinforcement Learning (DAD-RL) for Autonomous Vehicle Decision-Making in Dynamic Environment."" arXiv e-prints (2024): arXiv-2407."
87,"Mishra, Sourav, Shirin Dora, and Suresh Sundaram. ""Improved Imbalance Resilience in Continual Multi-Label Classification with Adaptive Margin Spiking Neural Networks."" In 2024 IEEE International Conference on Systems, Man, and Cybernetics (SMC), pp. 1592-1597. IEEE, 2024."
88,"Rao, Nishanth, Suresh Sundaram, and Pushpak Jagtap. ""Temporal Waypoint Navigation of Multi-UAV Payload System using Barrier Functions."" In 2023 European Control Conference (ECC), pp. 1-6. IEEE, 2023."
89,"Kulkarni, Eeshan, and Suresh Sundaram. ""Design and Development of Scissorbot: A Novel Mid-Flight-Span-Reducing Quadcopter."" Journal of Mechanisms and Robotics 17, no. 6 (2025)."
90,"Samanta, Subhrajit, Mahardhika Pratama, and Suresh Sundaram. ""Bayesian neuro-fuzzy inference system for temporal dependence estimation."" IEEE Transactions on Fuzzy Systems 29, no. 9 (2020): 2479-2490."
91,"Mishra, Sourav, Rajini Makam, and Suresh Sundaram. ""Data-Driven Coefficient Estimation for Autonomous Underwater Vehicle Depth Subsystem."" In 2024 IEEE International Conference on Systems, Man, and Cybernetics (SMC), pp. 5258-5263. IEEE, 2024."
92,"Thousif, Mohammed, Shridhar Velhal, Suresh Sundaram, and Shirin Dora. ""A Decentralized Spike-based Learning Framework for Sequential Capture in Discrete Perimeter Defense Problem."" arXiv preprint arXiv:2305.16748 (2023)."
93,"Chowdhury, Jayabrata, Vishruth Veerendranath, Suresh Sundaram, and Narasimhan Sundararajan. ""Predictive Maneuver Planning with Deep Reinforcement Learning (PMP-DRL) for comfortable and safe autonomous driving."" arXiv preprint arXiv:2306.09055 (2023)."
94,"Li, Xiaoli, Savitha Ramasamy, ArulMurugan Ambikapathi, Suresh Sundaram, and Haytham M. Fayek, eds. Towards Human Brain Inspired Lifelong Learning. World Scientific, 2024."
95,"Rashid, Shamima, Suresh Sundaram, and Chee Keong Kwoh. ""Empirical study of protein feature representation on deep belief networks trained with small data for secondary structure prediction."" IEEE/ACM Transactions on Computational Biology and Bioinformatics 20, no. 2 (2022): 955-966."
96,"Continual, Generative Replay-Based, Zero-Shot Learning, Chandan Gautam, Sethupathy Parameswaran¹¹, Ashish Mishra, and Suresh Sundaram. ""2024 World Scientific Publishing Company."" Towards Human Brain Inspired Lifelong Learning (2024): 73."
97,"Kant, J. Krishna, Mahankali Sripaad, Anand Bharadwaj, V. S. Rajashekhar, and Suresh Sundaram. ""An Autonomous Hybrid Drone-Rover Vehicle for Weed Removal and Spraying Applications in Agriculture."" In 2023 IEEE International Conference on Agrosystem Engineering, Technology & Applications (AGRETA), pp. 92-97. IEEE, 2023."
98,"Samanta, Subhrajit, Andre Hartanto, Mahardhika Pratama, Suresh Sundaram, and Narasimalu Srikanth. ""Rit2fis: A recurrent interval type 2 fuzzy inference system and its rule base estimation."" In 2019 International Joint Conference on Neural Networks (IJCNN), pp. 1-8. IEEE, 2019."
99,"Makam, Rajini, M. P. Pramuk, Samuel Thomas, and Suresh Sundaram. ""Spectrally Normalized Memory Neuron Network Based Navigation for Autonomous Underwater Vehicles in DVL-Denied Environment."" In OCEANS 2024-Singapore, pp. 1-6. IEEE, 2024."
100,"Mukherjee, Indrajit, and Suresh Sundaram. ""Structural and Aerodynamic Modeling of a Flapping Wing Structure."" In 54th AIAA/ASME/ASCE/AHS/ASC Structures, Structural Dynamics, and Materials Conference, p. 1710. 2013."
101,"BV, Vidyadhara, Lima Agnel Tony, Mohitvishnu S. Gadde, Shuvrangshu Jana, Aashay Anil Bhise, Suresh Sundaram, and Debasish Ghose. ""Design Iterations for Passive Aerial Manipulator."" arXiv preprint arXiv:2102.08306 (2021)."
102,"Gupta, Shubhankar, and Suresh Sundaram. ""Decentralized Distributed Expert Assisted Learning (D2EAL) approach for cooperative target-tracking."" arXiv preprint arXiv:2209.11113 (2022)."
103,"Mishra, Sourav, and Suresh Sundaram. ""Self Regulated Learning Mechanism for Data Efficient Knowledge Distillation."" In 2021 International Joint Conference on Neural Networks (IJCNN), pp. 1-8. IEEE, 2021."
104,"Shridhar Velhal, Krishna Kishore VS, and Suresh Sundaram. ""A Non-iterative Spatio-temporal Multi-task Assignments based Collision-free Trajectories for Music Playing Robots."""
105,"Mohanty, Nishant, and Suresh Sundaram. ""Scaffolding reflection in reinforcement learning framework for confinement escape problem."" arXiv preprint arXiv:2011.06764 (2020)."
106,"Mishra, Sourav, Suresh Sundaram, and Mohammed Thousif Pagala. ""A Neuro-Inspired Approach for Continual Multi-Label Learning with Evolving Spiking Networks."" Available at SSRN 4930029."
107,"Mohanty, Nishant, Mohitvishnu S. Gadde, Suresh Sundaram, Narasimhan Sundararajan, and P. B. Sujit. ""Context-aware deep q-network for decentralized cooperative reconnaissance by a robotic swarm."" arXiv preprint arXiv:2001.11710 (2020)."
108,"Bhattacharya, Nishant, and Suresh Sundaram. ""CGAP2: Context and gap aware predictive pose framework for early detection of gestures."" arXiv preprint arXiv:2011.09216 (2020)."
109,"Bhattacharya, Nishant, and Suresh Sundaram. ""Early Detection of Gestures using Context-and-Gap-aware Predictive Pose Framework."" World Scientific Annual Review of Artificial Intelligence 1 (2023): 2250002."
110,"Ramakrishnan, A. G., and Suresh Sundaram. ""Neuroscience inspired segmentation of handwritten words."""
111,"Ramamoorthy, Hariprasauth, Rajkumar Vaidyanathan, and Suresh Sundaram. ""Enhancing Graph Clustering in Dynamic Networks with Distributed Online Life-Long Learning."""
112,"Gautam, Chandan, Aruna Tiwari, Sundaram Suresh, and Kapil Ahuja. ""Online learning with regularized kernel for one-class classification."" arXiv preprint arXiv:1701.04508 (2017)."
113,"Pushpangathan, Jinraj V., Harikumar Kandath, and Suresh Sundaram. ""Robust simultaneous stabilization and decoupling of unstable adversely coupled uncertain resource constraints plants of a nano air vehicle."" arXiv preprint arXiv:1905.00324 (2019)."
114,"Debarshi, Sauranil, Suresh Sundaram, and Narasimhan Sundararajan. ""Robust EMRAN based Neural Aided Learning Controller for Autonomous Vehicles."" CoRR (2021)."
115,"Ramakrishnan, A. G., and Suresh Sundaram. ""Resolving Ambiguities in Confused Online Tamil Characters with Post Processing Algorithms."" In Pattern Recognition and Machine Intelligence: Third International Conference, PReMI 2009 New Delhi, India, December 16-20, 2009 Proceedings 3, pp. 406-413. Springer Berlin Heidelberg, 2009."
116,"Jeyasothy, Abeegithan, Shirin Dora, Suresh Sundaram, and Narasimhan Sundararajan. ""Supervised learning using spiking neural networks."" In HANDBOOK ON COMPUTER LEARNING AND INTELLIGENCE: Volume 2: Deep Learning, Intelligent Control and Evolutionary Computation, pp. 423-465. 2022."
117,"Thousif, Mohammed, Shridhar Velhal, Suresh Sundaram, and Narasimhan Sundararajan. ""Development of a Centralized Conflict free Greedy Assignment Learning Spiking neural network For Solving A Perimeter Defense Problem."" Unmanned Systems (2025)."
118,"Kulkarni, Eeshan, and Suresh Sundaram. ""Full Attitude Intelligent Controller Design of a Heliquad under Complete Failure of an Actuator."" arXiv preprint arXiv:2011.07529 (2020)."
119,"Jeyasothy, Abeegithan, Savitha Ramasamy, and Suresh Sundaram. ""Efficient single input-output layer spiking neural classifier with time-varying weight model."" arXiv preprint arXiv:1904.10400 (2019)."
120,"Aradhya, Abhay MS, Gaurav Sharma, Mahardhika Pratama, and Suresh Sundaram. ""Adaptive Latent Transformation (ALT) for classification of resting state-fMRI."" In 2022 IEEE Symposium Series on Computational Intelligence (SSCI), pp. 206-210. IEEE, 2022."
121,"Subramanian, Kartick, Suresh Sundaram, and R. Venkatesh Babu. ""3-D Optical Flow based Human Action Recognition with Meta-Cognitive Neuro-Fuzzy Inference System."""
122,"Pagala, Mohammed Thousif, Shirin Dora, and Suresh Sundaram. ""A Particle Swarm Optimization Based Interpretable Spiking Neural Classifier with Time Varying Weights."" Available at SSRN 4719907 (2011)."
123,"OC, Garima Jindal, Arindam Khan CSA, Viraj Kumar, Y. Narahari CSA, Danish Pruthi CDC Ramsharan Rangarajan, and Suresh Sundaram AE. ""Emerging AI Tools for Education and Research: Perspective and Policies for IISc."""
124,"Thousif, P. Md, V. Sundaram Suresh, and Shirin Dora. ""A Gaussian Mixture Synapse Model for Time Varying Weight Spiking Neural Classifier."" In 2024 International Joint Conference on Neural Networks (IJCNN), pp. 1-8. IEEE, 2024."
125,"Aradhya, VN Manjunath, V. N. Manjunath, Mahmud Aradhya, and S. Srinath. Cognitive Computing and Information Processing. 2024."
126,"Nethravathi, B., C. P. Archana, K. Shashikiran, and Ramakrishnan AG. ""Creation of a huge annotated database for Tamil and Kannada OHR."" In 2010 12th International Conference on Frontiers in Handwriting Recognition, pp. 415-420. IEEE, 2010."
127,"Arora, Chetan, and Kaushik Mitra. Computer Vision Applications. Springer Singapore, 2019."
128,"Kiran, Shashi, Suresh Sundaram Rituraj, Swapnil Belhe, and A. G. Ramakrishnan. ""Automated Processing of Census Forms in Tamil."""
129,"Thilagam, P. Santhi, Alwyn Roshan Pais, K. Chandrasekaran, and VINOD KRISHAN, eds. Advanced Computing, Networking and Security: International Conference, ADCONS 2011, Surathkal, India, December 16-18, 2011, Revised Selected Papers. Vol. 7135. Springer Science & Business Media, 2012."
130,"Bhise, Suresh Sundaram, and Debasish Ghose. ""Design and Integration of a Drone based Passive Manipulator for Capturing Flying Targets Vidyadhara BV, Lima Agnel Tony1, Mohitvishnu S. Gadde1, Shuvrangshu Jana1, Varun VP 2, Aashay Anil."" arXiv preprint arXiv:2102.11662 (2021)."
131,"Pais, P. Santhi Thilagam Alwyn Roshan, and K. Chandrasekaran N. Balakrishnan. ""Advanced Computing, Networking and Security."""
132,"Subramanian, S., S. Suwas, R. Ranjan, and P. Kumar. ""Platinum years of metallurgical and materials education and research—the IISc Saga."" In Indian Metallurgy: The Platinum Years, pp. 333-363. Singapore: Springer Nature Singapore, 2023."
133,"Gopalakrishnan, Karthik. Learning Paradigms for the Identification of Elastic Properties of Composites Using Ultrasonic Guided Waves. Michigan State University, 2020."
134,"Satapathy, Suresh Chandra, Vikrant Bhateja, and Swagatam Das. ""Smart computing and informatics."" In Proceedings of the First International Conference on SCI, vol. 1. 2016."
