Authors,Title,Journal,Year
"Pushpangathan, Jinraj V.",Robust simultaneously stabilizing decoupling output feedback controllers for unstable adversely coupled nano air vehicles.,,1013
"Kulkarni, Eeshan, Narasimhan Sundararajan, and Suresh Sundaram.",Heli-quad design for full-attitude fault-tolerant control under complete failure of an actuator.,,1022
"Harikumar, K.",Mission aware motion planning (MAP) framework with physical and geographical constraints for a swarm of mobile stations.,,1219
"Sundaram, Suresh, and A.",A novel hierarchical classification scheme for online Tamil character recognition.,Ninth International Conference on Document Analysis and Recognition (ICDAR 2007),2007
"Reddy, Nirup, R.",Online character recognition using regression techniques.,2008 IEEE Workshop on Applications of Computer Vision,2008
"Sundaram, Suresh, and Angarai Ganesan Ramakrishnan.",An improved online Tamil character recognition engine using post-processing methods.,2009 10th international conference on document analysis and recognition,2009
"Ramakrishnan, A.",Resolving Ambiguities in Confused Online Tamil Characters with Post Processing Algorithms.,Pattern Recognition and Machine Intelligence: Third International Conference,2009
"Nethravathi, B.",Creation of a huge annotated database for Tamil and Kannada OHR.,2010 12th International Conference on Frontiers in Handwriting Recognition,2010
"Sundaram, Suresh.",Lexicon-free recognition strategies for online handwritten Tamil words.,,2011
"Sundaram, Suresh, and A.","Lexicon-free, novel segmentation of online handwritten Indic words.",2011 International Conference on Document Analysis and Recognition,2011
"Pagala, Mohammed Thousif, Shirin Dora, and Suresh Sundaram.",A Particle Swarm Optimization Based Interpretable Spiking Neural Classifier with Time Varying Weights.,,2011
"Subramanian, K.",Meta-cognitive neuro-fuzzy inference system for human emotion recognition.,The 2012 International Joint Conference on Neural Networks (IJCNN),2012
"Sundaram, Suresh, Bhargava Urala K, and A.",Language models for online handwritten Tamil word recognition.,Proceeding of the workshop on document analysis and recognition,2012
"Thilagam, P.","Santhi, Alwyn Roshan Pais, K. Chandrasekaran, and VINOD KRISHAN, eds. Advanced Computing, Networking and Security: International Conference, ADCONS 2011, Surathkal, India, December 16-18, 2011, Revised Selected Papers. Vol. 7135. Springer Science & Business Media,",,2012
"Mukherjee, Indrajit, and Suresh Sundaram.",Structural and Aerodynamic Modeling of a Flapping Wing Structure.,54th AIAA/ASME/ASCE/AHS/ASC Structures,2013
"Subramanian, Kartick, Venkatesh Babu Radhakrishnan, and Suresh Sundaram.",An optical flow feature and McFIS based approach for 3-dimensional human action recognition.,2014 IEEE Ninth International Conference on Intelligent Sensors,2014
"Choudhury, Himakshi, Subhasis Mandal, Sanjeevan Devnath, SR Mahadeva Prasanna, and Suresh Sundaram.",Combining HMM and SVM based stroke classifiers for online Assamese handwritten character recognition.,2015 Annual IEEE India Conference (INDICON),2015
"Choudhury, Himakshi, Subhasis Mandal, Sanjeevan Devnath, S.",Comparison of Assamese character recognizer using stroke level and character level engines.,2015 Twenty First National Conference on Communications (NCC),2015
"Satapathy, Suresh Chandra, Vikrant Bhateja, and Swagatam Das.",Smart computing and informatics.,Proceedings of the First International Conference on SCI,2016
"Bera, Titas, Debasish Ghose, and Sundaram Suresh.",Asymptotic optimality of rapidly exploring random tree.,,2017
"Gautam, Chandan, Aruna Tiwari, Sundaram Suresh, and Kapil Ahuja.",Online learning with regularized kernel for one-class classification.,,2017
"Sundaram, Suresh, and Gaurav Harit.",Document Analysis and Recognition.,,2019
"Aradhya, Abhay MS, Aditya Joglekar, Sundaram Suresh, and Mahardhika Pratama.",Deep transformation method for discriminant analysis of multi-channel resting state fMRI.,Proceedings of the AAAI conference on artificial intelligence,2019
"Samanta, Subhrajit, Andre Hartanto, Mahardhika Pratama, Suresh Sundaram, and Narasimalu Srikanth.",Rit2fis: A recurrent interval type 2 fuzzy inference system and its rule base estimation.,2019 International Joint Conference on Neural Networks (IJCNN),2019
"Pushpangathan, Jinraj V.",Robust simultaneous stabilization and decoupling of unstable adversely coupled uncertain resource constraints plants of a nano air vehicle.,,2019
"Jeyasothy, Abeegithan, Savitha Ramasamy, and Suresh Sundaram.",Efficient single input-output layer spiking neural classifier with time-varying weight model.,,2019
"Arora, Chetan, and Kaushik Mitra.","Computer Vision Applications. Springer Singapore,",,2019
"Gautam, Chandan, Sethupathy Parameswaran, Ashish Mishra, and Suresh Sundaram.",Generalized continual zero-shot learning.,,2020
"Pushpangathan, Jinraj V.",Gap Reduced Minimum Error Robust Simultaneous Estimation For Unstable Nano Air Vehicle.,,2020
"Aradhya, Abhay MS, Suresh Sundaram, and Mahardhika Pratama.",Metaheuristic spatial transformation (MST) for accurate detection of attention deficit hyperactivity disorder (ADHD) using rs-fMRI.,2020 42nd Annual International Conference of the IEEE Engineering in Medicine & Biology Society (EMBC),2020
"Samanta, Subhrajit, Mahardhika Pratama, Suresh Sundaram, and Narasimalu Srikanth.",A dual network solution (DNS) for lag-free time series forecasting.,2020 international joint conference on neural networks (IJCNN),2020
"Velhal, Shridhar, and Suresh Sundaram.",Restricted Airspace Protection using Multi-UAV Spatio-TemporalMulti-Task Allocation.,,2020
"Mohanty, Nishant, and Suresh Sundaram.",Scaffolding reflection in reinforcement learning framework for confinement escape problem.,,2020
"Mohanty, Nishant, Mohitvishnu S.",Context-aware deep q-network for decentralized cooperative reconnaissance by a robotic swarm.,,2020
"Bhattacharya, Nishant, and Suresh Sundaram.",CGAP2: Context and gap aware predictive pose framework for early detection of gestures.,,2020
"Kulkarni, Eeshan, and Suresh Sundaram.",Full Attitude Intelligent Controller Design of a Heliquad under Complete Failure of an Actuator.,,2020
"Gopalakrishnan, Karthik.","Learning Paradigms for the Identification of Elastic Properties of Composites Using Ultrasonic Guided Waves. Michigan State University,",,2020
"Dhanaprakaash, G.",Network Based Multi-Bot Awareness.,2021 International Conference on COMmunication Systems & NETworkS (COMSNETS),2021
"Vidyadhara, B.",Design iterations for passive aerial manipulator.,,2021
"Gautam, Chandan, Sethupathy Parameswaran, Ashish Mishra, and Suresh Sundaram.",Online lifelong generalized zero-shot learning.,,2021
"Gadde, Chaitanyavishnu S.",Fast obstacle avoidance motion in small quadcopter operation in a cluttered environment.,2021 IEEE International Conference on Electronics,2021
"Velhal, Shridhar, Suresh Sundaram, and Narasimhan Sundararajan.",A decentralized multi-uav spatio-temporal multi-task allocation approach for perimeter defense.,,2021
"BV, Vidyadhara, Lima Agnel Tony, Mohitvishnu S.",Design Iterations for Passive Aerial Manipulator.,,2021
"Mishra, Sourav, and Suresh Sundaram.",Self Regulated Learning Mechanism for Data Efficient Knowledge Distillation.,2021 International Joint Conference on Neural Networks (IJCNN),2021
"Debarshi, Sauranil, Suresh Sundaram, and Narasimhan Sundararajan.",Robust EMRAN based Neural Aided Learning Controller for Autonomous Vehicles.,,2021
"Bhise, Suresh Sundaram, and Debasish Ghose.","Design and Integration of a Drone based Passive Manipulator for Capturing Flying Targets Vidyadhara BV, Lima Agnel Tony1, Mohitvishnu S. Gadde1, Shuvrangshu Jana1, Varun VP 2, Aashay Anil.",,2021
"Thontepu, Phani, Bhavya Giri Goswami, Manan Tayal, Neelaksh Singh, Shyamsundar PI, Suresh Sundaram, Vaibhav Katewa, and Shishir Kolathaya.",Control barrier functions in ugvs for kinematic obstacle avoidance: A collision cone approach.,,2022
"Gautam, Chandan, Sethupathy Parameswaran, Vinay Verma, Suresh Sundaram, and Savitha Ramasamy.",Refinement matters: Textual description needs to be refined for zero-shot learning.,Findings of the Association for Computational Linguistics: EMNLP 2022,2022
"Chowdhury, Jayabrata, Suresh Sundaram, Nishanth Rao, and Narasimhan Sundararajan.",An efficient Deep Spatio-Temporal Context Aware decision Network (DST-CAN) for Predictive Manoeuvre Planning.,,2022
"Udupa, Sumanth, Aniruddh Sikdar, and Suresh Sundaram.",Multi-modal domain fusion for multi-modal aerial view object classification.,,2022
"Gupta, Shubhankar, and Suresh Sundaram.",Decentralized Distributed Expert Assisted Learning (D2EAL) approach for cooperative target-tracking.,,2022
"Jeyasothy, Abeegithan, Shirin Dora, Suresh Sundaram, and Narasimhan Sundararajan.",Supervised learning using spiking neural networks.,HANDBOOK ON COMPUTER LEARNING AND INTELLIGENCE: Volume 2: Deep Learning,2022
"Aradhya, Abhay MS, Gaurav Sharma, Mahardhika Pratama, and Suresh Sundaram.",Adaptive Latent Transformation (ALT) for classification of resting state-fMRI.,2022 IEEE Symposium Series on Computational Intelligence (SSCI),2022
"Rao, Nishanth, Suresh Sundaram, and Varun Raghavendra.",Computationally Light Spectrally Normalized Memory Neuron Network based Estimator for GPS-denied operation of Micro-UAV.,2023 9th International Conference on Control,2023
"Thontepu, Phani, Bhavya Giri Goswami, Manan Tayal, Neelaksh Singh, Shyam Sundar PI, Shyam Sundar MG, Suresh Sundaram, Vaibhav Katewa, and Shishir Kolathaya.",Collision cone control barrier functions for kinematic obstacle avoidance in ugvs.,2023 Ninth Indian Control Conference (ICC),2023
"Machingal, Pranav, Shirin Dora, Suresh Sundaram, and Qinggang Meng.",Learning to classify faster using spiking neural networks.,2023 International Joint Conference on Neural Networks (IJCNN),2023
"Velhal, Shridhar, Krishna Kishore VS, and Suresh Sundaram.",A non-iterative spatio-temporal multi-task assignments based collision-free trajectories for music playing robots.,2023 Ninth Indian Control Conference (ICC),2023
"Sikdar, Aniruddh, Sumanth Udupa, Prajwal Gurunath, and Suresh Sundaram.",Deepmao: Deep multi-scale aware overcomplete network for building segmentation in satellite imagery.,Proceedings of the IEEE/CVF Conference on Computer Vision and Pattern Recognition,2023
"Mishra, Sourav, and Suresh Sundaram.",A memory-free evolving bipolar neural network for efficient multi-label stream learning.,ICASSP 2023-2023 IEEE International Conference on Acoustics,2023
"JD, Poornima, Raghu Krishnapuram, Mukunda Bharatheesha, Bharadwaj Amrutur, and Suresh Sundaram.",Robust and Scalable Indoor Robot Localization Based on Fusion of Infrastructure Camera Feeds and On-Board Sensors.,Proceedings of the 2023 6th International Conference on Advances in Robotics,2023
"Gupta, Shubhankar, and Suresh Sundaram.",Moving-landmark assisted distributed learning based decentralized cooperative localization (DL-DCL) with fault tolerance.,Proceedings of the AAAI Conference on Artificial Intelligence,2023
"Sikdar, Aniruddh, Sumanth Udupa, and Suresh Sundaram.",Fully complex-valued deep learning model for visual perception.,ICASSP 2023-2023 IEEE International Conference on Acoustics,2023
"Velhal, Shridhar, Mukunda Bharatheesha, and Suresh Sundaram.",A dynamic heterogeneous team-based non-iterative approach for online pick-up and just-in-time delivery problems.,,2023
"Sikdar, Aniruddh, Jayant Teotia, and Suresh Sundaram.",Contrastive Learning-Based Spectral Knowledge Distillation for Multi-Modality and Missing Modality Scenarios in Semantic Segmentation.,,2023
"Makam, Rajini, Pruthviraj Mane, Suresh Sundaram, and P.",A comprehensive study on modelling and control of autonomous underwater vehicle.,,2023
"Rao, Nishanth, Suresh Sundaram, and Pushpak Jagtap.",Temporal Waypoint Navigation of Multi-UAV Payload System using Barrier Functions.,2023 European Control Conference (ECC),2023
"Thousif, Mohammed, Shridhar Velhal, Suresh Sundaram, and Shirin Dora.",A Decentralized Spike-based Learning Framework for Sequential Capture in Discrete Perimeter Defense Problem.,,2023
"Chowdhury, Jayabrata, Vishruth Veerendranath, Suresh Sundaram, and Narasimhan Sundararajan.",Predictive Maneuver Planning with Deep Reinforcement Learning (PMP-DRL) for comfortable and safe autonomous driving.,,2023
"Kant, J.",An Autonomous Hybrid Drone-Rover Vehicle for Weed Removal and Spraying Applications in Agriculture.,2023 IEEE International Conference on Agrosystem Engineering,2023
"Subramanian, S.",Platinum years of metallurgical and materials education and research—the IISc Saga.,Indian Metallurgy: The Platinum Years,2023
"Velhal, Shridhar, Suresh Sundaram, and Narasimman Sundararajan.",Priority-Based DREAM Approach for Highly Manoeuvring Intruders in a Perimeter Defense Problem.,,2024
"Gurunath, Prajwal, Sumanth Udupa, Aditya Gandhamal, Shrikar Madhu, Aniruddh Sikdar, and Suresh Sundaram.",IndraEye: Infrared Electro-Optical UAV-based Perception Dataset for Robust Downstream Tasks.,,2024
"Sikdar, Aniruddh, Jayant Teotia, and Suresh Sundaram.",Skd-net: Spectral-based knowledge distillation in low-light thermal imagery for robotic perception.,2024 IEEE International Conference on Robotics and Automation (ICRA),2024
"Udupa, Sumanth, Prajwal Gurunath, Aniruddh Sikdar, and Suresh Sundaram.",Mrfp: Learning generalizable semantic segmentation from sim-2-real with multi-resolution feature perturbation.,Proceedings of the IEEE/CVF Conference on Computer Vision and Pattern Recognition,2024
"Mishra, Sourav, Rudrashis Majumder, and Suresh Sundaram.",PINGS: Physics Informed Networks with Guided Supermasks for Sequential PDE Solving.,2024 International Joint Conference on Neural Networks (IJCNN),2024
"Saadiyean, Qiranul, S.",Learning multi-scale context mask-rcnn network for slant angled aerial imagery in instance segmentation in a sim2real setup.,2024 IEEE International Conference on Robotics and Automation (ICRA),2024
"Maya, Neethu, Bala Kameshwar Poolla, Seshadhri Srinivasan, Narasimhan Sundararajan, and Suresh Sundaram.",A Fast Dynamic Internal Predictive Power Scheduling Approach for Power Management in Microgrids.,2024 IEEE PES Innovative Smart Grid Technologies-Asia (ISGT Asia),2024
"John, Josy, and Suresh Sundaram.",Genetic Algorithm-based Routing and Scheduling for Wildfire Suppression using a Team of UAVs.,2024 IEEE Congress on Evolutionary Computation (CEC),2024
"Chowdhury, Jayabrata, Venkataramanan Shivaraman, Sumit Dangi, Suresh Sundaram, and P.",Deep Attention Driven Reinforcement Learning (DAD-RL) for Autonomous Decision-Making in Dynamic Environment.,2024 IEEE International Conference on Systems,2024
"Sikdar, Aniruddh, Qiranul Saadiyean, Prahlad Anand, and Suresh Sundaram.",SSL-RGB2IR: Semi-supervised RGB-to-IR Image-to-Image Translation for Enhancing Visual Task Training in Semantic Segmentation and Object Detection.,2024 IEEE/RSJ International Conference on Intelligent Robots and Systems (IROS),2024
"Maya, Neethu, Narasimman Sundararajan, and Suresh Sundaram.",An Optimal Multi-Path Power Routing and Transmission Scheduling Approach for Peer-to-Peer Power Trading in Energy Internet.,2024 IEEE International Conference on Systems,2024
"Chowdhury, Jayabrata, Venkataramanan Shivaraman, Suresh Sundaram, and P.",Graph-based Prediction and Planning Policy Network (GP3Net) for scalable self-driving in dynamic environments using Deep Reinforcement Learning.,Proceedings of the AAAI Conference on Artificial Intelligence,2024
"Sharma, Saksham, Akshit Raizada, and Suresh Sundaram.",IRisPath: Enhancing Off-Road Navigation with Robust IR-RGB Fusion for Improved Day and Night Traversability.,,2024
"Mishra, Sourav, Shirin Dora, and Suresh Sundaram.",Towards Improved Imbalance Robustness in Continual Multi-Label Learning with Dual Output Spiking Architecture (DOSA).,,2024
"Gautam, Chandan, Sethupathy Parameswaran, Ashish Mishra, and Suresh Sundaram.",Generative replay-based continual zero-shot learning.,Towards Human Brain Inspired Lifelong Learning,2024
"Majumder, Rudrashis, Rajini Makam, Pruthviraj Mane, Bharathwaj KS, and Suresh Sundaram.",Safe navigation of autonomous underwater vehicles using physics-informed neural networks.,OCEANS 2024-Singapore,2024
"Kulkarni, Eeshan, and Suresh Sundaram.","Variable-Pitch-Propeller Mechanism Design, and Development of Heliquad for Mid-flight Flipping and Fault-Tolerant-Control.",,2024
"Majumder, Rudrashis, Sri Siddarth Chakaravarthy, Suresh Sundaram, and Hemanth Patel.",OA-PINN: Efficient Obstacle Avoidance for Autonomous Vehicle Safety with Physics-Informed Neural Networks.,2024 IEEE International Conference on Electronics,2024
"Jana, Ravi Kiran, Rudrashis Majumder, and Suresh Sundaram.",Safe Deep Reinforcement Learning-Based Controller (SDRLC) for Autonomous Navigation of Planetary Rovers.,2024 IEEE Space,2024
"Mane, Pruthviraj, Allen Jacob George, Rajini Makam, Rudrashis Majumder, and Suresh Sundaram.",EROAS: 3D Efficient Reactive Obstacle Avoidance System for Autonomous Underwater Vehicles using 2.5 D Forward-Looking Sonar.,,2024
"Ramamoorthy, Hariprasauth, Shubhankar Gupta, and Suresh Sundaram.",Distributed Online Life-Long Learning (DOL3) for Multi-agent Trust and Reputation Assessment in E-commerce.,,2024
"Mishra, Sourav, Shirin Dora, and Suresh Sundaram.",Improved Imbalance Resilience in Continual Multi-Label Classification with Adaptive Margin Spiking Neural Networks.,2024 IEEE International Conference on Systems,2024
"Mishra, Sourav, Rajini Makam, and Suresh Sundaram.",Data-Driven Coefficient Estimation for Autonomous Underwater Vehicle Depth Subsystem.,2024 IEEE International Conference on Systems,2024
"Li, Xiaoli, Savitha Ramasamy, ArulMurugan Ambikapathi, Suresh Sundaram, and Haytham M.","Fayek, eds. Towards Human Brain Inspired Lifelong Learning. World Scientific,",,2024
"Makam, Rajini, M.",Spectrally Normalized Memory Neuron Network Based Navigation for Autonomous Underwater Vehicles in DVL-Denied Environment.,OCEANS 2024-Singapore,2024
"Thousif, P.",A Gaussian Mixture Synapse Model for Time Varying Weight Spiking Neural Classifier.,2024 International Joint Conference on Neural Networks (IJCNN),2024
"Aradhya, VN Manjunath, V.","N. Manjunath, Mahmud Aradhya, and S. Srinath. Cognitive Computing and Information Processing.",,2024
"Chowdhury, Jayabrata, Suresh Sundaram, Nishanth Rao, and Narasimman Sundararajan.",An Efficient Deep Spatio-Temporal Context Aware Decision Network (DST-CAN) for Predictive Manoeuvre Planning on Highways.,,2025
"Mishra, Sourav, Shreya Hallikeri, and Suresh Sundaram.",REAct: Rational Exponential Activation for Better Learning and Generalization in PINNs.,ICASSP 2025-2025 IEEE International Conference on Acoustics,2025
"Makam, Rajini, Nadav Cohen, Sumukh Shadakshari, Srinivasa Puranika Bhatta, Itzik Klein, and Suresh Sundaram.",Performance Analysis of Spatial and Temporal Learning Networks in the Presence of DVL Noise.,,2025
"John, Josy, Shridhar Velhal, and Suresh Sundaram.",A Resource-Efficient Decentralized Sequential Planner for Spatiotemporal Wildfire Mitigation.,,2025
"Kulkarni, Eeshan, and Suresh Sundaram.",Heliquad for Mid-Flight Flipping and Full-Attitude Control Under the Complete Actuator Failure.,,2025
"Kulkarni, Eeshan, and Suresh Sundaram.",Design and Development of Scissorbot: A Novel Mid-Flight-Span-Reducing Quadcopter.,,2025
"Thousif, Mohammed, Shridhar Velhal, Suresh Sundaram, and Narasimhan Sundararajan.",Development of a Centralized Conflict free Greedy Assignment Learning Spiking neural network For Solving A Perimeter Defense Problem.,,2025
"Vidyadhara, B.",Design and integration of a drone based passive manipulator for capturing flying targets.,,2364
"Chowdhury, Jayabrata, Venkataramanan Shivaraman, Sumit Dangi, Suresh Sundaram, and P.",Deep Attention Driven Reinforcement Learning (DAD-RL) for Autonomous Vehicle Decision-Making in Dynamic Environment.,,2407
"Samanta, Subhrajit, Mahardhika Pratama, and Suresh Sundaram.",Bayesian neuro-fuzzy inference system for temporal dependence estimation.,,2490
"Senthilnath, J.",Metacognitive Decision-Making Framework for Multi-UAV Target Search Without Communication.,,3206
"Velhal, Shridhar, Suresh Sundaram, and Narasimhan Sundararajan.",Dynamic resource allocation with decentralized multi-task assignment approach for perimeter defense problem.,,3325
"Dan, Mainak, Seshadhri Srinivasan, Suresh Sundaram, Arvind Easwaran, and Luigi Glielmo.",A scenario-based branch-and-bound approach for MES scheduling in urban buildings.,,7520
"Rao, Nishanth, and Suresh Sundaram.",Integrated decision control approach for cooperative safety-critical payload transport in a cluttered environment.,,8811
"Sundaram, Suresh, and A.",Two dimensional principal component analysis for online tamil character recognition.,,
"Sundaram, Suresh, and A.",Bigram language models and reevaluation strategy for improved recognition of online handwritten Tamil words.,,
"Suresh, Sundaram, S.",Parallel implementation of back-propagation algorithm in networks of workstations.,,
"Gupta, Shubhankar, Saksham Sharma, and Suresh Sundaram.",Reward-based Autonomous Online Learning Framework for Resilient Cooperative Target Monitoring using a Swarm of Robots.,,
"Sundaram, Suresh, and A.",Attention-feedback based robust segmentation of online handwritten isolated Tamil words.,,
"Jeyasothy, Abeegithan, Sundaram Suresh, Savitha Ramasamy, and Narasimhan Sundararajan.",Development of a novel transformation of spiking neural classifier to an interpretable classifier.,,
"Debarshi, Sauranil, Suresh Sundaram, and Narasimhan Sundararajan.",Robust EMRAN-aided coupled controller for autonomous vehicles.,,
"Sen, Amrik, Gopal Ananthakrishnan, Suresh Sundaram, and A.",Dynamic space warping of strokes for recognition of online handwritten characters.,,
"Chowdhury, Jayabrata, Suresh Sundaram, Vishruth Veerendranath, and Narasimhan Sundararajan.",Predictive Planning Policy Network for Safe and Comfortable Driving Using Deep Reinforcement Learning for Autonomous Vehicles.,,
"Rao, Nishanth, and Suresh Sundaram.",An Input–Output Feedback Linearization-Based Exponentially Stable Controller for Multi-UAV Payload Transport.,,
"Periasamy, Mariappan, Pothiappan Vairaprakash, G.",Convenient methods for the synthesis of chiral amino alcohols and amines.,,
"Sarkar, A.",Target acceleration estimation from radar position data using neural network.,,
"Rashid, Shamima, Suresh Sundaram, and Chee Keong Kwoh.",Empirical study of protein feature representation on deep belief networks trained with small data for secondary structure prediction.,,
"Continual, Generative Replay-Based, Zero-Shot Learning, Chandan Gautam, Sethupathy Parameswaran¹¹, Ashish Mishra, and Suresh Sundaram.",2024 World Scientific Publishing Company.,,
"Shridhar Velhal, Krishna Kishore VS, and Suresh Sundaram.",A Non-iterative Spatio-temporal Multi-task Assignments based Collision-free Trajectories for Music Playing Robots.,,
"Mishra, Sourav, Suresh Sundaram, and Mohammed Thousif Pagala.",A Neuro-Inspired Approach for Continual Multi-Label Learning with Evolving Spiking Networks.,,
"Bhattacharya, Nishant, and Suresh Sundaram.",Early Detection of Gestures using Context-and-Gap-aware Predictive Pose Framework.,,
"Ramakrishnan, A.",Neuroscience inspired segmentation of handwritten words.,,
"Ramamoorthy, Hariprasauth, Rajkumar Vaidyanathan, and Suresh Sundaram.",Enhancing Graph Clustering in Dynamic Networks with Distributed Online Life-Long Learning.,,
"Subramanian, Kartick, Suresh Sundaram, and R.",3-D Optical Flow based Human Action Recognition with Meta-Cognitive Neuro-Fuzzy Inference System.,,
"OC, Garima Jindal, Arindam Khan CSA, Viraj Kumar, Y.",Emerging AI Tools for Education and Research: Perspective and Policies for IISc.,,
"Kiran, Shashi, Suresh Sundaram Rituraj, Swapnil Belhe, and A.",Automated Processing of Census Forms in Tamil.,,
"Pais, P.","Advanced Computing, Networking and Security.",,
