Sample,Pred_b1,Pred_b2,Pred_b3,Pred_b4,GT_b1,GT_b2,GT_b3,GT_b4
0,0.4214435815811157,-0.40577226877212524,-0.4636572003364563,0.45879802107810974,0.35885003209114075,-0.6643308401107788,-0.44873514771461487,0.5744457244873047
1,0.4185270071029663,-0.4042412042617798,-0.45636510848999023,0.4576231837272644,0.3802588880062103,-0.6484600305557251,-0.41435563564300537,0.6143632531166077
2,0.4167380928993225,-0.4059199094772339,-0.4542500376701355,0.4605174958705902,0.4035942256450653,-0.6153832077980042,-0.3527761399745941,0.6662012934684753
3,0.4139922261238098,-0.41212373971939087,-0.45541709661483765,0.4677528142929077,0.4001810550689697,-0.6080858111381531,-0.3067960739135742,0.7014707326889038
4,0.40695303678512573,-0.41784006357192993,-0.45285165309906006,0.4740985631942749,0.35399460792541504,-0.6501317620277405,-0.3105815351009369,0.693544864654541
5,0.40064191818237305,-0.4176098704338074,-0.442643940448761,0.4719196557998657,0.3390583395957947,-0.6635591387748718,-0.3302971422672272,0.6723203063011169
6,0.3966625928878784,-0.41533178091049194,-0.4343727231025696,0.46771901845932007,0.3467901647090912,-0.6600946187973022,-0.3226798474788666,0.6842049360275269
7,0.3970426321029663,-0.41451722383499146,-0.4336589574813843,0.46634119749069214,0.374218612909317,-0.6362291574478149,-0.29815879464149475,0.7122889757156372
8,0.3987523317337036,-0.41661885380744934,-0.43739938735961914,0.46888482570648193,0.391583651304245,-0.6119030714035034,-0.27305176854133606,0.7304349541664124
9,0.39801323413848877,-0.41941511631011963,-0.43694156408309937,0.4707709848880768,0.3822293281555176,-0.6033772826194763,-0.26536068320274353,0.7202459573745728
10,0.39624184370040894,-0.4200493097305298,-0.43324971199035645,0.47038504481315613,0.38117551803588867,-0.6063578724861145,-0.2816828489303589,0.7058505415916443
11,0.39436715841293335,-0.4180184006690979,-0.429152250289917,0.4673178493976593,0.37802597880363464,-0.6174142360687256,-0.3036980926990509,0.6917421221733093
12,0.39497411251068115,-0.4140371084213257,-0.42693454027175903,0.46271467208862305,0.37977367639541626,-0.6249639987945557,-0.3229280710220337,0.6818096041679382
13,0.3975874185562134,-0.4115831255912781,-0.42823565006256104,0.4610777795314789,0.3826152980327606,-0.6121964454650879,-0.31985706090927124,0.6749546527862549
14,0.3988252282142639,-0.41176319122314453,-0.4306061267852783,0.4622081518173218,0.3769315779209137,-0.6078845262527466,-0.3024566173553467,0.6823594570159912
15,0.3995634913444519,-0.41028863191604614,-0.431801438331604,0.46047070622444153,0.39616015553474426,-0.5991299748420715,-0.3257251977920532,0.6695649027824402
16,0.39749282598495483,-0.40674126148223877,-0.43181753158569336,0.45596641302108765,0.3843531012535095,-0.6176337003707886,-0.3660384714603424,0.6359483003616333
17,0.40051108598709106,-0.4035883843898773,-0.43027716875076294,0.450900673866272,0.38829272985458374,-0.6165070533752441,-0.3912334740161896,0.6135663390159607
18,0.40379035472869873,-0.40142229199409485,-0.43515676259994507,0.44998112320899963,0.3792138397693634,-0.6338886618614197,-0.4150221645832062,0.5980803370475769
19,0.40696799755096436,-0.40121033787727356,-0.44038599729537964,0.4505003094673157,0.3771721422672272,-0.6227059364318848,-0.3973724842071533,0.602505624294281
20,0.408653199672699,-0.4007379710674286,-0.4421902298927307,0.4511125087738037,0.3897434175014496,-0.6081340312957764,-0.3771693706512451,0.6207081079483032
21,0.40797001123428345,-0.40063583850860596,-0.44398558139801025,0.45081865787506104,0.40222811698913574,-0.5915448069572449,-0.3819126486778259,0.6118602752685547
22,0.4061182737350464,-0.39966899156570435,-0.4415767192840576,0.4485490322113037,0.40553605556488037,-0.5925894379615784,-0.398781955242157,0.599343478679657
23,0.4057709574699402,-0.39779195189476013,-0.4398620128631592,0.4453014135360718,0.3929625153541565,-0.6017199158668518,-0.42854881286621094,0.5661336183547974
24,0.40487223863601685,-0.39475855231285095,-0.4408718943595886,0.4409695267677307,0.37000715732574463,-0.6262194514274597,-0.4653318524360657,0.5308947563171387
25,0.40546292066574097,-0.39213716983795166,-0.44405412673950195,0.43770819902420044,0.3513456881046295,-0.6543333530426025,-0.49110203981399536,0.5145769715309143
26,0.4098283052444458,-0.39001765847206116,-0.44858336448669434,0.43497127294540405,0.35854819416999817,-0.6542011499404907,-0.4868493378162384,0.5259000062942505
27,0.4163368344306946,-0.38988232612609863,-0.451982319355011,0.4348881244659424,0.4140264391899109,-0.5916511416435242,-0.4382401704788208,0.567437469959259
28,0.4180150032043457,-0.3918316960334778,-0.4540637135505676,0.4381527900695801,0.4594644010066986,-0.543411374092102,-0.42396989464759827,0.5789058804512024
29,0.4186447858810425,-0.39538154006004333,-0.4559372663497925,0.44055745005607605,0.46987098455429077,-0.5278960466384888,-0.4536072611808777,0.5441598296165466
30,0.41721129417419434,-0.39518702030181885,-0.4535215497016907,0.4387298822402954,0.4375884532928467,-0.5647900104522705,-0.5080773830413818,0.49430111050605774
31,0.41964632272720337,-0.392977774143219,-0.45446163415908813,0.43528980016708374,0.4074289798736572,-0.597848117351532,-0.5299497246742249,0.47532734274864197
32,0.42428773641586304,-0.38975271582603455,-0.45780789852142334,0.43277475237846375,0.4237913191318512,-0.5914731025695801,-0.511778712272644,0.5034857392311096
33,0.42967110872268677,-0.3898093104362488,-0.46318769454956055,0.4334104061126709,0.4713197946548462,-0.5432245135307312,-0.47263962030410767,0.5419046878814697
34,0.4312116503715515,-0.3929900527000427,-0.4655901789665222,0.43752872943878174,0.5045803189277649,-0.5031039118766785,-0.4538208544254303,0.5538633465766907
35,0.42910581827163696,-0.3960460424423218,-0.46503663063049316,0.44032394886016846,0.48977842926979065,-0.5077133774757385,-0.48704794049263,0.5104438662528992
36,0.4251536726951599,-0.39501839876174927,-0.4615376591682434,0.437461256980896,0.43791261315345764,-0.5479186773300171,-0.5274589657783508,0.4583722949028015
37,0.42660319805145264,-0.391616553068161,-0.4584383964538574,0.4330892562866211,0.4314582943916321,-0.5579284429550171,-0.505614161491394,0.4837726354598999
38,0.42844194173812866,-0.38850483298301697,-0.4590683579444885,0.43169939517974854,0.46488964557647705,-0.5265772938728333,-0.45431292057037354,0.5371540188789368
39,0.4288443922996521,-0.3900284171104431,-0.4614599943161011,0.4336775839328766,0.5099087953567505,-0.4831762909889221,-0.42811083793640137,0.5649742484092712
40,0.42413854598999023,-0.3935706615447998,-0.4604104161262512,0.43754011392593384,0.49267566204071045,-0.49903687834739685,-0.4667353630065918,0.5249772071838379
41,0.42350560426712036,-0.3957256078720093,-0.457772433757782,0.4383505582809448,0.4606103301048279,-0.5349201560020447,-0.5002073645591736,0.495323121547699
42,0.4255082607269287,-0.39266103506088257,-0.45453858375549316,0.43518221378326416,0.4445270597934723,-0.5421004891395569,-0.48975417017936707,0.4968734085559845
43,0.42600470781326294,-0.3912682831287384,-0.4571836590766907,0.43522965908050537,0.4517994225025177,-0.541157066822052,-0.46049579977989197,0.5324606895446777
44,0.4274914264678955,-0.3923661708831787,-0.4595831632614136,0.43700355291366577,0.4837532937526703,-0.508145272731781,-0.43273305892944336,0.5591655373573303
45,0.423509418964386,-0.393370121717453,-0.45733702182769775,0.43831244111061096,0.4827183485031128,-0.5055254697799683,-0.4412863254547119,0.5469574928283691
46,0.4219490885734558,-0.3951312303543091,-0.4550645351409912,0.43906453251838684,0.4654141664505005,-0.5170983076095581,-0.4604998826980591,0.5220125913619995
47,0.4202393889427185,-0.3934600353240967,-0.45204997062683105,0.43693462014198303,0.4417168200016022,-0.5426084399223328,-0.47726649045944214,0.5070587992668152
48,0.421433687210083,-0.39156243205070496,-0.4531782269477844,0.4344559609889984,0.4452419579029083,-0.5524722337722778,-0.4809814393520355,0.5167327523231506
49,0.4208869934082031,-0.3896751403808594,-0.4549492597579956,0.4327154755592346,0.43799012899398804,-0.5579977035522461,-0.48333099484443665,0.5126568078994751
50,0.4221448302268982,-0.39076393842697144,-0.45688098669052124,0.4340190291404724,0.44208335876464844,-0.5519278645515442,-0.468125581741333,0.5258856415748596
51,0.42375069856643677,-0.39148616790771484,-0.4566003084182739,0.43542155623435974,0.45843830704689026,-0.5292180776596069,-0.45165103673934937,0.5360053777694702
52,0.422562837600708,-0.3918909728527069,-0.45590484142303467,0.43572717905044556,0.4692462086677551,-0.5148040652275085,-0.44700902700424194,0.5370412468910217
53,0.4213336110115051,-0.3920808434486389,-0.45444655418395996,0.435011625289917,0.46957242488861084,-0.5160115361213684,-0.46470877528190613,0.5208752155303955
54,0.4186546206474304,-0.3906470835208893,-0.45346683263778687,0.4324367046356201,0.4399109482765198,-0.545534610748291,-0.500535786151886,0.4849098026752472
55,0.41838133335113525,-0.38850846886634827,-0.4539264440536499,0.42901384830474854,0.41349005699157715,-0.5776100754737854,-0.5242636799812317,0.4668363928794861
56,0.42065125703811646,-0.38740962743759155,-0.45666712522506714,0.42914116382598877,0.412187397480011,-0.590164065361023,-0.505757749080658,0.4965936541557312
57,0.4250810146331787,-0.3873515725135803,-0.45899999141693115,0.43023359775543213,0.44791626930236816,-0.5472550392150879,-0.45470625162124634,0.5404650568962097
58,0.4260213375091553,-0.3900933861732483,-0.45955073833465576,0.4344947338104248,0.4880704879760742,-0.49545446038246155,-0.4157402515411377,0.5677846670150757
59,0.4233948588371277,-0.3934568166732788,-0.45728808641433716,0.43768155574798584,0.4985595941543579,-0.47650834918022156,-0.4299911558628082,0.5450767874717712
60,0.419155478477478,-0.39454755187034607,-0.4534376263618469,0.4375067353248596,0.469575971364975,-0.5123297572135925,-0.47430235147476196,0.5076034069061279
61,0.41801315546035767,-0.3917989134788513,-0.4508424401283264,0.4331473708152771,0.428780734539032,-0.5605036020278931,-0.5144981145858765,0.4747862219810486
62,0.4190545082092285,-0.38841360807418823,-0.45325106382369995,0.430107057094574,0.4078078866004944,-0.593664288520813,-0.5225658416748047,0.4789063334465027
63,0.4257211685180664,-0.38793057203292847,-0.4577224850654602,0.43074989318847656,0.44848155975341797,-0.5553740859031677,-0.4688861668109894,0.5349695086479187
64,0.42675352096557617,-0.38958024978637695,-0.4597715139389038,0.4344749450683594,0.4769973158836365,-0.5104794502258301,-0.4220476746559143,0.5654290914535522
65,0.4248408079147339,-0.39474281668663025,-0.46019381284713745,0.4404122233390808,0.4890103042125702,-0.4888489544391632,-0.4146745502948761,0.5631846785545349
66,0.4199836850166321,-0.39607274532318115,-0.4546855092048645,0.4410470128059387,0.46778807044029236,-0.5119336843490601,-0.4532005786895752,0.5265212059020996
67,0.4160517454147339,-0.3933565020561218,-0.4501029849052429,0.43613362312316895,0.4263601005077362,-0.5575414896011353,-0.4946471154689789,0.4892544746398926
68,0.41741180419921875,-0.3895132839679718,-0.44973087310791016,0.4313925504684448,0.41686421632766724,-0.5808239579200745,-0.506525993347168,0.49116218090057373
69,0.4213179349899292,-0.3878018260002136,-0.4541712999343872,0.43065139651298523,0.43699419498443604,-0.5675293207168579,-0.4824492931365967,0.5220742225646973
70,0.42407143115997314,-0.3893645107746124,-0.4582791328430176,0.43312835693359375,0.4581446349620819,-0.5394564867019653,-0.4514922499656677,0.5461089015007019
71,0.4236588478088379,-0.39288127422332764,-0.4593186378479004,0.4379575848579407,0.46155768632888794,-0.5216439962387085,-0.4373643398284912,0.5458373427391052
72,0.42218172550201416,-0.3944399952888489,-0.4561161398887634,0.4391259253025055,0.4657745063304901,-0.5148252248764038,-0.44348299503326416,0.5371167659759521
73,0.4202398657798767,-0.393612802028656,-0.4524468779563904,0.43750643730163574,0.4634661078453064,-0.5202308893203735,-0.45278051495552063,0.5309164524078369
74,0.4183008074760437,-0.3906453549861908,-0.45069265365600586,0.4327599108219147,0.4484582245349884,-0.538853108882904,-0.4879176914691925,0.49939367175102234
75,0.4186452627182007,-0.38971349596977234,-0.45299404859542847,0.4310421347618103,0.4314098060131073,-0.5622700452804565,-0.5036975145339966,0.48998236656188965
76,0.4222223162651062,-0.3888012766838074,-0.45427608489990234,0.4306516647338867,0.4378325939178467,-0.5543287396430969,-0.47926419973373413,0.5128971338272095
77,0.4244958758354187,-0.3895924687385559,-0.4570465683937073,0.43327194452285767,0.46043527126312256,-0.5284178853034973,-0.442099928855896,0.5467532873153687
78,0.42440545558929443,-0.3922819197177887,-0.4578897953033447,0.4370803236961365,0.4816887080669403,-0.5015034675598145,-0.42283186316490173,0.5603603720664978
79,0.4204745888710022,-0.3936067819595337,-0.4551205635070801,0.438004732131958,0.4714029133319855,-0.5111798048019409,-0.45107680559158325,0.5315059423446655
80,0.4176916480064392,-0.3938835561275482,-0.4528767466545105,0.43713897466659546,0.4391621947288513,-0.5514551401138306,-0.4882892072200775,0.502328097820282
81,0.4193917512893677,-0.3914523720741272,-0.45146679878234863,0.4339078664779663,0.42539557814598083,-0.5702700018882751,-0.4938427209854126,0.501822829246521
82,0.42318248748779297,-0.3902139365673065,-0.45373135805130005,0.4339693486690521,0.4471661448478699,-0.5473829507827759,-0.4520176649093628,0.5425314903259277
83,0.42473340034484863,-0.3908235430717468,-0.4560444951057434,0.4354034960269928,0.4779319167137146,-0.5094904899597168,-0.4287649691104889,0.5586574077606201
84,0.42124253511428833,-0.3935912251472473,-0.4571567177772522,0.43835756182670593,0.4726618528366089,-0.5138513445854187,-0.4485369920730591,0.5379762053489685
85,0.41931700706481934,-0.3942520022392273,-0.4537573456764221,0.43766289949417114,0.4482785761356354,-0.5356891751289368,-0.47419700026512146,0.5097707509994507
86,0.4202858805656433,-0.391787588596344,-0.4512261152267456,0.4342416524887085,0.44329485297203064,-0.547358512878418,-0.48279085755348206,0.5078625082969666
87,0.42106783390045166,-0.3902744650840759,-0.45339781045913696,0.4333590865135193,0.44058823585510254,-0.5516584515571594,-0.4723866283893585,0.519860029220581
88,0.4236464500427246,-0.3902384638786316,-0.45529747009277344,0.4332953691482544,0.4640515446662903,-0.5250341892242432,-0.4495837986469269,0.539501965045929
89,0.4226785898208618,-0.39157694578170776,-0.45610737800598145,0.43566131591796875,0.47171512246131897,-0.5172879099845886,-0.44954872131347656,0.5394543409347534
90,0.42088782787323,-0.39294612407684326,-0.45590782165527344,0.43646442890167236,0.4571249186992645,-0.5300108790397644,-0.4696081280708313,0.5175276398658752
91,0.42015212774276733,-0.39162927865982056,-0.453784704208374,0.43396198749542236,0.4413117468357086,-0.5474737286567688,-0.49234673380851746,0.49643874168395996
92,0.4221664071083069,-0.39018934965133667,-0.4536987543106079,0.43219810724258423,0.4460308253765106,-0.5418583750724792,-0.4758547842502594,0.5120344161987305
93,0.4211080074310303,-0.3891172707080841,-0.4551372528076172,0.4322751462459564,0.44023191928863525,-0.5495468378067017,-0.47199779748916626,0.5177809596061707
94,0.4213903546333313,-0.3912307322025299,-0.4582417607307434,0.4349682629108429,0.4416104257106781,-0.5518078804016113,-0.4637867510318756,0.5296315550804138
95,0.4207042455673218,-0.3910287916660309,-0.45539653301239014,0.4349861741065979,0.44239702820777893,-0.5454007387161255,-0.4587151110172272,0.5290826559066772
96,0.41986191272735596,-0.39179831743240356,-0.45454907417297363,0.4359726905822754,0.4445266127586365,-0.543326735496521,-0.45313626527786255,0.5347170829772949
97,0.41971367597579956,-0.39243149757385254,-0.4534637928009033,0.43689966201782227,0.4472632110118866,-0.5392301678657532,-0.44621992111206055,0.5402734279632568
98,0.4195401668548584,-0.39224642515182495,-0.4519885182380676,0.4365505576133728,0.4539128839969635,-0.5280083417892456,-0.4373977780342102,0.5445234775543213
99,0.41994571685791016,-0.3922269642353058,-0.45059239864349365,0.43614673614501953,0.46935153007507324,-0.5099945068359375,-0.4316231906414032,0.5477228760719299
100,0.41726624965667725,-0.3919351100921631,-0.45028042793273926,0.4355654716491699,0.45674192905426025,-0.5269926190376282,-0.4595378339290619,0.5241966843605042
101,0.4175603985786438,-0.39220982789993286,-0.4515291452407837,0.43480920791625977,0.4427117109298706,-0.5525686740875244,-0.4841979742050171,0.5110824108123779
102,0.4180910587310791,-0.3904688358306885,-0.4518284201622009,0.4333110451698303,0.4190561771392822,-0.5763654112815857,-0.4932718873023987,0.5021497011184692
103,0.4217744469642639,-0.39042437076568604,-0.454670250415802,0.4338153898715973,0.4319567084312439,-0.5626465082168579,-0.46377089619636536,0.5308322906494141
104,0.4243100881576538,-0.390982985496521,-0.4552590250968933,0.435812383890152,0.46746617555618286,-0.5142430067062378,-0.41626906394958496,0.5654401183128357
105,0.42191892862319946,-0.39240220189094543,-0.4542556405067444,0.43738335371017456,0.4892351031303406,-0.4852118194103241,-0.410988986492157,0.5634579658508301
106,0.4160250425338745,-0.39358609914779663,-0.4523879289627075,0.4372602701187134,0.4584842324256897,-0.5215476155281067,-0.47087350487709045,0.5091583132743835
107,0.41381800174713135,-0.3913605809211731,-0.4492250680923462,0.4323512315750122,0.4112732708454132,-0.5736400485038757,-0.5181105136871338,0.46680280566215515
108,0.41433554887771606,-0.38801106810569763,-0.4492717981338501,0.4302925765514374,0.3752450942993164,-0.6169500350952148,-0.5071713328361511,0.4850237965583801
109,0.4091750383377075,-0.4003772735595703,-0.455810546875,0.4538814425468445,0.21375629305839539,-0.6915867924690247,-0.25932055711746216,0.6460224986076355
110,0.3903372287750244,-0.40104004740715027,-0.4417177438735962,0.45909661054611206,0.20763926208019257,-0.5749861001968384,-0.0721990242600441,0.7104263305664062
111,0.348588228225708,-0.3924022316932678,-0.41518115997314453,0.4357951283454895,0.19036929309368134,-0.49494603276252747,-0.06706386059522629,0.6182515025138855
112,0.3116615414619446,-0.3777655363082886,-0.35917460918426514,0.3905722498893738,0.1774178296327591,-0.458757221698761,-0.11897216737270355,0.5172029137611389
113,0.2905876636505127,-0.35387325286865234,-0.32243573665618896,0.35211247205734253,0.19046476483345032,-0.42043572664260864,-0.14134424924850464,0.4695562422275543
114,0.28206080198287964,-0.32859331369400024,-0.3109995722770691,0.32751134037971497,0.18044090270996094,-0.4379311501979828,-0.20274287462234497,0.41562917828559875
115,0.28479692339897156,-0.31748056411743164,-0.3135637044906616,0.318252831697464,0.22299621999263763,-0.4132959246635437,-0.20706933736801147,0.42922282218933105
116,0.2922399044036865,-0.3099343776702881,-0.3173046112060547,0.316989004611969,0.2904946208000183,-0.38845252990722656,-0.2251560389995575,0.4537911117076874
117,0.30595552921295166,-0.3162249028682709,-0.33542120456695557,0.3287956416606903,0.3434600234031677,-0.39342281222343445,-0.25395670533180237,0.4829261302947998
118,0.3196412920951843,-0.3253735303878784,-0.34928345680236816,0.3414852023124695,0.34849652647972107,-0.4371185302734375,-0.3213694095611572,0.46424567699432373
119,0.33849209547042847,-0.3366882801055908,-0.3656190037727356,0.35624969005584717,0.38133805990219116,-0.44152024388313293,-0.34900224208831787,0.4738560616970062
120,0.36091679334640503,-0.3452918529510498,-0.3807048797607422,0.37089717388153076,0.4571372866630554,-0.41764694452285767,-0.3562532067298889,0.5185310244560242
121,0.3780933618545532,-0.3576052784919739,-0.4025065302848816,0.3877153992652893,0.4858410060405731,-0.44440269470214844,-0.4050551950931549,0.5251885056495667
122,0.3943677544593811,-0.37011194229125977,-0.42072248458862305,0.40179020166397095,0.4846634566783905,-0.4823801517486572,-0.46800848841667175,0.499035120010376
123,0.4141596555709839,-0.37927547097206116,-0.4352295994758606,0.41464245319366455,0.5280373096466064,-0.4824455976486206,-0.5004950165748596,0.5099878907203674
124,0.43390196561813354,-0.38657456636428833,-0.45062047243118286,0.426848828792572,0.5840076804161072,-0.442323237657547,-0.48931223154067993,0.5370186567306519
125,0.4460522532463074,-0.3949313163757324,-0.4649618864059448,0.43953409790992737,0.6018893122673035,-0.42641380429267883,-0.4860477149486542,0.5422554016113281
126,0.4524163007736206,-0.4030357003211975,-0.47528076171875,0.45022958517074585,0.5883306860923767,-0.43736574053764343,-0.5071327090263367,0.5185637474060059
127,0.4537026882171631,-0.40406686067581177,-0.4774068593978882,0.4498535394668579,0.5565548539161682,-0.4626627564430237,-0.5407620668411255,0.4784555733203888
128,0.45474904775619507,-0.4005052447319031,-0.47581493854522705,0.44311201572418213,0.556760311126709,-0.4540922939777374,-0.5562793016433716,0.45457324385643005
129,0.4537963271141052,-0.39600032567977905,-0.47626417875289917,0.4368089437484741,0.5613787174224854,-0.45311790704727173,-0.572525680065155,0.44197094440460205
130,0.45504552125930786,-0.39408954977989197,-0.47993576526641846,0.4325639009475708,0.5602462291717529,-0.44636377692222595,-0.578997015953064,0.4276129901409149
131,0.45622628927230835,-0.3939734697341919,-0.4818935990333557,0.4319411814212799,0.5625814199447632,-0.4458993971347809,-0.5697921514511108,0.4386886656284332
132,0.45384877920150757,-0.3935781717300415,-0.48515957593917847,0.4315599203109741,0.5278528928756714,-0.48139479756355286,-0.5947760939598083,0.4144715964794159
133,0.4519103765487671,-0.3918597996234894,-0.48620307445526123,0.42665737867355347,0.5045720338821411,-0.5006576776504517,-0.62345290184021,0.3817767798900604
134,0.4524160623550415,-0.3883044719696045,-0.48261338472366333,0.4224749505519867,0.5303139686584473,-0.4764971435070038,-0.6164913773536682,0.39031973481178284
135,0.45388513803482056,-0.3862687945365906,-0.4832303524017334,0.42062461376190186,0.5520212650299072,-0.45547807216644287,-0.599689245223999,0.4078100621700287
136,0.4544103741645813,-0.3887729048728943,-0.48837530612945557,0.4237934350967407,0.5426362752914429,-0.46640971302986145,-0.5980192422866821,0.4110267460346222
137,0.45482730865478516,-0.39046525955200195,-0.48942750692367554,0.4250492453575134,0.5253705978393555,-0.47661834955215454,-0.6095434427261353,0.39244547486305237
138,0.45507872104644775,-0.3899555802345276,-0.4863355755805969,0.4242280125617981,0.53650963306427,-0.4637627601623535,-0.5956169962882996,0.40465542674064636
139,0.45426249504089355,-0.38891831040382385,-0.485227108001709,0.424221932888031,0.5483136773109436,-0.46491947770118713,-0.5979803800582886,0.4152527451515198
140,0.45455795526504517,-0.390400767326355,-0.4883774518966675,0.42557454109191895,0.5428971648216248,-0.47457316517829895,-0.6041788458824158,0.4132915139198303
141,0.4545614719390869,-0.3898603618144989,-0.4863826632499695,0.42462158203125,0.5258112549781799,-0.47161877155303955,-0.6041377186775208,0.3932923376560211
142,0.4575071930885315,-0.39054229855537415,-0.48522716760635376,0.42564210295677185,0.5625641942024231,-0.438335657119751,-0.5793136358261108,0.42158618569374084
143,0.45672446489334106,-0.3919336199760437,-0.48602908849716187,0.43021300435066223,0.5733339190483093,-0.4405561089515686,-0.553646981716156,0.46024301648139954
144,0.45403391122817993,-0.3933051824569702,-0.488505482673645,0.4312741160392761,0.539496660232544,-0.48028433322906494,-0.5930908918380737,0.42669013142585754
145,0.45416510105133057,-0.3937251567840576,-0.4866083860397339,0.4293133318424225,0.5180796980857849,-0.48017436265945435,-0.6021863222122192,0.39606773853302
146,0.4543344974517822,-0.38980239629745483,-0.4793906807899475,0.425959974527359,0.5490896105766296,-0.4469130337238312,-0.585026204586029,0.41097643971443176
147,0.45787912607192993,-0.39020299911499023,-0.4818229079246521,0.42770200967788696,0.5989747643470764,-0.402073472738266,-0.5367474555969238,0.46430081129074097
148,0.4584801197052002,-0.3938220143318176,-0.48451000452041626,0.4341820776462555,0.6129082441329956,-0.40659794211387634,-0.5239658355712891,0.4955403208732605
149,0.458604097366333,-0.39968591928482056,-0.4881739020347595,0.4410600960254669,0.575748860836029,-0.4428088665008545,-0.5464904308319092,0.472067266702652
150,0.4507368803024292,-0.4040568470954895,-0.48560571670532227,0.4483557343482971,0.47803232073783875,-0.5247026681900024,-0.5100542902946472,0.4926806688308716
151,0.4513271450996399,-0.39861229062080383,-0.47864240407943726,0.44306376576423645,0.5182221531867981,-0.49962136149406433,-0.540892481803894,0.476951003074646
152,0.4507080912590027,-0.3944631814956665,-0.47570329904556274,0.4375876188278198,0.6000173091888428,-0.4224299490451813,-0.4995192885398865,0.5229279398918152
153,0.4496026635169983,-0.394336074590683,-0.4719083905220032,0.43928542733192444,0.6019107103347778,-0.42978203296661377,-0.5227551460266113,0.5089375972747803
154,0.45305025577545166,-0.4002249836921692,-0.4825959801673889,0.4423152804374695,0.5472009181976318,-0.46309807896614075,-0.5775431394577026,0.4327559173107147
155,0.45442843437194824,-0.39637625217437744,-0.47792696952819824,0.43362951278686523,0.5299598574638367,-0.4636787176132202,-0.617883563041687,0.3757550120353699
156,0.4583144187927246,-0.39086562395095825,-0.47714561223983765,0.4262922406196594,0.5845960378646851,-0.4111562669277191,-0.5993933081626892,0.39635899662971497
157,0.4608973264694214,-0.3892590403556824,-0.48172998428344727,0.4248583912849426,0.6140448451042175,-0.3938823938369751,-0.5654418468475342,0.44248539209365845
158,0.461653470993042,-0.3940769135951996,-0.4908449649810791,0.4309869706630707,0.5812720656394958,-0.42694827914237976,-0.5711666345596313,0.4370536804199219
159,0.45876413583755493,-0.3973228931427002,-0.4921613335609436,0.4339846670627594,0.5229399800300598,-0.4757539927959442,-0.5897071361541748,0.40898680686950684
160,0.4560014605522156,-0.3953624963760376,-0.48506784439086914,0.4324233829975128,0.5195178389549255,-0.472486674785614,-0.5611211061477661,0.4308834373950958
161,0.4515431523323059,-0.3929639458656311,-0.480360746383667,0.4338696599006653,0.5445979833602905,-0.4652137756347656,-0.5074430704116821,0.502368688583374
162,0.4439374804496765,-0.3954160213470459,-0.48298007249832153,0.44062140583992004,0.5087471008300781,-0.5139695405960083,-0.5006150007247925,0.522101640701294
163,0.43871885538101196,-0.4012210965156555,-0.48088568449020386,0.4492443799972534,0.4564443826675415,-0.5718185305595398,-0.5003373026847839,0.5279256105422974
164,0.4370213747024536,-0.40310242772102356,-0.473483681678772,0.45357581973075867,0.4383990466594696,-0.5945807099342346,-0.48038986325263977,0.5525898933410645
165,0.4334295392036438,-0.4030529856681824,-0.47016096115112305,0.45510733127593994,0.4372212588787079,-0.6023483276367188,-0.465802401304245,0.5737671852111816
166,0.43217694759368896,-0.4055570363998413,-0.4692944884300232,0.4585677981376648,0.4530010521411896,-0.5938037037849426,-0.44122299551963806,0.6055817604064941
167,0.4299083352088928,-0.40922847390174866,-0.46736985445022583,0.4647250771522522,0.44294387102127075,-0.6045821309089661,-0.4215143024921417,0.6260117292404175
168,0.4286581873893738,-0.4130009114742279,-0.4663459062576294,0.4691298007965088,0.4225277006626129,-0.6203962564468384,-0.4106326401233673,0.632291316986084
169,0.4266550540924072,-0.4141683280467987,-0.46227961778640747,0.4704362154006958,0.41134482622146606,-0.6244280934333801,-0.39740225672721863,0.6383706331253052
170,0.42185771465301514,-0.41333264112472534,-0.45751553773880005,0.4690070152282715,0.39602553844451904,-0.6311454772949219,-0.3896453082561493,0.637525737285614
171,0.41764914989471436,-0.41323134303092957,-0.4541674256324768,0.4681719243526459,0.3878290057182312,-0.6364195942878723,-0.3756064772605896,0.6486421227455139
172,0.41459745168685913,-0.4131530225276947,-0.4509163498878479,0.4680052697658539,0.38888680934906006,-0.6348463892936707,-0.35930755734443665,0.6644256711006165
173,0.41060876846313477,-0.4124378561973572,-0.44834470748901367,0.46664783358573914,0.37449145317077637,-0.6426693797111511,-0.35828933119773865,0.6588715314865112
174,0.4082608222961426,-0.413854718208313,-0.44565755128860474,0.4677160382270813,0.3714558780193329,-0.6413707137107849,-0.33976292610168457,0.6730636954307556
175,0.4060978293418884,-0.4135321378707886,-0.44224703311920166,0.46757417917251587,0.37785905599594116,-0.6356930136680603,-0.33269432187080383,0.6808577179908752
176,0.4038771986961365,-0.4140480160713196,-0.44162702560424805,0.4673454761505127,0.3773817718029022,-0.629942774772644,-0.32056260108947754,0.6867619156837463
177,0.4029983878135681,-0.41446155309677124,-0.43837809562683105,0.46677565574645996,0.3847273588180542,-0.6183681488037109,-0.3124425411224365,0.6906529664993286
178,0.40143585205078125,-0.41413652896881104,-0.43655312061309814,0.4659803807735443,0.3824179470539093,-0.6142890453338623,-0.3138980269432068,0.6828089356422424
179,0.3983815312385559,-0.413605660200119,-0.43501460552215576,0.4648735523223877,0.36004212498664856,-0.6402499675750732,-0.3300846517086029,0.6702074408531189
180,0.3984490633010864,-0.41141247749328613,-0.43337833881378174,0.46204015612602234,0.3634357154369354,-0.643661618232727,-0.34900161623954773,0.65809565782547
181,0.3979700207710266,-0.4069986343383789,-0.4322793483734131,0.4573100805282593,0.36297541856765747,-0.6417955160140991,-0.36393406987190247,0.6408368945121765
182,0.4008404016494751,-0.4051416516304016,-0.433003306388855,0.45428308844566345,0.3857114315032959,-0.6135646104812622,-0.35772255063056946,0.641553521156311
183,0.403045117855072,-0.40421581268310547,-0.4356303811073303,0.454174280166626,0.4018952250480652,-0.601744532585144,-0.36243125796318054,0.6412084698677063
184,0.40466511249542236,-0.40498000383377075,-0.4389039874076843,0.4549350142478943,0.3990655541419983,-0.6024107336997986,-0.36727795004844666,0.6341983675956726
185,0.4064539074897766,-0.4052441120147705,-0.4385855793952942,0.45508843660354614,0.3982033431529999,-0.5990859270095825,-0.36250191926956177,0.6347873210906982
186,0.40631675720214844,-0.4051933288574219,-0.43926411867141724,0.4555322825908661,0.3888755142688751,-0.6063867211341858,-0.3627670109272003,0.6324952244758606
187,0.4055340886116028,-0.40400493144989014,-0.43880748748779297,0.45354411005973816,0.38943371176719666,-0.6036126613616943,-0.3690795600414276,0.6239668130874634
188,0.4042777419090271,-0.401850163936615,-0.4375498294830322,0.45088714361190796,0.39066654443740845,-0.6071370840072632,-0.383876770734787,0.613926887512207
189,0.40399307012557983,-0.3997114300727844,-0.43785661458969116,0.44803598523139954,0.3873032331466675,-0.6155189275741577,-0.4094933867454529,0.5933287143707275
190,0.40591108798980713,-0.39814725518226624,-0.43946152925491333,0.4461336135864258,0.39158183336257935,-0.6170139908790588,-0.42542824149131775,0.5831676125526428
191,0.4095489978790283,-0.39780178666114807,-0.4424601197242737,0.44642990827560425,0.40422970056533813,-0.6081339716911316,-0.42465707659721375,0.5877066254615784
192,0.41146665811538696,-0.39770519733428955,-0.4461120367050171,0.44670432806015015,0.40399929881095886,-0.6019351482391357,-0.42819544672966003,0.5777390599250793
193,0.41376858949661255,-0.39806950092315674,-0.44834989309310913,0.4465702772140503,0.41676947474479675,-0.5872129797935486,-0.4313257038593292,0.5726567506790161
194,0.41417354345321655,-0.3969021439552307,-0.4485916495323181,0.44460269808769226,0.42197999358177185,-0.5813934803009033,-0.446179062128067,0.5571944117546082
195,0.41390347480773926,-0.3957270085811615,-0.4498896598815918,0.44217586517333984,0.4127177298069,-0.5915705561637878,-0.46582841873168945,0.5384598970413208
196,0.41579586267471313,-0.3942563533782959,-0.4515649676322937,0.4395453929901123,0.41122734546661377,-0.6013121008872986,-0.4875844717025757,0.5249549746513367
197,0.41956889629364014,-0.39342719316482544,-0.4547231197357178,0.4383337199687958,0.4252007305622101,-0.5939427018165588,-0.4862537384033203,0.532889723777771
198,0.423248827457428,-0.3936745524406433,-0.45789891481399536,0.4391087293624878,0.44382402300834656,-0.576676070690155,-0.4760141670703888,0.5444859266281128
199,0.4242638945579529,-0.3955097198486328,-0.4618716239929199,0.44178834557533264,0.4405262768268585,-0.5781031847000122,-0.48618099093437195,0.5324484705924988
200,0.4244193434715271,-0.39598822593688965,-0.46203553676605225,0.44158440828323364,0.42631688714027405,-0.5768112540245056,-0.491010844707489,0.512117326259613
201,0.4225521683692932,-0.393660306930542,-0.45947325229644775,0.43844515085220337,0.4139612913131714,-0.5849317312240601,-0.4997802972793579,0.49911272525787354
202,0.42170870304107666,-0.3918159008026123,-0.4597738981246948,0.43583953380584717,0.41417694091796875,-0.5872548222541809,-0.4961741864681244,0.5052576065063477
203,0.42183154821395874,-0.3908427655696869,-0.4591236710548401,0.4351738691329956,0.4268980920314789,-0.5772190690040588,-0.4703979790210724,0.5337191224098206
204,0.42302238941192627,-0.3920120596885681,-0.45919269323349,0.4373241066932678,0.44767171144485474,-0.5533324480056763,-0.4468269944190979,0.5541771650314331
205,0.4218928813934326,-0.3936309218406677,-0.45846718549728394,0.439130038022995,0.4552697241306305,-0.5420122146606445,-0.4543902575969696,0.5428916215896606
206,0.41872984170913696,-0.3947610855102539,-0.455954909324646,0.44002291560173035,0.4285936653614044,-0.5575065016746521,-0.4641398787498474,0.5219603180885315
207,0.41985541582107544,-0.3939412832260132,-0.4530189633369446,0.43842893838882446,0.4345720112323761,-0.5600064992904663,-0.4625345766544342,0.5320439338684082
208,0.41853147745132446,-0.39244478940963745,-0.45367032289505005,0.4377215802669525,0.42804694175720215,-0.5711795091629028,-0.4656992554664612,0.5335271954536438
209,0.41964608430862427,-0.39287200570106506,-0.4548647403717041,0.4377264976501465,0.43744200468063354,-0.5667556524276733,-0.45782989263534546,0.5463677048683167
210,0.4220292568206787,-0.3938102126121521,-0.45489203929901123,0.4393640160560608,0.4553522765636444,-0.5466617941856384,-0.4468257427215576,0.5551883578300476
211,0.4217240810394287,-0.39588606357574463,-0.45553553104400635,0.44257503747940063,0.4547998905181885,-0.5403110384941101,-0.4326811134815216,0.5624298453330994
212,0.4223373532295227,-0.39783814549446106,-0.45466023683547974,0.44514399766921997,0.45973265171051025,-0.5329789519309998,-0.4221661686897278,0.5705454349517822
213,0.42009299993515015,-0.3984113335609436,-0.4530273675918579,0.4465600848197937,0.45041367411613464,-0.5420445203781128,-0.4224643111228943,0.5699939131736755
214,0.4181147813796997,-0.39749452471733093,-0.4505411982536316,0.44469785690307617,0.4404890537261963,-0.5498020052909851,-0.43369990587234497,0.5565911531448364
215,0.417468786239624,-0.3964051604270935,-0.44925957918167114,0.44292980432510376,0.4409012496471405,-0.5574156641960144,-0.4438624978065491,0.5544544458389282
216,0.4183318018913269,-0.3955361247062683,-0.4495146870613098,0.4417375922203064,0.44379210472106934,-0.5545263290405273,-0.4409742057323456,0.5573441982269287
217,0.4195318818092346,-0.3960888385772705,-0.4510071873664856,0.4429579973220825,0.44936221837997437,-0.5504698157310486,-0.42922475934028625,0.5706073045730591
218,0.4200352430343628,-0.3976449966430664,-0.45230746269226074,0.44564512372016907,0.44792306423187256,-0.5456847548484802,-0.4180557131767273,0.5755521059036255
219,0.41916996240615845,-0.398024320602417,-0.45114850997924805,0.4459571838378906,0.44956251978874207,-0.541189432144165,-0.41773316264152527,0.5730187892913818
220,0.416714608669281,-0.39712244272232056,-0.44917720556259155,0.4443197250366211,0.4397810697555542,-0.5476850867271423,-0.432951956987381,0.5545142292976379
221,0.4142070412635803,-0.39465171098709106,-0.4471973180770874,0.44001686573028564,0.42194271087646484,-0.5622321963310242,-0.45552030205726624,0.5286545753479004
222,0.4142496585845947,-0.39288681745529175,-0.44795215129852295,0.43734604120254517,0.41799208521842957,-0.5823163390159607,-0.47299179434776306,0.5273166298866272
223,0.41645729541778564,-0.3914802074432373,-0.4504811763763428,0.435790479183197,0.42055556178092957,-0.5829612016677856,-0.46981915831565857,0.5336976051330566
224,0.41911619901657104,-0.39162924885749817,-0.452767014503479,0.43648073077201843,0.4344252049922943,-0.5649487972259521,-0.44895580410957336,0.5504181981086731
225,0.41953861713409424,-0.39332544803619385,-0.4543682932853699,0.4393307566642761,0.4375777542591095,-0.5495065450668335,-0.43652212619781494,0.5505621433258057
226,0.4164198040962219,-0.39397239685058594,-0.4532865285873413,0.4398212730884552,0.4242519438266754,-0.5575293898582458,-0.44623318314552307,0.5355481505393982
227,0.41464024782180786,-0.3930765390396118,-0.4502679705619812,0.4379180073738098,0.41673922538757324,-0.5647252798080444,-0.4502689242362976,0.5311955809593201
228,0.4131624102592468,-0.39109188318252563,-0.4486067295074463,0.4355834722518921,0.4149862229824066,-0.5822770595550537,-0.46415290236473083,0.5331103801727295
229,0.4151839017868042,-0.39116358757019043,-0.45074838399887085,0.43549221754074097,0.42217904329299927,-0.5800268650054932,-0.45985960960388184,0.5423462986946106
230,0.41644829511642456,-0.3910168707370758,-0.4509139657020569,0.43574100732803345,0.4245334267616272,-0.5692257881164551,-0.45246371626853943,0.5412955284118652
231,0.4177316427230835,-0.39311665296554565,-0.4532008171081543,0.43853870034217834,0.4320521056652069,-0.5627389550209045,-0.4484436810016632,0.5463473796844482
232,0.4168349504470825,-0.3943336308002472,-0.4537126421928406,0.44054141640663147,0.4249863922595978,-0.5751243829727173,-0.4549325406551361,0.545178234577179
233,0.41760188341140747,-0.3943861424922943,-0.4529200792312622,0.4402228593826294,0.4254456162452698,-0.5725997090339661,-0.4495793879032135,0.5484659075737
234,0.41708678007125854,-0.3940063714981079,-0.45172250270843506,0.44042378664016724,0.42189088463783264,-0.5716595649719238,-0.44402751326560974,0.5495229363441467
235,0.41858047246932983,-0.3946459889411926,-0.4514583945274353,0.4409211277961731,0.4399459958076477,-0.5459172129631042,-0.41959840059280396,0.566264808177948
236,0.416744589805603,-0.39429956674575806,-0.4492614269256592,0.4409797489643097,0.44867783784866333,-0.533275842666626,-0.4128699004650116,0.5690837502479553
237,0.4128309488296509,-0.39451825618743896,-0.4488087296485901,0.4404832422733307,0.4274229407310486,-0.5551003217697144,-0.4417092204093933,0.5408141016960144
238,0.410642147064209,-0.39299970865249634,-0.4471701383590698,0.4372948706150055,0.3999612331390381,-0.5926330089569092,-0.48181191086769104,0.5107823014259338
239,0.4120561480522156,-0.3906514048576355,-0.4475998878479004,0.4345332384109497,0.3899570405483246,-0.613652765750885,-0.4892905652523041,0.5143192410469055
240,0.41724616289138794,-0.3894275426864624,-0.4506102204322815,0.43393293023109436,0.4190835952758789,-0.5860452651977539,-0.4567974805831909,0.5483313798904419
241,0.4209080934524536,-0.3923305869102478,-0.45482879877090454,0.43887293338775635,0.45443403720855713,-0.5459099411964417,-0.41310355067253113,0.5872403979301453
242,0.4204145669937134,-0.39619284868240356,-0.4549240469932556,0.4439944326877594,0.46429184079170227,-0.5145605802536011,-0.3937669098377228,0.5850855112075806
243,0.4149043560028076,-0.3979288339614868,-0.45055198669433594,0.44564688205718994,0.43772634863853455,-0.5329780578613281,-0.4152391254901886,0.5554652810096741
244,0.41226494312286377,-0.3961672782897949,-0.44549673795700073,0.441770076751709,0.4218207895755768,-0.5564921498298645,-0.44374966621398926,0.5345632433891296
245,0.41079676151275635,-0.39146357774734497,-0.443290650844574,0.43555164337158203,0.41633719205856323,-0.5822353959083557,-0.47323817014694214,0.525334358215332
246,0.41299980878829956,-0.3897456228733063,-0.4473605155944824,0.43322864174842834,0.41239801049232483,-0.594253659248352,-0.4828977882862091,0.5237538814544678
247,0.41966789960861206,-0.3916727900505066,-0.4520646333694458,0.4362919330596924,0.43806758522987366,-0.570544421672821,-0.44694647192955017,0.5616655349731445
248,0.4236202836036682,-0.3946297764778137,-0.45524799823760986,0.44182920455932617,0.46593543887138367,-0.5297340750694275,-0.40914008021354675,0.5865294337272644
249,0.42108309268951416,-0.39790433645248413,-0.4554402232170105,0.4462507963180542,0.463558167219162,-0.5162816643714905,-0.4007568955421448,0.5790829062461853
250,0.4148181676864624,-0.39873915910720825,-0.4510921239852905,0.44663184881210327,0.42510735988616943,-0.5518958568572998,-0.4335283041000366,0.5434749126434326
251,0.4122850298881531,-0.39559972286224365,-0.4463961124420166,0.4410400986671448,0.40590351819992065,-0.5815776586532593,-0.4626314342021942,0.5248497128486633
252,0.41191571950912476,-0.39081695675849915,-0.4449285864830017,0.4354640245437622,0.407035231590271,-0.5941307544708252,-0.4735940396785736,0.527571976184845
253,0.41617244482040405,-0.3908695578575134,-0.4492844343185425,0.4356527626514435,0.42735669016838074,-0.5792666673660278,-0.44582799077033997,0.5607953071594238
254,0.42040717601776123,-0.39319854974746704,-0.45283329486846924,0.4395619034767151,0.4564005732536316,-0.5449047684669495,-0.42087069153785706,0.5804346799850464
255,0.4199356436729431,-0.3971159756183624,-0.45396560430526733,0.44517672061920166,0.45609772205352783,-0.5235291123390198,-0.3971327841281891,0.5824940204620361
256,0.4167216420173645,-0.39825910329818726,-0.44944941997528076,0.44620513916015625,0.44460657238960266,-0.5258473753929138,-0.4028462767601013,0.5676076412200928
257,0.4121822714805603,-0.39642906188964844,-0.44558435678482056,0.44309571385383606,0.4245181679725647,-0.5479691028594971,-0.4270930290222168,0.5453943014144897
258,0.4090670347213745,-0.39250779151916504,-0.4425821900367737,0.43700021505355835,0.40957915782928467,-0.5810618996620178,-0.46250292658805847,0.5281381607055664
259,0.41100919246673584,-0.39058494567871094,-0.4449537992477417,0.4345462918281555,0.40906476974487305,-0.5970490574836731,-0.47376686334609985,0.5323469638824463
260,0.41630786657333374,-0.3908831775188446,-0.44898033142089844,0.43567395210266113,0.4269779324531555,-0.5823981165885925,-0.453197717666626,0.5561783313751221
261,0.42072975635528564,-0.39371544122695923,-0.45311373472213745,0.44034963846206665,0.4488255977630615,-0.5448395609855652,-0.41510409116744995,0.5785610675811768
262,0.4198063611984253,-0.3971533179283142,-0.4538919925689697,0.4455122947692871,0.45496439933776855,-0.5299414396286011,-0.4018542468547821,0.5830515623092651
263,0.4169660210609436,-0.39909827709198,-0.45120012760162354,0.44753724336624146,0.4456111192703247,-0.5326513051986694,-0.40203094482421875,0.5762314796447754
264,0.41312187910079956,-0.39644473791122437,-0.4450145959854126,0.44323623180389404,0.4310102164745331,-0.5443108081817627,-0.422066867351532,0.5532541275024414
265,0.4102708697319031,-0.3940081000328064,-0.44366568326950073,0.43941062688827515,0.4145928919315338,-0.574690043926239,-0.4540117383003235,0.5352712273597717
266,0.4115835428237915,-0.3913629949092865,-0.44430047273635864,0.43534305691719055,0.4113256335258484,-0.5821161866188049,-0.4642912447452545,0.5291506052017212
267,0.4139729142189026,-0.3899543881416321,-0.44715040922164917,0.4339941442012787,0.4207683801651001,-0.5824783444404602,-0.46617382764816284,0.5370728969573975
268,0.41819900274276733,-0.39240026473999023,-0.45294928550720215,0.4375395178794861,0.4369902014732361,-0.5719242095947266,-0.45358461141586304,0.5553298592567444
269,0.420523464679718,-0.3945411443710327,-0.45424842834472656,0.44110387563705444,0.4445023238658905,-0.5490978956222534,-0.42426782846450806,0.5693323612213135
270,0.41933315992355347,-0.39641523361206055,-0.45265811681747437,0.4442451298236847,0.44019174575805664,-0.5317686200141907,-0.40037113428115845,0.5715892314910889
271,0.4046768546104431,-0.40682852268218994,-0.45112407207489014,0.4603745937347412,0.26188477873802185,-0.642890214920044,-0.2631947696208954,0.6415802240371704
272,0.3834165334701538,-0.40920042991638184,-0.4355199933052063,0.46402740478515625,0.15814484655857086,-0.6476114392280579,-0.13667677342891693,0.6690795421600342
273,0.3467111587524414,-0.3989237844944,-0.4089624881744385,0.4435272514820099,0.0965503677725792,-0.6058745980262756,-0.08704178780317307,0.6153832077980042
274,0.3120418190956116,-0.38370615243911743,-0.3658541440963745,0.4038766622543335,0.11705698072910309,-0.5090306401252747,-0.04677826538681984,0.579309344291687
275,0.28735607862472534,-0.36259064078330994,-0.3305302858352661,0.3644633889198303,0.13541468977928162,-0.4544488191604614,-0.060824234038591385,0.5290392637252808
276,0.2743672728538513,-0.3429468274116516,-0.310227632522583,0.3368838429450989,0.1641324907541275,-0.40501755475997925,-0.07389485090970993,0.4952552020549774
277,0.26674556732177734,-0.3256518840789795,-0.29805833101272583,0.31948262453079224,0.171965554356575,-0.4067525863647461,-0.12236575037240982,0.4563524127006531
278,0.27072572708129883,-0.31925708055496216,-0.2987351417541504,0.3162233531475067,0.24112211167812347,-0.3711116909980774,-0.13235127925872803,0.47988250851631165
279,0.2771557569503784,-0.31244009733200073,-0.3029724657535553,0.3154452443122864,0.2719779908657074,-0.38142043352127075,-0.18697011470794678,0.46642830967903137
280,0.2896803617477417,-0.3160581588745117,-0.3184049129486084,0.32260578870773315,0.28562355041503906,-0.4128795862197876,-0.2533203959465027,0.445182740688324
281,0.30601322650909424,-0.32010698318481445,-0.33206576108932495,0.3317897915840149,0.30215969681739807,-0.43635717034339905,-0.2993607819080353,0.43915608525276184
282,0.32384735345840454,-0.3250853419303894,-0.34890466928482056,0.3406640887260437,0.3448789417743683,-0.43436065316200256,-0.32344257831573486,0.455797016620636
283,0.3448141813278198,-0.3337472379207611,-0.3679470419883728,0.35448771715164185,0.42843255400657654,-0.4065212309360504,-0.33273249864578247,0.5022212862968445
284,0.3642621636390686,-0.34574300050735474,-0.3869699239730835,0.3715951442718506,0.47869306802749634,-0.4073655903339386,-0.3702962100505829,0.515762448310852
285,0.38346952199935913,-0.3598679304122925,-0.4054562449455261,0.3885706067085266,0.4998108148574829,-0.4275485873222351,-0.4228719174861908,0.5044874548912048
286,0.4023021459579468,-0.37135690450668335,-0.4213215708732605,0.40389859676361084,0.5206155776977539,-0.44530966877937317,-0.467384934425354,0.4985402822494507
287,0.4166935682296753,-0.3789113461971283,-0.4372892379760742,0.41530945897102356,0.5219143629074097,-0.4669855237007141,-0.499850332736969,0.4890495538711548
288,0.4329281449317932,-0.38609665632247925,-0.4524790644645691,0.4247804284095764,0.5615589618682861,-0.4555748999118805,-0.505255401134491,0.5118784308433533
289,0.4448390603065491,-0.39237380027770996,-0.46430885791778564,0.4350737929344177,0.5921196341514587,-0.4367861747741699,-0.5013331770896912,0.5275726318359375
290,0.4501715302467346,-0.3975890874862671,-0.4729987382888794,0.44200459122657776,0.5862634181976318,-0.44372013211250305,-0.5321153402328491,0.49786821007728577
291,0.45349687337875366,-0.4007972180843353,-0.4787079691886902,0.4436997175216675,0.5521906614303589,-0.46635621786117554,-0.5672302842140198,0.4513165354728699
292,0.45560222864151,-0.39918023347854614,-0.4783710241317749,0.43999814987182617,0.5445473194122314,-0.46306112408638,-0.5690620541572571,0.43854638934135437
293,0.4578527808189392,-0.3968490958213806,-0.4801343083381653,0.4375027120113373,0.5804963707923889,-0.4438972771167755,-0.5571126937866211,0.46728095412254333
294,0.45575809478759766,-0.395427942276001,-0.48495739698410034,0.43585097789764404,0.5608373284339905,-0.46697425842285156,-0.5837331414222717,0.4440784156322479
295,0.4553300142288208,-0.3959592580795288,-0.48711156845092773,0.43344390392303467,0.5263034105300903,-0.4863363206386566,-0.6067665815353394,0.40587317943573
296,0.4567813277244568,-0.3948556184768677,-0.48482370376586914,0.43202048540115356,0.5328136086463928,-0.4767266809940338,-0.5939659476280212,0.415574312210083
297,0.457557737827301,-0.3928481936454773,-0.4855351448059082,0.43096593022346497,0.5632005333900452,-0.45758646726608276,-0.5763654708862305,0.44442152976989746
298,0.4578121304512024,-0.3932020962238312,-0.4882739186286926,0.4316222667694092,0.575315535068512,-0.45133212208747864,-0.5789456367492676,0.44770199060440063
299,0.45542192459106445,-0.39398908615112305,-0.488681435585022,0.4315294325351715,0.5295926332473755,-0.478757381439209,-0.6061474680900574,0.4022026062011719
300,0.45659369230270386,-0.3947718143463135,-0.4870356321334839,0.43074285984039307,0.5249133110046387,-0.4761574864387512,-0.5975022912025452,0.4035685658454895
301,0.45781707763671875,-0.3928373456001282,-0.4845154881477356,0.4307056665420532,0.5660459399223328,-0.44991084933280945,-0.5637256503105164,0.45223113894462585
302,0.4564366340637207,-0.39150625467300415,-0.48618829250335693,0.43016260862350464,0.5752606391906738,-0.4437235891819,-0.5691441297531128,0.44984006881713867
303,0.4551240801811218,-0.39476025104522705,-0.4882305860519409,0.4327142834663391,0.5465704798698425,-0.469311386346817,-0.5866294503211975,0.42925241589546204
304,0.4549208879470825,-0.39540886878967285,-0.4857167601585388,0.4330146908760071,0.5187824368476868,-0.4859716296195984,-0.5933389663696289,0.41141512989997864
305,0.45559918880462646,-0.3924860954284668,-0.4832956790924072,0.42959195375442505,0.5446378588676453,-0.4592902660369873,-0.580673098564148,0.423255056142807
306,0.4562579393386841,-0.3917688727378845,-0.48334944248199463,0.4300485849380493,0.5831876397132874,-0.43764424324035645,-0.5578307509422302,0.4630010724067688
307,0.4543687701225281,-0.39244478940963745,-0.4859306812286377,0.43107569217681885,0.5538972616195679,-0.46227800846099854,-0.586262047290802,0.4299132525920868
308,0.4562525749206543,-0.39610132575035095,-0.48747003078460693,0.4332270622253418,0.5390846729278564,-0.4702112674713135,-0.5828949809074402,0.42640092968940735
309,0.45599353313446045,-0.39439281821250916,-0.4835928678512573,0.43287867307662964,0.5396400690078735,-0.47147053480148315,-0.5796194672584534,0.4314911663532257
310,0.4525129199028015,-0.3919374346733093,-0.48530060052871704,0.42942073941230774,0.5230799317359924,-0.4830917716026306,-0.5918814539909363,0.41429024934768677
311,0.4481315612792969,-0.3964410424232483,-0.4848630428314209,0.4382084012031555,0.48944970965385437,-0.5131789445877075,-0.4848582148551941,0.5177704691886902
312,0.4496995806694031,-0.3950269818305969,-0.48238688707351685,0.4395623207092285,0.544233500957489,-0.5089150071144104,-0.5365887880325317,0.5165596604347229
313,0.44174158573150635,-0.39507758617401123,-0.48599326610565186,0.43700307607650757,0.4947264790534973,-0.5302601456642151,-0.5887921452522278,0.436194509267807
314,0.446006178855896,-0.3910636901855469,-0.4702705144882202,0.42818012833595276,0.5156431794166565,-0.4850938618183136,-0.580498218536377,0.4202388525009155
315,0.45644617080688477,-0.3919227719306946,-0.4760136604309082,0.4318156838417053,0.6000569462776184,-0.4136860966682434,-0.5457128286361694,0.46803018450737
316,0.4565276503562927,-0.39158934354782104,-0.48213958740234375,0.43157464265823364,0.6145917177200317,-0.4089874029159546,-0.56812584400177,0.45545321702957153
317,0.4575045108795166,-0.3946015238761902,-0.487886905670166,0.4300762414932251,0.5553775429725647,-0.45165422558784485,-0.6358292698860168,0.3712025582790375
318,0.46144604682922363,-0.39541691541671753,-0.48616814613342285,0.42799150943756104,0.5341089963912964,-0.45134103298187256,-0.6219354867935181,0.3635145127773285
319,0.46543633937835693,-0.3927569091320038,-0.48441553115844727,0.4286937117576599,0.6014281511306763,-0.40400418639183044,-0.5566157698631287,0.44881656765937805
320,0.46430152654647827,-0.3941498398780823,-0.49116796255111694,0.4340839982032776,0.6227119565010071,-0.40239500999450684,-0.5261472463607788,0.4989597499370575
321,0.4610079526901245,-0.4002760648727417,-0.4931733012199402,0.44203269481658936,0.5787792801856995,-0.44040176272392273,-0.5283213257789612,0.490859717130661
322,0.45741868019104004,-0.40453189611434937,-0.4882383942604065,0.4481772184371948,0.5298894047737122,-0.48553818464279175,-0.5313407778739929,0.484086811542511
323,0.4497777223587036,-0.40198445320129395,-0.48159635066986084,0.4478059411048889,0.48473426699638367,-0.5228394865989685,-0.5187646746635437,0.4888090491294861
324,0.44470763206481934,-0.39914658665657043,-0.4760461449623108,0.4456890821456909,0.49395257234573364,-0.5235005617141724,-0.48764413595199585,0.5298089981079102
325,0.4435347318649292,-0.40232834219932556,-0.47533488273620605,0.4523262679576874,0.5292743444442749,-0.5119470953941345,-0.430806040763855,0.6104154586791992
326,0.43767762184143066,-0.4081175923347473,-0.47532153129577637,0.46246224641799927,0.4964441955089569,-0.5598856210708618,-0.4424641728401184,0.6138656735420227
327,0.4348805546760559,-0.41377854347229004,-0.474967360496521,0.4681161642074585,0.43820226192474365,-0.6182721257209778,-0.48051464557647705,0.5759597420692444
328,0.43413496017456055,-0.4112377166748047,-0.46670001745224,0.46489420533180237,0.4172613322734833,-0.6289991736412048,-0.49216970801353455,0.5540907382965088
329,0.43576478958129883,-0.4073179364204407,-0.4650228023529053,0.46027952432632446,0.4582177400588989,-0.5922135710716248,-0.46385201811790466,0.5865793228149414
330,0.43882936239242554,-0.40882608294487,-0.46925872564315796,0.4628508985042572,0.5143721699714661,-0.5494616627693176,-0.42196765542030334,0.641866147518158
331,0.43677544593811035,-0.4153987765312195,-0.47312575578689575,0.4732547998428345,0.4912293553352356,-0.5674536228179932,-0.4006362855434418,0.6580466628074646
332,0.4348873496055603,-0.4197603762149811,-0.471884548664093,0.47692567110061646,0.43996673822402954,-0.6100271940231323,-0.4301312267780304,0.6198626756668091
333,0.43247538805007935,-0.41739359498023987,-0.4654366970062256,0.4731013774871826,0.424983412027359,-0.6248149871826172,-0.4575349688529968,0.592263400554657
334,0.4298331141471863,-0.4113314747810364,-0.45904022455215454,0.46598750352859497,0.4359050989151001,-0.6082276105880737,-0.44719183444976807,0.5969408750534058
335,0.4293191432952881,-0.40924376249313354,-0.4602617025375366,0.464041531085968,0.4519820213317871,-0.5897995829582214,-0.4227795898914337,0.6190020442008972
336,0.42843472957611084,-0.41113966703414917,-0.46264326572418213,0.46684545278549194,0.4440085291862488,-0.5794966220855713,-0.3894728124141693,0.6340323686599731
337,0.42582541704177856,-0.41316357254981995,-0.46105068922042847,0.46892088651657104,0.43604761362075806,-0.5978281497955322,-0.3893500864505768,0.6445256471633911
338,0.4221827983856201,-0.41406476497650146,-0.45857667922973633,0.4693814516067505,0.4103940725326538,-0.6243594288825989,-0.3983621299266815,0.6363913416862488
339,0.4193029999732971,-0.4117186665534973,-0.45276397466659546,0.46535831689834595,0.39763331413269043,-0.6357586979866028,-0.4048363268375397,0.6285556554794312
340,0.41808241605758667,-0.41042664647102356,-0.4514145851135254,0.46422067284584045,0.39545732736587524,-0.6330457329750061,-0.4006626307964325,0.6278403997421265
341,0.41674983501434326,-0.4093626141548157,-0.4503784775733948,0.4629395008087158,0.40205973386764526,-0.6170306205749512,-0.3820832073688507,0.6370071172714233
342,0.4149567484855652,-0.40889352560043335,-0.4498940110206604,0.46230918169021606,0.40564417839050293,-0.6137873530387878,-0.37989649176597595,0.6395350098609924
343,0.4130079746246338,-0.4093036651611328,-0.44874054193496704,0.4621013402938843,0.3979853391647339,-0.6120569109916687,-0.3720936179161072,0.6379486322402954
344,0.4108509421348572,-0.40783989429473877,-0.44527721405029297,0.45967936515808105,0.3893069326877594,-0.620714008808136,-0.38075047731399536,0.6292704343795776
345,0.4081830382347107,-0.4066050350666046,-0.4447481036186218,0.45790180563926697,0.3695300817489624,-0.6401594281196594,-0.3956332206726074,0.6140562891960144
346,0.40708184242248535,-0.40472686290740967,-0.4429360032081604,0.45529210567474365,0.3663092255592346,-0.6469297409057617,-0.3982391953468323,0.6149997711181641
347,0.4085943102836609,-0.4042310118675232,-0.44330406188964844,0.45536646246910095,0.38725802302360535,-0.6284845471382141,-0.3787752091884613,0.6369673609733582
348,0.4095197916030884,-0.4052102565765381,-0.44446223974227905,0.4570757746696472,0.40435725450515747,-0.6051134467124939,-0.3553321063518524,0.6541386246681213
349,0.40772587060928345,-0.4055384397506714,-0.4434158205986023,0.4566739797592163,0.39168864488601685,-0.5951882600784302,-0.3577544093132019,0.6291224956512451
350,0.4043195843696594,-0.4043115973472595,-0.4404042363166809,0.453877329826355,0.37363967299461365,-0.6176047325134277,-0.39178842306137085,0.5994559526443481
351,0.4018721580505371,-0.4001362919807434,-0.4381970763206482,0.44812580943107605,0.35957446694374084,-0.6514001488685608,-0.4415905773639679,0.5693840384483337
352,0.4045371413230896,-0.395715594291687,-0.4388403296470642,0.4432075023651123,0.37906771898269653,-0.6453655362129211,-0.45359644293785095,0.5708367824554443
353,0.412932813167572,-0.3958219885826111,-0.44485217332839966,0.4441744387149811,0.42643284797668457,-0.608356237411499,-0.43564391136169434,0.5991451740264893
354,0.4216497540473938,-0.40063101053237915,-0.45324480533599854,0.4509428143501282,0.47060179710388184,-0.5535599589347839,-0.3968506455421448,0.627311110496521
355,0.4238354563713074,-0.4044593572616577,-0.4550970792770386,0.45610982179641724,0.48011893033981323,-0.5195850729942322,-0.3867723345756531,0.6129316687583923
356,0.4211690425872803,-0.4061967134475708,-0.45395582914352417,0.45674943923950195,0.4599408805370331,-0.5338912010192871,-0.4185332953929901,0.5752987861633301
357,0.4176406264305115,-0.40289801359176636,-0.4502297043800354,0.45122578740119934,0.43128669261932373,-0.5760205388069153,-0.4709843397140503,0.5363228917121887
358,0.416867196559906,-0.39612650871276855,-0.44944483041763306,0.44142669439315796,0.41179269552230835,-0.6075199246406555,-0.519099771976471,0.5002129077911377
359,0.4214717745780945,-0.3927321434020996,-0.4554014205932617,0.43694353103637695,0.42459413409233093,-0.6188109517097473,-0.5380397439002991,0.5053653120994568
